ISO-10303-21;
HEADER;
FILE_DESCRIPTION (( 'STEP AP214' ),
    '1' );
FILE_NAME ('User Library-PTV09A-4.STEP',
    '2026-09-04T09:58:21',
    ( '' ),
    ( '' ),
    'SwSTEP 2.0',
    'SolidWorks 2022',
    '' );
FILE_SCHEMA (( 'AUTOMOTIVE_DESIGN' ));
ENDSEC;

DATA;
#1 = CARTESIAN_POINT ( 'NONE',  ( 4.700000000000000178, -6.799999999999999822, 1.750000000000000000 ) ) ;
#2 = ORIENTED_EDGE ( 'NONE', *, *, #496, .F. ) ;
#3 = PLANE ( 'NONE',  #5013 ) ;
#4 = EDGE_CURVE ( 'NONE', #3491, #4158, #3699, .T. ) ;
#5 = ORIENTED_EDGE ( 'NONE', *, *, #4675, .F. ) ;
#6 = CARTESIAN_POINT ( 'NONE',  ( 5.750000000000000000, -2.521681469282039956, -6.500000000000000000 ) ) ;
#7 = CARTESIAN_POINT ( 'NONE',  ( 5.650300081418199838, -8.506737538911771423, -1.000000000000000000 ) ) ;
#8 = CARTESIAN_POINT ( 'NONE',  ( 4.400000000000000355, -0.5999999999999999778, -5.500000000000000000 ) ) ;
#9 = ADVANCED_FACE ( 'NONE', ( #3637 ), #2237, .F. ) ;
#10 = EDGE_CURVE ( 'NONE', #1790, #3790, #1288, .T. ) ;
#11 = CARTESIAN_POINT ( 'NONE',  ( -5.650300081418210496, -6.799999999999999822, -2.750000000000000000 ) ) ;
#12 = VERTEX_POINT ( 'NONE', #441 ) ;
#13 = VECTOR ( 'NONE', #4160, 1000.000000000000000 ) ;
#14 = FACE_OUTER_BOUND ( 'NONE', #997, .T. ) ;
#15 = ORIENTED_EDGE ( 'NONE', *, *, #1272, .T. ) ;
#16 = VECTOR ( 'NONE', #3105, 1000.000000000000114 ) ;
#17 = VECTOR ( 'NONE', #3557, 1000.000000000000000 ) ;
#18 = PLANE ( 'NONE',  #947 ) ;
#19 = ORIENTED_EDGE ( 'NONE', *, *, #5310, .F. ) ;
#20 = ADVANCED_FACE ( 'NONE', ( #1716 ), #1253, .T. ) ;
#21 = AXIS2_PLACEMENT_3D ( 'NONE', #522, #2387, #2788 ) ;
#22 = CARTESIAN_POINT ( 'NONE',  ( 4.700000000000000178, 1.734723475976804570E-14, 5.500000000000000000 ) ) ;
#23 = EDGE_LOOP ( 'NONE', ( #142, #1173, #3113, #5515 ) ) ;
#24 = VERTEX_POINT ( 'NONE', #5038 ) ;
#25 = DIRECTION ( 'NONE',  ( 1.000000000000000000, 0.0000000000000000000, 0.0000000000000000000 ) ) ;
#26 = AXIS2_PLACEMENT_3D ( 'NONE', #87, #1952, #3840 ) ;
#27 = DIRECTION ( 'NONE',  ( -1.000000000000000000, 0.0000000000000000000, 0.0000000000000000000 ) ) ;
#28 = VECTOR ( 'NONE', #2998, 1000.000000000000000 ) ;
#29 = ORIENTED_EDGE ( 'NONE', *, *, #5109, .T. ) ;
#30 = CARTESIAN_POINT ( 'NONE',  ( 5.000000000000000000, -6.799999999999999822, 2.958228394578795321E-30 ) ) ;
#31 = EDGE_CURVE ( 'NONE', #760, #2560, #3208, .T. ) ;
#32 = CARTESIAN_POINT ( 'NONE',  ( 5.000000000000000000, -6.299999999999999822, 1.000000000000000000 ) ) ;
#33 = CARTESIAN_POINT ( 'NONE',  ( 5.310107702553530373, -8.356737538911771068, -1.000000000000000000 ) ) ;
#34 = CARTESIAN_POINT ( 'NONE',  ( 3.085872574535459822, -0.2999999999999999889, 4.247339220468489884 ) ) ;
#35 = DIRECTION ( 'NONE',  ( -2.331617575237644893E-16, 0.0000000000000000000, -1.000000000000000000 ) ) ;
#36 = DIRECTION ( 'NONE',  ( -1.208110992198138076E-15, -9.912705577010340341E-16, -1.000000000000000000 ) ) ;
#37 = DIRECTION ( 'NONE',  ( 0.0000000000000000000, 0.0000000000000000000, 1.000000000000000000 ) ) ;
#38 = VERTEX_POINT ( 'NONE', #836 ) ;
#39 = CARTESIAN_POINT ( 'NONE',  ( 5.400000000000000355, -2.871681469282044930, -6.700000000000000178 ) ) ;
#40 = PLANE ( 'NONE',  #5506 ) ;
#41 = APPLICATION_CONTEXT ( 'automotive_design' ) ;
#42 = VECTOR ( 'NONE', #3876, 1000.000000000000000 ) ;
#43 = DIRECTION ( 'NONE',  ( 0.0000000000000000000, -3.491481338843135327E-15, 1.000000000000000000 ) ) ;
#44 = FACE_BOUND ( 'NONE', #5263, .T. ) ;
#45 = CARTESIAN_POINT ( 'NONE',  ( 5.000000000000000000, -10.80000000000000071, -5.500000000000000000 ) ) ;
#46 = VERTEX_POINT ( 'NONE', #3270 ) ;
#47 = CYLINDRICAL_SURFACE ( 'NONE', #3435, 0.4999999999999995559 ) ;
#48 = EDGE_LOOP ( 'NONE', ( #3225, #2243, #3582, #1729 ) ) ;
#49 = EDGE_CURVE ( 'NONE', #2409, #2024, #2707, .T. ) ;
#50 = DIRECTION ( 'NONE',  ( 0.0000000000000000000, -9.912705577010330480E-16, -1.000000000000000000 ) ) ;
#51 = ORIENTED_EDGE ( 'NONE', *, *, #393, .T. ) ;
#52 = LINE ( 'NONE', #4317, #2770 ) ;
#53 = ORIENTED_EDGE ( 'NONE', *, *, #3088, .T. ) ;
#54 = ORIENTED_EDGE ( 'NONE', *, *, #3114, .T. ) ;
#55 = PLANE ( 'NONE',  #1601 ) ;
#56 = ADVANCED_FACE ( 'NONE', ( #5069 ), #3604, .F. ) ;
#57 = EDGE_CURVE ( 'NONE', #3608, #810, #866, .T. ) ;
#58 = VERTEX_POINT ( 'NONE', #4159 ) ;
#59 = DIRECTION ( 'NONE',  ( -1.000000000000000000, 3.452604976458695348E-15, 0.0000000000000000000 ) ) ;
#60 = CARTESIAN_POINT ( 'NONE',  ( 4.700000000000000178, -5.000000000000000000, 8.673617379884000762E-15 ) ) ;
#61 = FACE_OUTER_BOUND ( 'NONE', #940, .T. ) ;
#62 = DIRECTION ( 'NONE',  ( -0.8660254037844379305, -0.5000000000000011102, 0.0000000000000000000 ) ) ;
#63 = EDGE_CURVE ( 'NONE', #2627, #4923, #314, .T. ) ;
#64 = LINE ( 'NONE', #2691, #4191 ) ;
#65 = ORIENTED_EDGE ( 'NONE', *, *, #4904, .F. ) ;
#66 = CARTESIAN_POINT ( 'NONE',  ( 8.633125716401169214, -0.4172876490506605140, -1.000000000000000000 ) ) ;
#67 = DIRECTION ( 'NONE',  ( 0.0000000000000000000, 0.0000000000000000000, 1.000000000000000000 ) ) ;
#68 = VECTOR ( 'NONE', #3766, 1000.000000000000000 ) ;
#69 = ORIENTED_EDGE ( 'NONE', *, *, #1350, .T. ) ;
#70 = DIRECTION ( 'NONE',  ( -7.918798803893749680E-76, 2.282438357916019743E-61, -1.000000000000000000 ) ) ;
#71 = FACE_OUTER_BOUND ( 'NONE', #2811, .T. ) ;
#72 = AXIS2_PLACEMENT_3D ( 'NONE', #910, #2779, #4660 ) ;
#73 = CARTESIAN_POINT ( 'NONE',  ( 0.0000000000000000000, 5.000000000000000000, 0.0000000000000000000 ) ) ;
#74 = DIRECTION ( 'NONE',  ( -1.000000000000000000, 3.452604976458695348E-15, 0.0000000000000000000 ) ) ;
#75 = LINE ( 'NONE', #3795, #455 ) ;
#76 = ORIENTED_EDGE ( 'NONE', *, *, #2547, .T. ) ;
#77 = VECTOR ( 'NONE', #1111, 1000.000000000000000 ) ;
#78 = DIRECTION ( 'NONE',  ( 0.0000000000000000000, 0.0000000000000000000, 1.000000000000000000 ) ) ;
#79 = VERTEX_POINT ( 'NONE', #1814 ) ;
#80 = DIRECTION ( 'NONE',  ( 1.719580307488605342E-30, 0.0000000000000000000, -1.000000000000000000 ) ) ;
#81 = ORIENTED_EDGE ( 'NONE', *, *, #5526, .F. ) ;
#82 = DIRECTION ( 'NONE',  ( 0.0000000000000000000, -1.000000000000000000, 1.445602896647339508E-15 ) ) ;
#83 = VERTEX_POINT ( 'NONE', #2307 ) ;
#84 = EDGE_CURVE ( 'NONE', #4885, #5772, #2179, .T. ) ;
#85 = VERTEX_POINT ( 'NONE', #5190 ) ;
#86 = VERTEX_POINT ( 'NONE', #3298 ) ;
#87 = CARTESIAN_POINT ( 'NONE',  ( -10.10685834705772024, 4.400000000000045652, -5.000000000000000000 ) ) ;
#88 = EDGE_CURVE ( 'NONE', #2753, #164, #1016, .T. ) ;
#89 = EDGE_CURVE ( 'NONE', #4590, #5483, #470, .T. ) ;
#90 = AXIS2_PLACEMENT_3D ( 'NONE', #2704, #5978, #1745 ) ;
#91 = CARTESIAN_POINT ( 'NONE',  ( 4.400000000000000355, -0.5999999999999999778, 5.500000000000000000 ) ) ;
#92 = DIRECTION ( 'NONE',  ( -2.203438688951874737E-17, 1.000000000000000000, -9.912705577010340341E-16 ) ) ;
#93 = PRESENTATION_STYLE_ASSIGNMENT (( #3265 ) ) ;
#94 = AXIS2_PLACEMENT_3D ( 'NONE', #5905, #5345, #5370 ) ;
#95 = LINE ( 'NONE', #4702, #1284 ) ;
#96 = DIRECTION ( 'NONE',  ( 2.884168878298150180E-31, 8.260587980841940012E-17, 1.000000000000000000 ) ) ;
#97 = EDGE_CURVE ( 'NONE', #390, #727, #4740, .T. ) ;
#98 = ORIENTED_EDGE ( 'NONE', *, *, #3089, .F. ) ;
#99 = CYLINDRICAL_SURFACE ( 'NONE', #2972, 0.2999999999999999334 ) ;
#100 = AXIS2_PLACEMENT_3D ( 'NONE', #4687, #5547, #1327 ) ;
#101 = DIRECTION ( 'NONE',  ( -2.331617575237644893E-16, 1.000000000000000000, 3.491481338843135327E-15 ) ) ;
#102 = LINE ( 'NONE', #1964, #6008 ) ;
#103 = PRODUCT ( 'PTV09A-4.STEP', 'PTV09A-4.STEP', '', ( #3870 ) ) ;
#104 = VECTOR ( 'NONE', #5853, 1000.000000000000000 ) ;
#105 = LINE ( 'NONE', #4282, #1290 ) ;
#106 = VECTOR ( 'NONE', #3841, 1000.000000000000000 ) ;
#107 = ORIENTED_EDGE ( 'NONE', *, *, #49, .T. ) ;
#108 = CARTESIAN_POINT ( 'NONE',  ( 5.569915323688860553, -8.206737538911768937, 0.0000000000000000000 ) ) ;
#109 = ORIENTED_EDGE ( 'NONE', *, *, #5841, .T. ) ;
#110 = DIRECTION ( 'NONE',  ( -8.131516293641278325E-17, -1.000000000000000000, -3.491481338843135327E-15 ) ) ;
#111 = VERTEX_POINT ( 'NONE', #4766 ) ;
#112 = CARTESIAN_POINT ( 'NONE',  ( 4.549999999999999822, 4.700000000000000178, -5.500000000000000000 ) ) ;
#113 = ORIENTED_EDGE ( 'NONE', *, *, #2549, .F. ) ;
#114 = AXIS2_PLACEMENT_3D ( 'NONE', #5471, #3725, #2303 ) ;
#115 = ORIENTED_EDGE ( 'NONE', *, *, #1129, .F. ) ;
#116 = CIRCLE ( 'NONE', #603, 0.4999999999999995559 ) ;
#117 = EDGE_CURVE ( 'NONE', #3942, #1234, #498, .T. ) ;
#118 = CIRCLE ( 'NONE', #5514, 0.2999999999999999334 ) ;
#119 = ORIENTED_EDGE ( 'NONE', *, *, #5763, .T. ) ;
#120 = LINE ( 'NONE', #5249, #5812 ) ;
#121 = DIRECTION ( 'NONE',  ( 0.0000000000000000000, -3.491481338843135327E-15, 1.000000000000000000 ) ) ;
#122 = VECTOR ( 'NONE', #1610, 1000.000000000000000 ) ;
#123 = EDGE_CURVE ( 'NONE', #2250, #4005, #2798, .T. ) ;
#124 = PRESENTATION_STYLE_ASSIGNMENT (( #3551 ) ) ;
#125 = ORIENTED_EDGE ( 'NONE', *, *, #2796, .F. ) ;
#126 = CARTESIAN_POINT ( 'NONE',  ( -4.700000000000000178, -0.5999999999999999778, 5.500000000000000000 ) ) ;
#127 = DIRECTION ( 'NONE',  ( -8.131516293641278325E-17, -1.000000000000000000, 0.0000000000000000000 ) ) ;
#128 = ORIENTED_EDGE ( 'NONE', *, *, #3468, .T. ) ;
#129 = AXIS2_PLACEMENT_3D ( 'NONE', #708, #4878, #3533 ) ;
#130 = DIRECTION ( 'NONE',  ( 0.0000000000000000000, 0.0000000000000000000, -1.000000000000000000 ) ) ;
#131 = CARTESIAN_POINT ( 'NONE',  ( 4.400000000000000355, -0.5999999999999999778, -5.500000000000000000 ) ) ;
#132 = EDGE_CURVE ( 'NONE', #390, #2386, #929, .T. ) ;
#133 = VECTOR ( 'NONE', #6069, 1000.000000000000114 ) ;
#134 = CARTESIAN_POINT ( 'NONE',  ( -5.000000000000000000, -5.000000000000000000, -5.000000000000000000 ) ) ;
#135 = DIRECTION ( 'NONE',  ( 1.719580307488605342E-30, 4.956352788505170170E-16, -1.000000000000000000 ) ) ;
#136 = ORIENTED_EDGE ( 'NONE', *, *, #2304, .T. ) ;
#137 = LINE ( 'NONE', #1941, #5794 ) ;
#138 = ORIENTED_EDGE ( 'NONE', *, *, #3063, .T. ) ;
#139 = VECTOR ( 'NONE', #27, 1000.000000000000000 ) ;
#140 = ADVANCED_FACE ( 'NONE', ( #3387 ), #1415, .T. ) ;
#141 = DIRECTION ( 'NONE',  ( -3.469446951953614978E-15, -1.000000000000000000, 0.0000000000000000000 ) ) ;
#142 = ORIENTED_EDGE ( 'NONE', *, *, #1323, .F. ) ;
#143 = ORIENTED_EDGE ( 'NONE', *, *, #170, .F. ) ;
#144 = ORIENTED_EDGE ( 'NONE', *, *, #4231, .T. ) ;
#145 = APPLICATION_PROTOCOL_DEFINITION ( 'draft international standard', 'automotive_design', 1998, #1171 ) ;
#146 = EDGE_LOOP ( 'NONE', ( #3618, #576, #5237, #5169 ) ) ;
#147 = CARTESIAN_POINT ( 'NONE',  ( -5.000000000000000000, -7.139230484541309707, 1.000000000000000000 ) ) ;
#148 = CARTESIAN_POINT ( 'NONE',  ( -3.085872574535459822, 6.500000000000000000, -4.247339220468489884 ) ) ;
#149 = PLANE ( 'NONE',  #4219 ) ;
#150 = ORIENTED_EDGE ( 'NONE', *, *, #1780, .T. ) ;
#151 = DIRECTION ( 'NONE',  ( 0.0000000000000000000, -3.491481338843135327E-15, 1.000000000000000000 ) ) ;
#152 = LINE ( 'NONE', #5754, #5090 ) ;
#153 = ORIENTED_EDGE ( 'NONE', *, *, #923, .T. ) ;
#154 = EDGE_CURVE ( 'NONE', #2618, #5965, #2923, .T. ) ;
#155 = DIRECTION ( 'NONE',  ( -2.331617575237644893E-16, 0.0000000000000000000, -1.000000000000000000 ) ) ;
#156 = CARTESIAN_POINT ( 'NONE',  ( 4.700000000000000178, -7.139230484541309707, 0.0000000000000000000 ) ) ;
#157 = VECTOR ( 'NONE', #351, 1000.000000000000000 ) ;
#158 = LINE ( 'NONE', #2457, #5107 ) ;
#159 = DIRECTION ( 'NONE',  ( 0.3420201433256665480, 0.9396926207859092051, 0.0000000000000000000 ) ) ;
#160 = B_SPLINE_CURVE_WITH_KNOTS ( 'NONE', 3,
 ( #3885, #5761, #3078, #1714 ),
 .UNSPECIFIED., .F., .F.,
 ( 4, 4 ),
 ( 0.0000000000000000000, 1.000000000000000000 ),
 .UNSPECIFIED. ) ;
#161 = VERTEX_POINT ( 'NONE', #1445 ) ;
#162 = EDGE_CURVE ( 'NONE', #4007, #3342, #5667, .T. ) ;
#163 = EDGE_CURVE ( 'NONE', #4502, #1790, #5227, .T. ) ;
#164 = VERTEX_POINT ( 'NONE', #4213 ) ;
#165 = CARTESIAN_POINT ( 'NONE',  ( -5.350300081418200016, -8.506737538911771423, 2.109091035788495105 ) ) ;
#166 = AXIS2_PLACEMENT_3D ( 'NONE', #2806, #1822, #3709 ) ;
#167 = PLANE ( 'NONE',  #4592 ) ;
#168 = AXIS2_PLACEMENT_3D ( 'NONE', #3144, #5544, #838 ) ;
#169 = VERTEX_POINT ( 'NONE', #6 ) ;
#170 = EDGE_CURVE ( 'NONE', #4293, #4657, #2427, .T. ) ;
#171 = ORIENTED_EDGE ( 'NONE', *, *, #4300, .T. ) ;
#172 = VERTEX_POINT ( 'NONE', #5134 ) ;
#173 = DIRECTION ( 'NONE',  ( -0.0000000000000000000, 1.000000000000000000, 0.0000000000000000000 ) ) ;
#174 = CARTESIAN_POINT ( 'NONE',  ( 5.614115653889750313, -8.711949624907170175, 0.0000000000000000000 ) ) ;
#175 = DIRECTION ( 'NONE',  ( 0.0000000000000000000, -1.000000000000000000, 0.0000000000000000000 ) ) ;
#176 = FACE_OUTER_BOUND ( 'NONE', #3742, .T. ) ;
#177 = ORIENTED_EDGE ( 'NONE', *, *, #400, .F. ) ;
#178 = DIRECTION ( 'NONE',  ( 0.0000000000000000000, 0.0000000000000000000, 1.000000000000000000 ) ) ;
#179 = CARTESIAN_POINT ( 'NONE',  ( -5.050300081418200193, -8.506737538911771423, -1.000000000000000000 ) ) ;
#180 = ORIENTED_EDGE ( 'NONE', *, *, #2524, .F. ) ;
#181 = FACE_OUTER_BOUND ( 'NONE', #3583, .T. ) ;
#182 = PLANE ( 'NONE',  #3846 ) ;
#183 = CIRCLE ( 'NONE', #2241, 0.5999999999999998668 ) ;
#184 = ADVANCED_FACE ( 'NONE', ( #3328 ), #4705, .T. ) ;
#185 = CARTESIAN_POINT ( 'NONE',  ( 5.350300081418200016, -8.506737538911771423, 1.000000000000000000 ) ) ;
#186 = DIRECTION ( 'NONE',  ( -0.9396926207859093161, -0.3420201433256661039, 0.0000000000000000000 ) ) ;
#187 = VERTEX_POINT ( 'NONE', #4307 ) ;
#188 = EDGE_LOOP ( 'NONE', ( #125, #456, #1987, #5448, #4758, #2922, #3935, #1252, #2495, #2115, #1793, #5548, #600, #5541, #4187, #5585, #1724, #3213, #4121, #4470 ) ) ;
#189 = DIRECTION ( 'NONE',  ( 1.000000000000000000, 0.0000000000000000000, 0.0000000000000000000 ) ) ;
#190 = EDGE_CURVE ( 'NONE', #727, #3281, #3851, .T. ) ;
#191 = DIRECTION ( 'NONE',  ( -7.918798803893749680E-76, 2.282438357916019743E-61, -1.000000000000000000 ) ) ;
#192 = VECTOR ( 'NONE', #3347, 1000.000000000000114 ) ;
#193 = ADVANCED_FACE ( 'NONE', ( #2827 ), #99, .F. ) ;
#194 = ORIENTED_EDGE ( 'NONE', *, *, #4598, .T. ) ;
#195 = ORIENTED_EDGE ( 'NONE', *, *, #4918, .F. ) ;
#196 = ORIENTED_EDGE ( 'NONE', *, *, #5389, .T. ) ;
#197 = ADVANCED_FACE ( 'NONE', ( #5698 ), #4339, .T. ) ;
#198 = ORIENTED_EDGE ( 'NONE', *, *, #2246, .T. ) ;
#199 = DIRECTION ( 'NONE',  ( -0.5000000000000011102, 0.8660254037844379305, 0.0000000000000000000 ) ) ;
#200 = DIRECTION ( 'NONE',  ( 0.0000000000000000000, 1.000000000000000000, 0.0000000000000000000 ) ) ;
#201 = DIRECTION ( 'NONE',  ( 8.131516293641278325E-17, 1.000000000000000000, 3.491481338843135327E-15 ) ) ;
#202 = CARTESIAN_POINT ( 'NONE',  ( 5.000000000000000000, -10.80000000000000071, -5.500000000000000000 ) ) ;
#203 = CIRCLE ( 'NONE', #5209, 0.5999999999999998668 ) ;
#204 = DIRECTION ( 'NONE',  ( 0.0000000000000000000, -1.000000000000000000, -3.491481338843135327E-15 ) ) ;
#205 = ADVANCED_FACE ( 'NONE', ( #5730 ), #1504, .T. ) ;
#206 = VERTEX_POINT ( 'NONE', #4367 ) ;
#207 = AXIS2_PLACEMENT_3D ( 'NONE', #1007, #5657, #4827 ) ;
#208 = DIRECTION ( 'NONE',  ( -3.009265538105054969E-30, 8.673617379884029556E-16, 1.000000000000000000 ) ) ;
#209 = DIRECTION ( 'NONE',  ( 0.0000000000000000000, 0.0000000000000000000, 1.000000000000000000 ) ) ;
#210 = AXIS2_PLACEMENT_3D ( 'NONE', #2358, #2423, #2451 ) ;
#211 = VERTEX_POINT ( 'NONE', #5816 ) ;
#212 = CARTESIAN_POINT ( 'NONE',  ( 3.250000000000000000, 0.0000000000000000000, -7.000000000000000000 ) ) ;
#213 = AXIS2_PLACEMENT_3D ( 'NONE', #148, #1209, #265 ) ;
#214 = DIRECTION ( 'NONE',  ( -1.000000000000000000, 3.452604976458695348E-15, 0.0000000000000000000 ) ) ;
#215 = AXIS2_PLACEMENT_3D ( 'NONE', #5683, #3223, #5085 ) ;
#216 = VECTOR ( 'NONE', #501, 1000.000000000000000 ) ;
#217 = DIRECTION ( 'NONE',  ( -6.018531076210100130E-30, 1.734723475976805122E-15, -1.000000000000000000 ) ) ;
#218 = DIRECTION ( 'NONE',  ( -0.8660254037844379305, -0.5000000000000011102, 0.0000000000000000000 ) ) ;
#219 = AXIS2_PLACEMENT_3D ( 'NONE', #1992, #1874, #2860 ) ;
#220 = ORIENTED_EDGE ( 'NONE', *, *, #3003, .F. ) ;
#221 = ORIENTED_EDGE ( 'NONE', *, *, #154, .F. ) ;
#222 = EDGE_CURVE ( 'NONE', #1351, #4535, #913, .T. ) ;
#223 = CARTESIAN_POINT ( 'NONE',  ( 1.750000000000000000, -0.5000000000000000000, -6.500000000000000000 ) ) ;
#224 = UNCERTAINTY_MEASURE_WITH_UNIT (LENGTH_MEASURE( 1.000000000000000082E-05 ), #2887, 'distance_accuracy_value', 'NONE');
#225 = CARTESIAN_POINT ( 'NONE',  ( 2.899999999999999911, -2.871681469282044930, -6.500000000000000000 ) ) ;
#226 = VERTEX_POINT ( 'NONE', #5320 ) ;
#227 = DIRECTION ( 'NONE',  ( 0.0000000000000000000, 0.0000000000000000000, 1.000000000000000000 ) ) ;
#228 = VERTEX_POINT ( 'NONE', #4907 ) ;
#229 = VECTOR ( 'NONE', #1370, 1000.000000000000000 ) ;
#230 = ORIENTED_EDGE ( 'NONE', *, *, #1027, .F. ) ;
#231 = EDGE_CURVE ( 'NONE', #2074, #5056, #3233, .T. ) ;
#232 = APPLICATION_PROTOCOL_DEFINITION ( 'draft international standard', 'automotive_design', 1998, #5200 ) ;
#233 = CIRCLE ( 'NONE', #3184, 0.8749999999999998890 ) ;
#234 = DIRECTION ( 'NONE',  ( 0.0000000000000000000, 1.000000000000000000, 0.0000000000000000000 ) ) ;
#235 = ORIENTED_EDGE ( 'NONE', *, *, #3686, .T. ) ;
#236 = DIRECTION ( 'NONE',  ( -0.8660254037844380415, -0.5000000000000012212, 0.0000000000000000000 ) ) ;
#237 = DIRECTION ( 'NONE',  ( -9.826173185649189648E-31, 1.000000000000000000, -9.912705577010340341E-16 ) ) ;
#238 = DIRECTION ( 'NONE',  ( 0.0000000000000000000, 0.0000000000000000000, 1.000000000000000000 ) ) ;
#239 = ADVANCED_FACE ( 'NONE', ( #181 ), #1594, .F. ) ;
#240 = EDGE_CURVE ( 'NONE', #3608, #5512, #3477, .T. ) ;
#241 = CARTESIAN_POINT ( 'NONE',  ( -5.332207867653970368, -8.609343581909470799, -1.000000000000000000 ) ) ;
#242 = ORIENTED_EDGE ( 'NONE', *, *, #3475, .F. ) ;
#243 = DIRECTION ( 'NONE',  ( 1.000000000000000000, 0.0000000000000000000, 0.0000000000000000000 ) ) ;
#244 = CARTESIAN_POINT ( 'NONE',  ( 2.500000000000000000, -6.871681469282040489, -6.500000000000000000 ) ) ;
#245 = VERTEX_POINT ( 'NONE', #212 ) ;
#246 = CARTESIAN_POINT ( 'NONE',  ( 1.750000000000000000, -2.521681469282039956, -6.700000000000000178 ) ) ;
#247 = EDGE_CURVE ( 'NONE', #245, #514, #1156, .T. ) ;
#248 = DIRECTION ( 'NONE',  ( 9.912705577010369923E-16, 9.912705577010340341E-16, 1.000000000000000000 ) ) ;
#249 = LINE ( 'NONE', #2634, #4819 ) ;
#250 = CARTESIAN_POINT ( 'NONE',  ( -4.700000000000000178, -6.299999999999999822, 0.0000000000000000000 ) ) ;
#251 = LINE ( 'NONE', #5351, #3143 ) ;
#252 = ORIENTED_EDGE ( 'NONE', *, *, #3247, .F. ) ;
#253 = ORIENTED_EDGE ( 'NONE', *, *, #4362, .F. ) ;
#254 = FACE_OUTER_BOUND ( 'NONE', #5752, .T. ) ;
#255 = VECTOR ( 'NONE', #1855, 1000.000000000000000 ) ;
#256 = DIRECTION ( 'NONE',  ( 0.3420201433256661039, -0.9396926207859093161, 2.478176394252570787E-16 ) ) ;
#257 = ORIENTED_EDGE ( 'NONE', *, *, #5723, .T. ) ;
#258 = DIRECTION ( 'NONE',  ( -9.826173185649180890E-31, -1.000000000000000000, 9.912705577010330480E-16 ) ) ;
#259 = VERTEX_POINT ( 'NONE', #3443 ) ;
#260 = ORIENTED_EDGE ( 'NONE', *, *, #2662, .F. ) ;
#261 = DIRECTION ( 'NONE',  ( 0.0000000000000000000, 0.0000000000000000000, -1.000000000000000000 ) ) ;
#262 = ORIENTED_EDGE ( 'NONE', *, *, #575, .F. ) ;
#263 = EDGE_CURVE ( 'NONE', #4574, #6061, #4852, .T. ) ;
#264 = CARTESIAN_POINT ( 'NONE',  ( -4.549999999999999822, 5.000000000000000000, 6.000000000000000000 ) ) ;
#265 = DIRECTION ( 'NONE',  ( 0.0000000000000000000, 0.0000000000000000000, 1.000000000000000000 ) ) ;
#266 = LINE ( 'NONE', #4505, #3450 ) ;
#267 = VECTOR ( 'NONE', #5760, 1000.000000000000000 ) ;
#268 = DIRECTION ( 'NONE',  ( 0.0000000000000000000, -4.336808689942015369E-15, 1.000000000000000000 ) ) ;
#269 = ORIENTED_EDGE ( 'NONE', *, *, #3736, .F. ) ;
#270 = ADVANCED_FACE ( 'NONE', ( #5879 ), #2043, .F. ) ;
#271 = DIRECTION ( 'NONE',  ( 0.0000000000000000000, 0.0000000000000000000, -1.000000000000000000 ) ) ;
#272 = EDGE_CURVE ( 'NONE', #3869, #5398, #5347, .T. ) ;
#273 = CARTESIAN_POINT ( 'NONE',  ( -5.281328311809639686, -9.626275332752589620, 1.200153863164407923E-15 ) ) ;
#274 = DIRECTION ( 'NONE',  ( 0.0000000000000000000, 1.000000000000000000, 0.0000000000000000000 ) ) ;
#275 = FACE_OUTER_BOUND ( 'NONE', #5474, .T. ) ;
#276 = CARTESIAN_POINT ( 'NONE',  ( 4.700000000000000178, -5.000000000000000000, -2.750000000000000000 ) ) ;
#277 = DIRECTION ( 'NONE',  ( 8.131516293641278325E-17, 1.000000000000000000, 3.491481338843135327E-15 ) ) ;
#278 = ADVANCED_FACE ( 'NONE', ( #1127 ), #3907, .F. ) ;
#279 = CARTESIAN_POINT ( 'NONE',  ( 5.000000000000000000, 1.725951194674155159E-14, -1.000000000000000000 ) ) ;
#280 = ORIENTED_EDGE ( 'NONE', *, *, #985, .F. ) ;
#281 = ORIENTED_EDGE ( 'NONE', *, *, #88, .T. ) ;
#282 = CARTESIAN_POINT ( 'NONE',  ( -4.400000000000000355, -5.599999999999999645, -5.000000000000000000 ) ) ;
#283 = CARTESIAN_POINT ( 'NONE',  ( -4.700000000000000178, -5.000000000000000000, 5.500000000000000000 ) ) ;
#284 = ORIENTED_EDGE ( 'NONE', *, *, #5777, .T. ) ;
#285 = CIRCLE ( 'NONE', #4800, 1.000000000000000222 ) ;
#286 = PLANE ( 'NONE',  #847 ) ;
#287 = EDGE_LOOP ( 'NONE', ( #1949, #5713, #3026, #1843 ) ) ;
#288 = CIRCLE ( 'NONE', #3631, 3.399999999999999911 ) ;
#289 = PRESENTATION_LAYER_ASSIGNMENT (  '', '', ( #3836 ) ) ;
#290 = DIRECTION ( 'NONE',  ( -1.000000000000000000, 0.0000000000000000000, 0.0000000000000000000 ) ) ;
#291 = VERTEX_POINT ( 'NONE', #2576 ) ;
#292 = CARTESIAN_POINT ( 'NONE',  ( -4.549999999999999822, 5.000000000000000000, -5.500000000000000000 ) ) ;
#293 = CARTESIAN_POINT ( 'NONE',  ( 0.0000000000000000000, -6.871681469282040489, -6.500000000000000000 ) ) ;
#294 = DIRECTION ( 'NONE',  ( 0.0000000000000000000, 0.0000000000000000000, -1.000000000000000000 ) ) ;
#295 = FILL_AREA_STYLE_COLOUR ( '', #5704 ) ;
#296 = FACE_OUTER_BOUND ( 'NONE', #4036, .T. ) ;
#297 = PRODUCT_RELATED_PRODUCT_CATEGORY ( 'part', '', ( #1418 ) ) ;
#298 = ORIENTED_EDGE ( 'NONE', *, *, #2681, .F. ) ;
#299 = DIRECTION ( 'NONE',  ( -2.203438688951894767E-17, 1.000000000000000000, -9.912705577010340341E-16 ) ) ;
#300 = PLANE ( 'NONE',  #3334 ) ;
#301 = CIRCLE ( 'NONE', #1869, 0.5999999999999998668 ) ;
#302 = DIRECTION ( 'NONE',  ( 0.0000000000000000000, -1.000000000000000000, 0.0000000000000000000 ) ) ;
#303 = DIRECTION ( 'NONE',  ( 0.0000000000000000000, -1.000000000000000000, -4.336808689942015369E-15 ) ) ;
#304 = AXIS2_PLACEMENT_3D ( 'NONE', #4252, #43, #4310 ) ;
#305 = ADVANCED_FACE ( 'NONE', ( #674 ), #4422, .F. ) ;
#306 = LINE ( 'NONE', #5469, #3852 ) ;
#307 = CIRCLE ( 'NONE', #2357, 0.7499999999999997780 ) ;
#308 = FACE_OUTER_BOUND ( 'NONE', #1001, .T. ) ;
#309 = CARTESIAN_POINT ( 'NONE',  ( -5.040192378864690070, -7.289230484541310062, -1.000000000000000000 ) ) ;
#310 = VECTOR ( 'NONE', #3196, 1000.000000000000000 ) ;
#311 = CARTESIAN_POINT ( 'NONE',  ( -3.653515104746779762, -13.53188757962091948, -1.000000000000000000 ) ) ;
#312 = ORIENTED_EDGE ( 'NONE', *, *, #4559, .F. ) ;
#313 = AXIS2_PLACEMENT_3D ( 'NONE', #3230, #2172, #399 ) ;
#314 = LINE ( 'NONE', #6050, #1785 ) ;
#315 = EDGE_CURVE ( 'NONE', #3398, #5056, #2475, .T. ) ;
#316 = DIRECTION ( 'NONE',  ( -1.000000000000000000, 5.782411586589358033E-15, 0.0000000000000000000 ) ) ;
#317 = EDGE_CURVE ( 'NONE', #5371, #1667, #619, .T. ) ;
#318 = CARTESIAN_POINT ( 'NONE',  ( 3.106858347057730008, -5.299999999999999822, -5.000000000000000000 ) ) ;
#319 = AXIS2_PLACEMENT_3D ( 'NONE', #3318, #5178, #972 ) ;
#320 = SHAPE_REPRESENTATION ( '______3.STEP', ( #2248 ), #4516 ) ;
#321 = CIRCLE ( 'NONE', #3760, 0.2999999999999999334 ) ;
#322 = ORIENTED_EDGE ( 'NONE', *, *, #2936, .F. ) ;
#323 = CARTESIAN_POINT ( 'NONE',  ( -0.7500000000000000000, -0.5000000000000000000, -7.000000000000000000 ) ) ;
#324 = ORIENTED_EDGE ( 'NONE', *, *, #3468, .F. ) ;
#325 = EDGE_LOOP ( 'NONE', ( #3714, #5084, #5825, #4097 ) ) ;
#326 = AXIS2_PLACEMENT_3D ( 'NONE', #2080, #2537, #2137 ) ;
#327 = FILL_AREA_STYLE_COLOUR ( '', #2511 ) ;
#328 = EDGE_LOOP ( 'NONE', ( #5358, #990, #2552, #2641 ) ) ;
#329 = VECTOR ( 'NONE', #92, 1000.000000000000000 ) ;
#330 = CARTESIAN_POINT ( 'NONE',  ( -5.332207867653970368, -8.609343581909470799, 0.0000000000000000000 ) ) ;
#331 = LINE ( 'NONE', #5584, #4242 ) ;
#332 = DIRECTION ( 'NONE',  ( 0.0000000000000000000, 0.0000000000000000000, -1.000000000000000000 ) ) ;
#333 = DIRECTION ( 'NONE',  ( -3.452604976458695348E-15, 1.000000000000000000, 2.282438357916019743E-61 ) ) ;
#334 = AXIS2_PLACEMENT_3D ( 'NONE', #2496, #2755, #427 ) ;
#335 = VERTEX_POINT ( 'NONE', #5285 ) ;
#336 = CARTESIAN_POINT ( 'NONE',  ( 5.400000000000000355, -2.871681469282044930, -6.700000000000000178 ) ) ;
#337 = CARTESIAN_POINT ( 'NONE',  ( -4.250000000000000000, 0.0000000000000000000, 6.000000000000000000 ) ) ;
#338 = CARTESIAN_POINT ( 'NONE',  ( 0.0000000000000000000, 0.8000000000000000444, 0.0000000000000000000 ) ) ;
#339 = DIRECTION ( 'NONE',  ( -1.239088197126293775E-16, 2.146163712481639876E-16, 1.000000000000000000 ) ) ;
#340 = FACE_OUTER_BOUND ( 'NONE', #2651, .T. ) ;
#341 = CARTESIAN_POINT ( 'NONE',  ( -3.249615361854385043, 18.00000000000000000, -1.000000000000000000 ) ) ;
#342 = LINE ( 'NONE', #4156, #2656 ) ;
#343 = EDGE_CURVE ( 'NONE', #1168, #911, #4834, .T. ) ;
#344 = ORIENTED_EDGE ( 'NONE', *, *, #163, .T. ) ;
#345 = DIRECTION ( 'NONE',  ( 0.0000000000000000000, -1.000000000000000000, 9.912705577010330480E-16 ) ) ;
#346 = DIRECTION ( 'NONE',  ( 0.0000000000000000000, 0.0000000000000000000, 1.000000000000000000 ) ) ;
#347 = DIRECTION ( 'NONE',  ( 0.0000000000000000000, -4.336808689942015369E-15, 1.000000000000000000 ) ) ;
#348 = ORIENTED_EDGE ( 'NONE', *, *, #97, .F. ) ;
#349 = EDGE_CURVE ( 'NONE', #3337, #2990, #5402, .T. ) ;
#350 = ADVANCED_FACE ( 'NONE', ( #275 ), #2300, .T. ) ;
#351 = DIRECTION ( 'NONE',  ( 0.0000000000000000000, -3.491481338843135327E-15, 1.000000000000000000 ) ) ;
#352 =( REPRESENTATION_RELATIONSHIP ('NONE','NONE', #1725, #3661 ) REPRESENTATION_RELATIONSHIP_WITH_TRANSFORMATION ( #574 )SHAPE_REPRESENTATION_RELATIONSHIP( ) );
#353 = ORIENTED_EDGE ( 'NONE', *, *, #3734, .T. ) ;
#354 = ORIENTED_EDGE ( 'NONE', *, *, #4822, .F. ) ;
#355 = DIRECTION ( 'NONE',  ( -1.000000000000000000, -2.203438688951904936E-17, -9.293161478446657890E-17 ) ) ;
#356 = ORIENTED_EDGE ( 'NONE', *, *, #1945, .F. ) ;
#357 = VECTOR ( 'NONE', #5076, 1000.000000000000000 ) ;
#358 = DIRECTION ( 'NONE',  ( 0.0000000000000000000, -9.912705577010330480E-16, -1.000000000000000000 ) ) ;
#359 = ADVANCED_FACE ( 'NONE', ( #4969 ), #5498, .T. ) ;
#360 = LINE ( 'NONE', #5019, #5015 ) ;
#361 = ORIENTED_EDGE ( 'NONE', *, *, #4643, .F. ) ;
#362 = ORIENTED_EDGE ( 'NONE', *, *, #575, .T. ) ;
#363 = DIRECTION ( 'NONE',  ( 0.0000000000000000000, 0.0000000000000000000, 1.000000000000000000 ) ) ;
#364 = VECTOR ( 'NONE', #1298, 1000.000000000000000 ) ;
#365 = ORIENTED_EDGE ( 'NONE', *, *, #1314, .F. ) ;
#366 = LINE ( 'NONE', #3125, #5715 ) ;
#367 = CARTESIAN_POINT ( 'NONE',  ( 5.400000000000000355, -6.871681469282040489, -6.500000000000000000 ) ) ;
#368 = CARTESIAN_POINT ( 'NONE',  ( 3.085872574535459822, -0.2999999999999999889, 4.997339220468489884 ) ) ;
#369 = LINE ( 'NONE', #3567, #5823 ) ;
#370 = DIRECTION ( 'NONE',  ( 3.469446951953614978E-15, 1.000000000000000000, -2.478176394252570294E-16 ) ) ;
#371 = DIRECTION ( 'NONE',  ( -1.000000000000000000, 3.452604976458695348E-15, 0.0000000000000000000 ) ) ;
#372 = DIRECTION ( 'NONE',  ( -3.469446951953614978E-15, 1.000000000000000000, 0.0000000000000000000 ) ) ;
#373 = CARTESIAN_POINT ( 'NONE',  ( -4.400000000000000355, -5.599999999999999645, -3.095527327113689806E-15 ) ) ;
#374 = EDGE_LOOP ( 'NONE', ( #1166, #5527, #1426, #4887 ) ) ;
#375 = CARTESIAN_POINT ( 'NONE',  ( 4.408728476930471151E-16, 0.8000000000000000444, 3.600000000000000089 ) ) ;
#376 = CARTESIAN_POINT ( 'NONE',  ( 0.7500000000000000000, -2.521681469282039956, -6.700000000000000178 ) ) ;
#377 = EDGE_CURVE ( 'NONE', #5387, #5079, #1710, .T. ) ;
#378 = DIRECTION ( 'NONE',  ( 1.000000000000000000, 0.0000000000000000000, 0.0000000000000000000 ) ) ;
#379 = CARTESIAN_POINT ( 'NONE',  ( -3.106858347057730008, -5.599999999999999645, -3.250000000000000000 ) ) ;
#380 = ORIENTED_EDGE ( 'NONE', *, *, #4958, .T. ) ;
#381 = DIRECTION ( 'NONE',  ( -8.131516293641278325E-17, -1.000000000000000000, -3.491481338843135327E-15 ) ) ;
#382 = ORIENTED_EDGE ( 'NONE', *, *, #89, .F. ) ;
#383 = EDGE_CURVE ( 'NONE', #904, #3650, #808, .T. ) ;
#384 = EDGE_CURVE ( 'NONE', #750, #3978, #369, .T. ) ;
#385 = CARTESIAN_POINT ( 'NONE',  ( 3.250000000000000000, -0.2000000000000000111, -7.000000000000000000 ) ) ;
#386 = ORIENTED_EDGE ( 'NONE', *, *, #1546, .T. ) ;
#387 = DIRECTION ( 'NONE',  ( 0.0000000000000000000, 0.0000000000000000000, 1.000000000000000000 ) ) ;
#388 = CARTESIAN_POINT ( 'NONE',  ( 4.700000000000000178, -6.799999999999999822, 2.750000000000000000 ) ) ;
#389 = ORIENTED_EDGE ( 'NONE', *, *, #3400, .T. ) ;
#390 = VERTEX_POINT ( 'NONE', #3168 ) ;
#391 = VECTOR ( 'NONE', #381, 1000.000000000000000 ) ;
#392 = DIRECTION ( 'NONE',  ( -1.000000000000000000, 0.0000000000000000000, 0.0000000000000000000 ) ) ;
#393 = EDGE_CURVE ( 'NONE', #5512, #2393, #1276, .T. ) ;
#394 = ORIENTED_EDGE ( 'NONE', *, *, #1270, .T. ) ;
#395 = CARTESIAN_POINT ( 'NONE',  ( 0.0000000000000000000, 0.8000000000000000444, -3.600000000000000089 ) ) ;
#396 = CARTESIAN_POINT ( 'NONE',  ( 0.7500000000000000000, -0.5000000000000000000, -6.700000000000000178 ) ) ;
#397 = DIRECTION ( 'NONE',  ( -1.000000000000000000, 0.0000000000000000000, 0.0000000000000000000 ) ) ;
#398 = CARTESIAN_POINT ( 'NONE',  ( 3.085872574535459822, 5.000000000000000000, 4.997339220468489884 ) ) ;
#399 = DIRECTION ( 'NONE',  ( -1.000000000000000000, 0.0000000000000000000, 0.0000000000000000000 ) ) ;
#400 = EDGE_CURVE ( 'NONE', #4866, #5953, #2078, .T. ) ;
#401 = CYLINDRICAL_SURFACE ( 'NONE', #3305, 0.4000000000000001887 ) ;
#402 = DIRECTION ( 'NONE',  ( -3.887636238444034343E-17, -1.000000000000000000, 9.912705577010330480E-16 ) ) ;
#403 = DIRECTION ( 'NONE',  ( 0.0000000000000000000, -1.000000000000000000, -3.491481338843135327E-15 ) ) ;
#404 = VECTOR ( 'NONE', #437, 1000.000000000000000 ) ;
#405 = EDGE_LOOP ( 'NONE', ( #1401, #1143, #1335, #1000 ) ) ;
#406 = DIRECTION ( 'NONE',  ( 0.0000000000000000000, 0.0000000000000000000, 1.000000000000000000 ) ) ;
#407 = VECTOR ( 'NONE', #3042, 1000.000000000000000 ) ;
#408 = DIRECTION ( 'NONE',  ( 0.0000000000000000000, 0.0000000000000000000, -1.000000000000000000 ) ) ;
#409 = VECTOR ( 'NONE', #1988, 1000.000000000000000 ) ;
#410 = CARTESIAN_POINT ( 'NONE',  ( 5.000000000000000000, -6.799999999999999822, 1.750000000000000000 ) ) ;
#411 = VECTOR ( 'NONE', #2882, 1000.000000000000000 ) ;
#412 = CARTESIAN_POINT ( 'NONE',  ( -10.10685834705772024, -5.299999999999999822, 5.092652490189059959E-15 ) ) ;
#413 = VERTEX_POINT ( 'NONE', #4114 ) ;
#414 = FACE_OUTER_BOUND ( 'NONE', #4029, .T. ) ;
#415 = AXIS2_PLACEMENT_3D ( 'NONE', #5123, #1924, #4237 ) ;
#416 = EDGE_LOOP ( 'NONE', ( #5811, #1108, #3867, #1599 ) ) ;
#417 = AXIS2_PLACEMENT_3D ( 'NONE', #293, #6059, #3616 ) ;
#418 = CARTESIAN_POINT ( 'NONE',  ( 1.750000000000000000, -0.2000000000000000111, -4.349999999999999645 ) ) ;
#419 = VECTOR ( 'NONE', #186, 1000.000000000000114 ) ;
#420 = ORIENTED_EDGE ( 'NONE', *, *, #4181, .F. ) ;
#421 = LINE ( 'NONE', #755, #1187 ) ;
#422 = ORIENTED_EDGE ( 'NONE', *, *, #2481, .T. ) ;
#423 = ADVANCED_FACE ( 'NONE', ( #4084 ), #3200, .F. ) ;
#424 = AXIS2_PLACEMENT_3D ( 'NONE', #5757, #2333, #4249 ) ;
#425 = VERTEX_POINT ( 'NONE', #2671 ) ;
#426 = SURFACE_STYLE_USAGE ( .BOTH. , #482 ) ;
#427 = DIRECTION ( 'NONE',  ( 0.0000000000000000000, 0.0000000000000000000, -1.000000000000000000 ) ) ;
#428 = ORIENTED_EDGE ( 'NONE', *, *, #5832, .T. ) ;
#429 = CARTESIAN_POINT ( 'NONE',  ( 8.633125716401179872, -0.4172876490506590708, 0.0000000000000000000 ) ) ;
#430 = DIRECTION ( 'NONE',  ( -1.000000000000000000, 0.0000000000000000000, 0.0000000000000000000 ) ) ;
#431 = EDGE_CURVE ( 'NONE', #2769, #3527, #2876, .T. ) ;
#432 = ADVANCED_FACE ( 'NONE', ( #4552 ), #5974, .F. ) ;
#433 = LINE ( 'NONE', #946, #106 ) ;
#434 = DIRECTION ( 'NONE',  ( -2.331617575237644893E-16, 1.000000000000000000, 3.491481338843135327E-15 ) ) ;
#435 = CARTESIAN_POINT ( 'NONE',  ( 4.250000000000000000, 0.0000000000000000000, 6.000000000000000000 ) ) ;
#436 = CYLINDRICAL_SURFACE ( 'NONE', #3893, 0.4999999999999995559 ) ;
#437 = DIRECTION ( 'NONE',  ( -1.000000000000000000, -2.203438688951774897E-17, 1.208110992198138076E-15 ) ) ;
#438 = DIRECTION ( 'NONE',  ( 0.0000000000000000000, -1.000000000000000000, 9.912705577010340341E-16 ) ) ;
#439 = EDGE_CURVE ( 'NONE', #3698, #4068, #1592, .T. ) ;
#440 = EDGE_LOOP ( 'NONE', ( #2123, #1857, #4608, #450 ) ) ;
#441 = CARTESIAN_POINT ( 'NONE',  ( -5.310107702553530373, -8.356737538911771068, -1.000000000000000000 ) ) ;
#442 = CARTESIAN_POINT ( 'NONE',  ( 2.100000000000000089, -6.871681469282040489, -6.700000000000000178 ) ) ;
#443 = CYLINDRICAL_SURFACE ( 'NONE', #3901, 0.5999999999999998668 ) ;
#444 = LINE ( 'NONE', #1818, #4580 ) ;
#445 = ORIENTED_EDGE ( 'NONE', *, *, #3805, .F. ) ;
#446 = CARTESIAN_POINT ( 'NONE',  ( -3.106858347057719794, 4.400000000000054534, 4.125000000000000000 ) ) ;
#447 = ORIENTED_EDGE ( 'NONE', *, *, #1736, .T. ) ;
#448 = LINE ( 'NONE', #1853, #2419 ) ;
#449 = ORIENTED_EDGE ( 'NONE', *, *, #3780, .F. ) ;
#450 = ORIENTED_EDGE ( 'NONE', *, *, #764, .T. ) ;
#451 = ORIENTED_EDGE ( 'NONE', *, *, #4918, .T. ) ;
#452 = DIRECTION ( 'NONE',  ( 1.000000000000000000, 0.0000000000000000000, 0.0000000000000000000 ) ) ;
#453 = CARTESIAN_POINT ( 'NONE',  ( 5.050300081418200193, -8.506737538911771423, 1.000000000000000000 ) ) ;
#454 = EDGE_CURVE ( 'NONE', #5522, #2804, #3102, .T. ) ;
#455 = VECTOR ( 'NONE', #5672, 1000.000000000000000 ) ;
#456 = ORIENTED_EDGE ( 'NONE', *, *, #1653, .F. ) ;
#457 = CARTESIAN_POINT ( 'NONE',  ( 3.250000000000000000, -2.521681469282039956, -6.700000000000000178 ) ) ;
#458 = LINE ( 'NONE', #5559, #4506 ) ;
#459 = CARTESIAN_POINT ( 'NONE',  ( -4.250000000000000000, 0.2999999999999999889, 6.000000000000000000 ) ) ;
#460 = VECTOR ( 'NONE', #935, 1000.000000000000000 ) ;
#461 = LINE ( 'NONE', #3321, #2385 ) ;
#462 = ADVANCED_FACE ( 'NONE', ( #1313 ), #5061, .F. ) ;
#463 = EDGE_CURVE ( 'NONE', #206, #2254, #859, .T. ) ;
#464 = CARTESIAN_POINT ( 'NONE',  ( -4.400000000000000355, -5.299999999999999822, -3.392908494423999819E-15 ) ) ;
#465 = VERTEX_POINT ( 'NONE', #398 ) ;
#466 = DIRECTION ( 'NONE',  ( 1.000000000000000000, 2.203438688951799857E-17, -9.912705577010369923E-16 ) ) ;
#467 = VECTOR ( 'NONE', #141, 1000.000000000000000 ) ;
#468 = FILL_AREA_STYLE ('',( #1871 ) ) ;
#469 = ORIENTED_EDGE ( 'NONE', *, *, #916, .F. ) ;
#470 = LINE ( 'NONE', #1905, #1291 ) ;
#471 = CARTESIAN_POINT ( 'NONE',  ( 3.085872574535459822, -0.2999999999999999889, 4.247339220468489884 ) ) ;
#472 = EDGE_CURVE ( 'NONE', #5077, #5398, #2265, .T. ) ;
#473 = CARTESIAN_POINT ( 'NONE',  ( 4.700000000000000178, -6.299999999999999822, -1.437936165487092058E-60 ) ) ;
#474 = DIRECTION ( 'NONE',  ( 0.0000000000000000000, 0.0000000000000000000, 1.000000000000000000 ) ) ;
#475 = VERTEX_POINT ( 'NONE', #5563 ) ;
#476 = DIRECTION ( 'NONE',  ( 0.0000000000000000000, -1.000000000000000000, 0.0000000000000000000 ) ) ;
#477 = ORIENTED_EDGE ( 'NONE', *, *, #6039, .F. ) ;
#478 = CARTESIAN_POINT ( 'NONE',  ( -3.106858347057719794, -5.599999999999999645, 5.000000000000000000 ) ) ;
#479 = ORIENTED_EDGE ( 'NONE', *, *, #4451, .T. ) ;
#480 = ORIENTED_EDGE ( 'NONE', *, *, #1920, .F. ) ;
#481 = ORIENTED_EDGE ( 'NONE', *, *, #2342, .T. ) ;
#482 = SURFACE_SIDE_STYLE ('',( #4692 ) ) ;
#483 = FACE_OUTER_BOUND ( 'NONE', #660, .T. ) ;
#484 = VECTOR ( 'NONE', #1812, 1000.000000000000000 ) ;
#485 = ORIENTED_EDGE ( 'NONE', *, *, #2540, .T. ) ;
#486 = DIRECTION ( 'NONE',  ( 0.9396926207859094271, 0.3420201433256661039, 0.0000000000000000000 ) ) ;
#487 = DIRECTION ( 'NONE',  ( 0.0000000000000000000, 0.0000000000000000000, 1.000000000000000000 ) ) ;
#488 = VECTOR ( 'NONE', #4482, 1000.000000000000000 ) ;
#489 = PRODUCT_RELATED_PRODUCT_CATEGORY ( 'part', '', ( #4319 ) ) ;
#490 = DIRECTION ( 'NONE',  ( 0.0000000000000000000, -4.336808689942015369E-15, 1.000000000000000000 ) ) ;
#491 = AXIS2_PLACEMENT_3D ( 'NONE', #5308, #2070, #175 ) ;
#492 = DIRECTION ( 'NONE',  ( -5.916456789157590292E-31, -2.042718815324829780E-45, 1.000000000000000000 ) ) ;
#493 = DIRECTION ( 'NONE',  ( 0.0000000000000000000, -1.000000000000000000, -6.123233995736769734E-17 ) ) ;
#494 = PLANE ( 'NONE',  #3030 ) ;
#495 = ORIENTED_EDGE ( 'NONE', *, *, #4477, .T. ) ;
#496 = EDGE_CURVE ( 'NONE', #570, #291, #890, .T. ) ;
#497 = COLOUR_RGB ( '',0.7529411764705882248, 0.7529411764705882248, 0.7529411764705882248 ) ;
#498 = LINE ( 'NONE', #2891, #2073 ) ;
#499 = CARTESIAN_POINT ( 'NONE',  ( 4.700000000000000178, -5.000000000000000000, 2.750000000000000000 ) ) ;
#500 = LINE ( 'NONE', #4281, #4235 ) ;
#501 = DIRECTION ( 'NONE',  ( 5.916456789157590292E-31, -2.042718815324829780E-45, 1.000000000000000000 ) ) ;
#502 = CARTESIAN_POINT ( 'NONE',  ( 4.250000000000000000, -0.2000000000000000111, -9.000000000000000000 ) ) ;
#503 = ORIENTED_EDGE ( 'NONE', *, *, #2519, .T. ) ;
#504 = ADVANCED_FACE ( 'NONE', ( #5721 ), #4301, .T. ) ;
#505 = AXIS2_PLACEMENT_3D ( 'NONE', #986, #621, #1446 ) ;
#506 = EDGE_CURVE ( 'NONE', #5990, #2250, #5132, .T. ) ;
#507 = PLANE ( 'NONE',  #5699 ) ;
#508 = ORIENTED_EDGE ( 'NONE', *, *, #4968, .F. ) ;
#509 = AXIS2_PLACEMENT_3D ( 'NONE', #957, #1019, #2367 ) ;
#510 = AXIS2_PLACEMENT_3D ( 'NONE', #2594, #1148, #1579 ) ;
#511 = CARTESIAN_POINT ( 'NONE',  ( -4.700000000000000178, -5.000000000000000000, -5.000000000000000000 ) ) ;
#512 = ORIENTED_EDGE ( 'NONE', *, *, #317, .T. ) ;
#513 = AXIS2_PLACEMENT_3D ( 'NONE', #5845, #178, #1097 ) ;
#514 = VERTEX_POINT ( 'NONE', #2449 ) ;
#515 = ADVANCED_FACE ( 'NONE', ( #3262 ), #5632, .T. ) ;
#516 = ORIENTED_EDGE ( 'NONE', *, *, #2943, .F. ) ;
#517 = DIRECTION ( 'NONE',  ( 1.000000000000000000, 0.0000000000000000000, 0.0000000000000000000 ) ) ;
#518 = VECTOR ( 'NONE', #1796, 1000.000000000000000 ) ;
#519 = DIRECTION ( 'NONE',  ( 1.000000000000000000, 0.0000000000000000000, 0.0000000000000000000 ) ) ;
#520 = AXIS2_PLACEMENT_3D ( 'NONE', #4771, #3448, #2956 ) ;
#521 = ORIENTED_EDGE ( 'NONE', *, *, #5108, .F. ) ;
#522 = CARTESIAN_POINT ( 'NONE',  ( 4.115597896049495219, -6.206073899495919477, 1.200153863164407923E-15 ) ) ;
#523 = DIRECTION ( 'NONE',  ( 0.0000000000000000000, 1.000000000000000000, 0.0000000000000000000 ) ) ;
#524 = DIRECTION ( 'NONE',  ( 0.0000000000000000000, -3.491481338843135327E-15, 1.000000000000000000 ) ) ;
#525 = DIRECTION ( 'NONE',  ( 0.0000000000000000000, -1.000000000000000000, 0.0000000000000000000 ) ) ;
#526 = CARTESIAN_POINT ( 'NONE',  ( 5.000000000000000000, -5.000000000000000000, -2.478176394252590016E-15 ) ) ;
#527 = DIRECTION ( 'NONE',  ( 1.000000000000000000, 3.452604976458695348E-15, 0.0000000000000000000 ) ) ;
#528 = CARTESIAN_POINT ( 'NONE',  ( 10.10685834705772024, -5.599999999999999645, -3.250000000000000000 ) ) ;
#529 = AXIS2_PLACEMENT_3D ( 'NONE', #3095, #333, #2257 ) ;
#530 = ORIENTED_EDGE ( 'NONE', *, *, #3308, .F. ) ;
#531 = DIRECTION ( 'NONE',  ( 1.000000000000000000, 3.452604976458695348E-15, 0.0000000000000000000 ) ) ;
#532 = DIRECTION ( 'NONE',  ( 0.0000000000000000000, -3.491481338843135327E-15, 1.000000000000000000 ) ) ;
#533 = CIRCLE ( 'NONE', #4455, 0.5999999999999998668 ) ;
#534 = EDGE_CURVE ( 'NONE', #1170, #6036, #1836, .T. ) ;
#535 = DIRECTION ( 'NONE',  ( 1.000000000000000000, 0.0000000000000000000, 0.0000000000000000000 ) ) ;
#536 = CARTESIAN_POINT ( 'NONE',  ( -5.000000000000000000, -5.000000000000000000, -2.478176394252585282E-15 ) ) ;
#537 = CARTESIAN_POINT ( 'NONE',  ( 3.250000000000000000, -0.5000000000000000000, -7.000000000000000000 ) ) ;
#538 = EDGE_LOOP ( 'NONE', ( #1873, #2145, #812, #5589 ) ) ;
#539 = DIRECTION ( 'NONE',  ( 0.0000000000000000000, -1.000000000000000000, 0.0000000000000000000 ) ) ;
#540 = ORIENTED_EDGE ( 'NONE', *, *, #1627, .T. ) ;
#541 = ADVANCED_FACE ( 'NONE', ( #552 ), #3785, .F. ) ;
#542 = LINE ( 'NONE', #2089, #6080 ) ;
#543 = EDGE_CURVE ( 'NONE', #854, #5553, #924, .T. ) ;
#544 = ORIENTED_EDGE ( 'NONE', *, *, #4149, .F. ) ;
#545 = ORIENTED_EDGE ( 'NONE', *, *, #3489, .F. ) ;
#546 = ORIENTED_EDGE ( 'NONE', *, *, #4405, .T. ) ;
#547 = EDGE_CURVE ( 'NONE', #2736, #3869, #4240, .T. ) ;
#548 = ORIENTED_EDGE ( 'NONE', *, *, #400, .T. ) ;
#549 = FACE_OUTER_BOUND ( 'NONE', #5716, .T. ) ;
#550 = CARTESIAN_POINT ( 'NONE',  ( -5.000000000000000000, -0.5999999999999999778, 5.500000000000000000 ) ) ;
#551 = DIRECTION ( 'NONE',  ( -0.7071067811865441310, 0.7071067811865510144, 0.0000000000000000000 ) ) ;
#552 = FACE_OUTER_BOUND ( 'NONE', #3828, .T. ) ;
#553 = CIRCLE ( 'NONE', #5157, 0.4000000000000001887 ) ;
#554 = CARTESIAN_POINT ( 'NONE',  ( 0.7500000000000000000, -0.2000000000000000111, -4.349999999999999645 ) ) ;
#555 = CARTESIAN_POINT ( 'NONE',  ( 4.250000000000000000, -0.5000000000000000000, -7.000000000000000000 ) ) ;
#556 = CARTESIAN_POINT ( 'NONE',  ( -5.000000000000000000, -10.80000000000000071, -5.500000000000000000 ) ) ;
#557 = AXIS2_PLACEMENT_3D ( 'NONE', #1010, #5185, #1867 ) ;
#558 = ORIENTED_EDGE ( 'NONE', *, *, #2597, .T. ) ;
#559 = CARTESIAN_POINT ( 'NONE',  ( 2.500000000000000000, -0.5000000000000000000, -6.700000000000000178 ) ) ;
#560 = DIRECTION ( 'NONE',  ( 0.0000000000000000000, -8.673617379884029556E-16, -1.000000000000000000 ) ) ;
#561 = VECTOR ( 'NONE', #1542, 1000.000000000000000 ) ;
#562 = CARTESIAN_POINT ( 'NONE',  ( -3.106858347057730008, -5.299999999999999822, -4.125000000000000000 ) ) ;
#563 = PLANE ( 'NONE',  #2277 ) ;
#564 = ORIENTED_EDGE ( 'NONE', *, *, #4, .F. ) ;
#565 = AXIS2_PLACEMENT_3D ( 'NONE', #5742, #80, #5203 ) ;
#566 = CARTESIAN_POINT ( 'NONE',  ( 0.0000000000000000000, 0.0000000000000000000, -3.600000000000000089 ) ) ;
#567 = ORIENTED_EDGE ( 'NONE', *, *, #6079, .T. ) ;
#568 = PRODUCT_DEFINITION ( 'UNKNOWN', '', #3552, #2992 ) ;
#569 = DIRECTION ( 'NONE',  ( -9.826173185649189648E-31, 1.000000000000000000, -9.912705577010340341E-16 ) ) ;
#570 = VERTEX_POINT ( 'NONE', #5217 ) ;
#571 = ORIENTED_EDGE ( 'NONE', *, *, #2104, .F. ) ;
#572 = ORIENTED_EDGE ( 'NONE', *, *, #5685, .T. ) ;
#573 = EDGE_CURVE ( 'NONE', #3244, #2426, #3770, .T. ) ;
#574 = ITEM_DEFINED_TRANSFORMATION ( 'NONE', 'NONE', #805,  #2668 ) ;
#575 = EDGE_CURVE ( 'NONE', #5829, #781, #3073, .T. ) ;
#576 = ORIENTED_EDGE ( 'NONE', *, *, #4959, .F. ) ;
#577 = LINE ( 'NONE', #4204, #5223 ) ;
#578 = DIRECTION ( 'NONE',  ( 0.0000000000000000000, 0.0000000000000000000, -1.000000000000000000 ) ) ;
#579 = EDGE_CURVE ( 'NONE', #85, #2778, #4730, .T. ) ;
#580 = LINE ( 'NONE', #3986, #779 ) ;
#581 = EDGE_CURVE ( 'NONE', #1336, #3920, #5660, .T. ) ;
#582 = DIRECTION ( 'NONE',  ( 1.000000000000000000, -3.469446951953614978E-15, 0.0000000000000000000 ) ) ;
#583 =( NAMED_UNIT ( * ) PLANE_ANGLE_UNIT ( ) SI_UNIT ( $, .RADIAN. ) );
#584 = ORIENTED_EDGE ( 'NONE', *, *, #3317, .F. ) ;
#585 = DIRECTION ( 'NONE',  ( 0.0000000000000000000, 0.0000000000000000000, 1.000000000000000000 ) ) ;
#586 = LINE ( 'NONE', #4336, #676 ) ;
#587 = ORIENTED_EDGE ( 'NONE', *, *, #1581, .T. ) ;
#588 = CARTESIAN_POINT ( 'NONE',  ( -5.650300081418220266, -5.000000000000000000, 5.000000000000000000 ) ) ;
#589 = CIRCLE ( 'NONE', #4409, 0.4999999999999995559 ) ;
#590 = VECTOR ( 'NONE', #524, 1000.000000000000000 ) ;
#591 = CARTESIAN_POINT ( 'NONE',  ( 3.249615361854385043, 18.00000000000000000, -1.000000000000000000 ) ) ;
#592 = LINE ( 'NONE', #2429, #4329 ) ;
#593 = CARTESIAN_POINT ( 'NONE',  ( 1.092959790949050047, -1.052423092979900110, 1.000000000000000000 ) ) ;
#594 = COLOUR_RGB ( '',0.2509803921568627416, 0.2509803921568627416, 0.2509803921568627416 ) ;
#595 = ORIENTED_EDGE ( 'NONE', *, *, #2491, .T. ) ;
#596 = DIRECTION ( 'NONE',  ( 1.000000000000000000, 3.452604976458695348E-15, 0.0000000000000000000 ) ) ;
#597 = EDGE_LOOP ( 'NONE', ( #5983, #5003, #5836, #3396 ) ) ;
#598 = CARTESIAN_POINT ( 'NONE',  ( -5.050300081418200193, -8.506737538911771423, -1.000000000000000000 ) ) ;
#599 = ORIENTED_EDGE ( 'NONE', *, *, #3431, .F. ) ;
#600 = ORIENTED_EDGE ( 'NONE', *, *, #5651, .T. ) ;
#601 = VECTOR ( 'NONE', #5441, 1000.000000000000000 ) ;
#602 = ORIENTED_EDGE ( 'NONE', *, *, #5307, .T. ) ;
#603 = AXIS2_PLACEMENT_3D ( 'NONE', #4459, #1624, #3506 ) ;
#604 = VECTOR ( 'NONE', #703, 1000.000000000000114 ) ;
#605 = ORIENTED_EDGE ( 'NONE', *, *, #1197, .F. ) ;
#606 = EDGE_CURVE ( 'NONE', #3942, #5371, #4698, .T. ) ;
#607 = CARTESIAN_POINT ( 'NONE',  ( 4.400000000000000355, -0.5999999999999999778, 5.500000000000000000 ) ) ;
#608 = DIRECTION ( 'NONE',  ( 0.0000000000000000000, 0.0000000000000000000, 1.000000000000000000 ) ) ;
#609 = CARTESIAN_POINT ( 'NONE',  ( -4.700000000000000178, -5.000000000000000000, 8.673617379884000762E-15 ) ) ;
#610 = LINE ( 'NONE', #2071, #1203 ) ;
#611 = AXIS2_PLACEMENT_3D ( 'NONE', #6028, #1795, #3681 ) ;
#612 = CIRCLE ( 'NONE', #4047, 0.8749999999999998890 ) ;
#613 = ORIENTED_EDGE ( 'NONE', *, *, #2903, .F. ) ;
#614 = EDGE_CURVE ( 'NONE', #2147, #2409, #3279, .T. ) ;
#615 = LINE ( 'NONE', #5369, #1674 ) ;
#616 = ADVANCED_FACE ( 'NONE', ( #1377 ), #3293, .F. ) ;
#617 = CARTESIAN_POINT ( 'NONE',  ( 5.750000000000000000, -2.521681469282039956, -6.700000000000000178 ) ) ;
#618 = ORIENTED_EDGE ( 'NONE', *, *, #2328, .F. ) ;
#619 = CIRCLE ( 'NONE', #4049, 0.5999999999999998668 ) ;
#620 = DIRECTION ( 'NONE',  ( 1.000000000000000000, 0.0000000000000000000, -9.912705577010369923E-16 ) ) ;
#621 = DIRECTION ( 'NONE',  ( -7.228014483236700500E-16, 2.323922141233004793E-16, -1.000000000000000000 ) ) ;
#622 = VECTOR ( 'NONE', #5182, 1000.000000000000000 ) ;
#623 = CARTESIAN_POINT ( 'NONE',  ( 0.7500000000000000000, -0.5000000000000000000, -7.000000000000000000 ) ) ;
#624 = EDGE_CURVE ( 'NONE', #85, #2193, #461, .T. ) ;
#625 = CARTESIAN_POINT ( 'NONE',  ( 4.700000000000000178, -7.139230484541309707, -1.000000000000000000 ) ) ;
#626 = ORIENTED_EDGE ( 'NONE', *, *, #383, .F. ) ;
#627 = EDGE_LOOP ( 'NONE', ( #669, #136, #3513, #1262 ) ) ;
#628 = VECTOR ( 'NONE', #5654, 1000.000000000000000 ) ;
#629 = CARTESIAN_POINT ( 'NONE',  ( 5.400000000000000355, -2.871681469282044930, -6.700000000000000178 ) ) ;
#630 = FACE_OUTER_BOUND ( 'NONE', #4629, .T. ) ;
#631 = ORIENTED_EDGE ( 'NONE', *, *, #2412, .T. ) ;
#632 = ORIENTED_EDGE ( 'NONE', *, *, #3579, .F. ) ;
#633 = ORIENTED_EDGE ( 'NONE', *, *, #4508, .F. ) ;
#634 = SHAPE_DEFINITION_REPRESENTATION ( #1519, #1373 ) ;
#635 = EDGE_LOOP ( 'NONE', ( #3603, #1297, #4738, #284, #5368, #1830, #3833, #1915, #4194 ) ) ;
#636 = CARTESIAN_POINT ( 'NONE',  ( 5.400000000000000355, -2.871681469282044930, -6.700000000000000178 ) ) ;
#637 = CARTESIAN_POINT ( 'NONE',  ( 4.250000000000000000, -0.2000000000000000111, -7.000000000000000000 ) ) ;
#638 = FACE_OUTER_BOUND ( 'NONE', #3974, .T. ) ;
#639 = DIRECTION ( 'NONE',  ( 0.0000000000000000000, 0.0000000000000000000, 1.000000000000000000 ) ) ;
#640 = EDGE_CURVE ( 'NONE', #2114, #5104, #3474, .T. ) ;
#641 = VERTEX_POINT ( 'NONE', #5690 ) ;
#642 = DIRECTION ( 'NONE',  ( -1.000000000000000000, 0.0000000000000000000, -9.912705577010326536E-16 ) ) ;
#643 = DIRECTION ( 'NONE',  ( 0.0000000000000000000, -1.000000000000000000, 0.0000000000000000000 ) ) ;
#644 = DIRECTION ( 'NONE',  ( -5.916456789157590292E-31, -2.042718815324829780E-45, 1.000000000000000000 ) ) ;
#645 = ADVANCED_FACE ( 'NONE', ( #1465 ), #3348, .T. ) ;
#646 = LINE ( 'NONE', #710, #2766 ) ;
#647 = EDGE_CURVE ( 'NONE', #4318, #1629, #732, .T. ) ;
#648 = VECTOR ( 'NONE', #5470, 1000.000000000000000 ) ;
#649 = DIRECTION ( 'NONE',  ( -3.452604976458695348E-15, -1.000000000000000000, 0.0000000000000000000 ) ) ;
#650 = CARTESIAN_POINT ( 'NONE',  ( 3.106858347057730008, -5.299999999999999822, -3.250000000000000000 ) ) ;
#651 = ORIENTED_EDGE ( 'NONE', *, *, #5082, .T. ) ;
#652 = ORIENTED_EDGE ( 'NONE', *, *, #3656, .F. ) ;
#653 = LINE ( 'NONE', #5135, #4234 ) ;
#654 = EDGE_CURVE ( 'NONE', #5568, #2254, #2976, .T. ) ;
#655 = AXIS2_PLACEMENT_3D ( 'NONE', #5929, #3613, #3116 ) ;
#656 = PRODUCT_DEFINITION_CONTEXT ( 'detailed design', #6033, 'design' ) ;
#657 = CARTESIAN_POINT ( 'NONE',  ( 5.000000000000000000, -5.000000000000000000, 5.000000000000000000 ) ) ;
#658 = ORIENTED_EDGE ( 'NONE', *, *, #4934, .F. ) ;
#659 = AXIS2_PLACEMENT_3D ( 'NONE', #2993, #4403, #5951 ) ;
#660 = EDGE_LOOP ( 'NONE', ( #722, #815, #2311, #4808 ) ) ;
#661 = EDGE_LOOP ( 'NONE', ( #587, #865, #445, #2780 ) ) ;
#662 = EDGE_CURVE ( 'NONE', #2618, #1398, #3987, .T. ) ;
#663 = ORIENTED_EDGE ( 'NONE', *, *, #3508, .F. ) ;
#664 = PLANE ( 'NONE',  #1094 ) ;
#665 = DIRECTION ( 'NONE',  ( 0.0000000000000000000, 0.0000000000000000000, -1.000000000000000000 ) ) ;
#666 = LINE ( 'NONE', #5900, #902 ) ;
#667 = CARTESIAN_POINT ( 'NONE',  ( 5.000000000000000000, -5.000000000000000000, -2.750000000000000000 ) ) ;
#668 = CARTESIAN_POINT ( 'NONE',  ( 5.750000000000000000, -0.5000000000000000000, -7.000000000000000000 ) ) ;
#669 = ORIENTED_EDGE ( 'NONE', *, *, #5184, .F. ) ;
#670 = CARTESIAN_POINT ( 'NONE',  ( 4.700000000000000178, -6.799999999999999822, 5.898059818321149643E-15 ) ) ;
#671 = DIRECTION ( 'NONE',  ( 1.000000000000000000, 0.0000000000000000000, 0.0000000000000000000 ) ) ;
#672 = ADVANCED_FACE ( 'NONE', ( #1614 ), #5751, .F. ) ;
#673 = ORIENTED_EDGE ( 'NONE', *, *, #3096, .F. ) ;
#674 = FACE_OUTER_BOUND ( 'NONE', #416, .T. ) ;
#675 = LINE ( 'NONE', #5910, #407 ) ;
#676 = VECTOR ( 'NONE', #1066, 1000.000000000000000 ) ;
#677 = LINE ( 'NONE', #1597, #3542 ) ;
#678 = DIRECTION ( 'NONE',  ( -1.000000000000000000, 0.0000000000000000000, 0.0000000000000000000 ) ) ;
#679 = ADVANCED_FACE ( 'NONE', ( #3960 ), #3067, .F. ) ;
#680 = VECTOR ( 'NONE', #539, 1000.000000000000000 ) ;
#681 = ORIENTED_EDGE ( 'NONE', *, *, #2783, .T. ) ;
#682 = VERTEX_POINT ( 'NONE', #2946 ) ;
#683 = DIRECTION ( 'NONE',  ( 0.0000000000000000000, 0.0000000000000000000, 1.000000000000000000 ) ) ;
#684 = FACE_OUTER_BOUND ( 'NONE', #2787, .T. ) ;
#685 = AXIS2_PLACEMENT_3D ( 'NONE', #5091, #2762, #4083 ) ;
#686 = EDGE_LOOP ( 'NONE', ( #2543, #4595, #1556, #6009 ) ) ;
#687 = ADVANCED_FACE ( 'NONE', ( #5843 ), #2507, .F. ) ;
#688 = ADVANCED_FACE ( 'NONE', ( #176 ), #2010, .T. ) ;
#689 = ORIENTED_EDGE ( 'NONE', *, *, #5646, .T. ) ;
#690 = ORIENTED_EDGE ( 'NONE', *, *, #4260, .F. ) ;
#691 = ORIENTED_EDGE ( 'NONE', *, *, #1270, .F. ) ;
#692 = LINE ( 'NONE', #5776, #3757 ) ;
#693 = EDGE_CURVE ( 'NONE', #38, #1075, #4328, .T. ) ;
#694 = AXIS2_PLACEMENT_3D ( 'NONE', #2768, #5001, #4648 ) ;
#695 = LINE ( 'NONE', #3984, #3363 ) ;
#696 = CARTESIAN_POINT ( 'NONE',  ( 4.400000000000000355, -5.000000000000000000, 5.000000000000000000 ) ) ;
#697 = LINE ( 'NONE', #3436, #3140 ) ;
#698 = VECTOR ( 'NONE', #3478, 1000.000000000000114 ) ;
#699 = CARTESIAN_POINT ( 'NONE',  ( 4.115597896049495219, -6.206073899495919477, 1.000000000000000000 ) ) ;
#700 = AXIS2_PLACEMENT_3D ( 'NONE', #788, #761, #6065 ) ;
#701 = VERTEX_POINT ( 'NONE', #241 ) ;
#702 = AXIS2_PLACEMENT_3D ( 'NONE', #3410, #1897, #5630 ) ;
#703 = DIRECTION ( 'NONE',  ( -0.3420201433256661039, -0.9396926207859093161, 2.478176394252570787E-16 ) ) ;
#704 = CARTESIAN_POINT ( 'NONE',  ( 3.106858347057730008, 5.050300081418240161, -4.125000000000000000 ) ) ;
#705 = VECTOR ( 'NONE', #3189, 1000.000000000000000 ) ;
#706 = ORIENTED_EDGE ( 'NONE', *, *, #3360, .T. ) ;
#707 = CARTESIAN_POINT ( 'NONE',  ( 4.599999999999999645, -2.871681469282044930, -6.700000000000000178 ) ) ;
#708 = CARTESIAN_POINT ( 'NONE',  ( 3.085872574535459822, -10.56696795353849971, 4.247339220468489884 ) ) ;
#709 = AXIS2_PLACEMENT_3D ( 'NONE', #3119, #5552, #2289 ) ;
#710 = CARTESIAN_POINT ( 'NONE',  ( 4.700000000000000178, -6.299999999999999822, -1.437936165487092058E-60 ) ) ;
#711 = DIRECTION ( 'NONE',  ( 0.0000000000000000000, 0.0000000000000000000, 1.000000000000000000 ) ) ;
#712 = CARTESIAN_POINT ( 'NONE',  ( 0.7500000000000000000, -2.521681469282039956, -6.700000000000000178 ) ) ;
#713 = AXIS2_PLACEMENT_3D ( 'NONE', #2680, #406, #1320 ) ;
#714 = ORIENTED_EDGE ( 'NONE', *, *, #614, .T. ) ;
#715 = ORIENTED_EDGE ( 'NONE', *, *, #3325, .T. ) ;
#716 = FACE_OUTER_BOUND ( 'NONE', #1067, .T. ) ;
#717 = ADVANCED_FACE ( 'NONE', ( #1121 ), #1062, .T. ) ;
#718 = CARTESIAN_POINT ( 'NONE',  ( 3.250000000000000000, -2.521681469282039956, -6.700000000000000178 ) ) ;
#719 = EDGE_LOOP ( 'NONE', ( #1732, #4566, #3111, #4624 ) ) ;
#720 = ORIENTED_EDGE ( 'NONE', *, *, #4294, .T. ) ;
#721 = AXIS2_PLACEMENT_3D ( 'NONE', #1411, #5594, #1036 ) ;
#722 = ORIENTED_EDGE ( 'NONE', *, *, #1574, .T. ) ;
#723 = EDGE_CURVE ( 'NONE', #3304, #3816, #610, .T. ) ;
#724 = EDGE_CURVE ( 'NONE', #58, #3216, #2578, .T. ) ;
#725 = VECTOR ( 'NONE', #4886, 1000.000000000000000 ) ;
#726 = CARTESIAN_POINT ( 'NONE',  ( 3.085872574535459822, 5.000000000000000000, 4.247339220468489884 ) ) ;
#727 = VERTEX_POINT ( 'NONE', #2037 ) ;
#728 = DIRECTION ( 'NONE',  ( 0.0000000000000000000, 0.0000000000000000000, 1.000000000000000000 ) ) ;
#729 = DIRECTION ( 'NONE',  ( 0.0000000000000000000, 0.0000000000000000000, -1.000000000000000000 ) ) ;
#730 = CARTESIAN_POINT ( 'NONE',  ( 0.7500000000000000000, -0.2000000000000000111, -9.000000000000000000 ) ) ;
#731 = SURFACE_STYLE_USAGE ( .BOTH. , #5431 ) ;
#732 = LINE ( 'NONE', #1984, #42 ) ;
#733 = EDGE_CURVE ( 'NONE', #4564, #2950, #1501, .T. ) ;
#734 = ADVANCED_BREP_SHAPE_REPRESENTATION ( '', ( #2838, #2985, #2883, #2248 ), #4516 ) ;
#735 = ORIENTED_EDGE ( 'NONE', *, *, #5653, .F. ) ;
#736 = DIRECTION ( 'NONE',  ( -1.000000000000000000, 0.0000000000000000000, 0.0000000000000000000 ) ) ;
#737 = DIRECTION ( 'NONE',  ( -2.331617575237644893E-16, 1.000000000000000000, 3.491481338843135327E-15 ) ) ;
#738 = CARTESIAN_POINT ( 'NONE',  ( -4.549999999999999822, 5.000000000000000000, 6.000000000000000000 ) ) ;
#739 = DIRECTION ( 'NONE',  ( 3.469446951953614978E-15, 1.000000000000000000, 0.0000000000000000000 ) ) ;
#740 = PLANE ( 'NONE',  #1676 ) ;
#741 = CARTESIAN_POINT ( 'NONE',  ( 5.000000000000000000, -5.000000000000000000, 2.958228394578795321E-30 ) ) ;
#742 = ORIENTED_EDGE ( 'NONE', *, *, #4952, .F. ) ;
#743 = DIRECTION ( 'NONE',  ( 0.0000000000000000000, 0.0000000000000000000, -1.000000000000000000 ) ) ;
#744 = AXIS2_PLACEMENT_3D ( 'NONE', #3704, #5103, #5575 ) ;
#745 = DIRECTION ( 'NONE',  ( 0.0000000000000000000, 0.0000000000000000000, 1.000000000000000000 ) ) ;
#746 = ORIENTED_EDGE ( 'NONE', *, *, #3881, .T. ) ;
#747 = CARTESIAN_POINT ( 'NONE',  ( 0.0000000000000000000, -7.271681469282040844, -6.700000000000001954 ) ) ;
#748 = ORIENTED_EDGE ( 'NONE', *, *, #2978, .T. ) ;
#749 = EDGE_CURVE ( 'NONE', #5568, #4351, #4356, .T. ) ;
#750 = VERTEX_POINT ( 'NONE', #3032 ) ;
#751 = FILL_AREA_STYLE ('',( #327 ) ) ;
#752 = AXIS2_PLACEMENT_3D ( 'NONE', #3543, #1165, #4919 ) ;
#753 = EDGE_LOOP ( 'NONE', ( #3623, #4652, #5204, #819 ) ) ;
#754 = PLANE ( 'NONE',  #4245 ) ;
#755 = CARTESIAN_POINT ( 'NONE',  ( 4.599999999999999645, -2.871681469282044930, -6.500000000000000000 ) ) ;
#756 = CARTESIAN_POINT ( 'NONE',  ( -3.085872574535459822, 6.500000000000000000, -4.247339220468489884 ) ) ;
#757 = EDGE_CURVE ( 'NONE', #4962, #4467, #4900, .T. ) ;
#758 = EDGE_CURVE ( 'NONE', #1688, #5799, #5640, .T. ) ;
#759 = LINE ( 'NONE', #5525, #4262 ) ;
#760 = VERTEX_POINT ( 'NONE', #5460 ) ;
#761 = DIRECTION ( 'NONE',  ( 0.0000000000000000000, -3.491481338843135327E-15, 1.000000000000000000 ) ) ;
#762 = DIRECTION ( 'NONE',  ( 0.0000000000000000000, 0.0000000000000000000, -1.000000000000000000 ) ) ;
#763 = EDGE_CURVE ( 'NONE', #1053, #2466, #3194, .T. ) ;
#764 = EDGE_CURVE ( 'NONE', #111, #1024, #1673, .T. ) ;
#765 = FACE_OUTER_BOUND ( 'NONE', #939, .T. ) ;
#766 = CARTESIAN_POINT ( 'NONE',  ( 5.299999999999999822, -7.139230484541309707, -1.000000000000000000 ) ) ;
#767 = CARTESIAN_POINT ( 'NONE',  ( -5.000000000000000000, -5.000000000000000000, 4.956352788505170565E-15 ) ) ;
#768 = CARTESIAN_POINT ( 'NONE',  ( 0.0000000000000000000, -0.2999999999999999889, 0.0000000000000000000 ) ) ;
#769 = DIRECTION ( 'NONE',  ( 1.000000000000000000, 0.0000000000000000000, 0.0000000000000000000 ) ) ;
#770 = DIRECTION ( 'NONE',  ( -0.0000000000000000000, 1.000000000000000000, 0.0000000000000000000 ) ) ;
#771 = EDGE_LOOP ( 'NONE', ( #3951, #651, #2437, #5867 ) ) ;
#772 = DIRECTION ( 'NONE',  ( -1.000000000000000000, 3.452604976458695348E-15, 0.0000000000000000000 ) ) ;
#773 = DIRECTION ( 'NONE',  ( 0.0000000000000000000, 0.0000000000000000000, -1.000000000000000000 ) ) ;
#774 = LINE ( 'NONE', #2182, #77 ) ;
#775 = ORIENTED_EDGE ( 'NONE', *, *, #1834, .F. ) ;
#776 = PLANE ( 'NONE',  #2011 ) ;
#777 = ORIENTED_EDGE ( 'NONE', *, *, #2413, .F. ) ;
#778 = ORIENTED_EDGE ( 'NONE', *, *, #4484, .F. ) ;
#779 = VECTOR ( 'NONE', #5339, 1000.000000000000000 ) ;
#780 = DIRECTION ( 'NONE',  ( -1.000000000000000000, 3.469446951953614978E-15, 0.0000000000000000000 ) ) ;
#781 = VERTEX_POINT ( 'NONE', #4990 ) ;
#782 = DIRECTION ( 'NONE',  ( 3.439160614977209983E-30, 1.445602896647340100E-15, 1.000000000000000000 ) ) ;
#783 = DIRECTION ( 'NONE',  ( 0.0000000000000000000, 1.000000000000000000, 0.0000000000000000000 ) ) ;
#784 = LINE ( 'NONE', #4542, #3060 ) ;
#785 = FACE_OUTER_BOUND ( 'NONE', #4383, .T. ) ;
#786 = EDGE_CURVE ( 'NONE', #4005, #3906, #5740, .T. ) ;
#787 = ORIENTED_EDGE ( 'NONE', *, *, #3708, .T. ) ;
#788 = CARTESIAN_POINT ( 'NONE',  ( 5.000000000000000000, -6.871681469282040489, -6.500000000000000000 ) ) ;
#789 = PLANE ( 'NONE',  #4218 ) ;
#790 = VECTOR ( 'NONE', #346, 1000.000000000000000 ) ;
#791 = CARTESIAN_POINT ( 'NONE',  ( 0.4000000000000000222, -6.871681469282040489, -6.500000000000000000 ) ) ;
#792 = CARTESIAN_POINT ( 'NONE',  ( 5.000000000000000000, -5.000000000000000000, -8.673617379884008651E-15 ) ) ;
#793 = VECTOR ( 'NONE', #1744, 1000.000000000000000 ) ;
#794 = DIRECTION ( 'NONE',  ( -1.000000000000000000, 3.452604976458695348E-15, 0.0000000000000000000 ) ) ;
#795 = EDGE_CURVE ( 'NONE', #3769, #1259, #3076, .T. ) ;
#796 = VECTOR ( 'NONE', #201, 1000.000000000000000 ) ;
#797 = ADVANCED_FACE ( 'NONE', ( #296 ), #2161, .F. ) ;
#798 = LINE ( 'NONE', #2675, #5456 ) ;
#799 = DIRECTION ( 'NONE',  ( -1.000000000000000000, 3.452604976458695348E-15, 0.0000000000000000000 ) ) ;
#800 = CARTESIAN_POINT ( 'NONE',  ( 0.0000000000000000000, 5.000000000000000000, -3.399999999999999911 ) ) ;
#801 = ORIENTED_EDGE ( 'NONE', *, *, #2822, .F. ) ;
#802 = AXIS2_PLACEMENT_3D ( 'NONE', #5778, #2562, #5838 ) ;
#803 = CARTESIAN_POINT ( 'NONE',  ( -5.040192378864690070, -7.289230484541310062, 0.0000000000000000000 ) ) ;
#804 = CARTESIAN_POINT ( 'NONE',  ( -5.650300081418220266, -5.000000000000000000, -2.750000000000000000 ) ) ;
#805 = AXIS2_PLACEMENT_3D ( 'NONE', #1429, #3313, #517 ) ;
#806 = AXIS2_PLACEMENT_3D ( 'NONE', #1523, #173, #2034 ) ;
#807 = ADVANCED_FACE ( 'NONE', ( #2661 ), #5902, .T. ) ;
#808 = CIRCLE ( 'NONE', #4248, 0.5999999999999998668 ) ;
#809 = DIRECTION ( 'NONE',  ( -0.8660254037844379305, -0.5000000000000011102, 4.173738610409520680E-33 ) ) ;
#810 = VERTEX_POINT ( 'NONE', #3685 ) ;
#811 = CARTESIAN_POINT ( 'NONE',  ( 4.250000000000000000, 4.700000000000000178, 6.000000000000000000 ) ) ;
#812 = ORIENTED_EDGE ( 'NONE', *, *, #985, .T. ) ;
#813 = ORIENTED_EDGE ( 'NONE', *, *, #1356, .F. ) ;
#814 = DIRECTION ( 'NONE',  ( 0.0000000000000000000, 0.0000000000000000000, -1.000000000000000000 ) ) ;
#815 = ORIENTED_EDGE ( 'NONE', *, *, #547, .T. ) ;
#816 = VECTOR ( 'NONE', #3745, 1000.000000000000000 ) ;
#817 = CARTESIAN_POINT ( 'NONE',  ( 5.299999999999999822, -7.139230484541309707, -2.036054155654050124 ) ) ;
#818 = DIRECTION ( 'NONE',  ( 0.0000000000000000000, 0.0000000000000000000, 1.000000000000000000 ) ) ;
#819 = ORIENTED_EDGE ( 'NONE', *, *, #654, .F. ) ;
#820 = ORIENTED_EDGE ( 'NONE', *, *, #2628, .F. ) ;
#821 = LINE ( 'NONE', #4479, #1300 ) ;
#822 = AXIS2_PLACEMENT_3D ( 'NONE', #668, #4845, #639 ) ;
#823 = ORIENTED_EDGE ( 'NONE', *, *, #795, .T. ) ;
#824 = LINE ( 'NONE', #1310, #1085 ) ;
#825 = DIRECTION ( 'NONE',  ( -1.000000000000000000, 2.203438688951799857E-17, -9.912705577010360062E-16 ) ) ;
#826 = APPLICATION_CONTEXT ( 'automotive_design' ) ;
#827 = ADVANCED_FACE ( 'NONE', ( #2195 ), #4507, .T. ) ;
#828 = CARTESIAN_POINT ( 'NONE',  ( 4.400000000000000355, -5.599999999999999645, 3.250000000000000000 ) ) ;
#829 = DIRECTION ( 'NONE',  ( 0.0000000000000000000, -4.336808689942015369E-15, 1.000000000000000000 ) ) ;
#830 = CYLINDRICAL_SURFACE ( 'NONE', #4728, 0.8749999999999998890 ) ;
#831 = DIRECTION ( 'NONE',  ( 0.0000000000000000000, 0.0000000000000000000, 1.000000000000000000 ) ) ;
#832 = CARTESIAN_POINT ( 'NONE',  ( -4.549999999999999822, 0.2999999999999999889, -5.500000000000000000 ) ) ;
#833 = DIRECTION ( 'NONE',  ( -3.451902389348305348E-15, -1.000000000000000000, 0.0000000000000000000 ) ) ;
#834 = EDGE_LOOP ( 'NONE', ( #602, #2610, #3449, #3061, #5546, #1399, #943, #983, #3059 ) ) ;
#835 = EDGE_CURVE ( 'NONE', #2967, #1991, #4078, .T. ) ;
#836 = CARTESIAN_POINT ( 'NONE',  ( -4.700000000000000178, -6.799999999999999822, -1.750000000000000000 ) ) ;
#837 = LINE ( 'NONE', #804, #13 ) ;
#838 = DIRECTION ( 'NONE',  ( -8.131516293641278325E-17, -1.000000000000000000, 0.0000000000000000000 ) ) ;
#839 = LINE ( 'NONE', #5449, #4769 ) ;
#840 = ORIENTED_EDGE ( 'NONE', *, *, #1848, .F. ) ;
#841 = EDGE_CURVE ( 'NONE', #2410, #5619, #5998, .T. ) ;
#842 = CARTESIAN_POINT ( 'NONE',  ( 10.10685834705772024, -5.599999999999999645, 3.250000000000000000 ) ) ;
#843 = EDGE_LOOP ( 'NONE', ( #2899, #4274 ) ) ;
#844 = AXIS2_PLACEMENT_3D ( 'NONE', #3104, #6071, #2702 ) ;
#845 = CARTESIAN_POINT ( 'NONE',  ( -5.000000000000000000, -5.000000000000000000, -3.250000000000000000 ) ) ;
#846 = ORIENTED_EDGE ( 'NONE', *, *, #3686, .F. ) ;
#847 = AXIS2_PLACEMENT_3D ( 'NONE', #3640, #5511, #1294 ) ;
#848 = DIRECTION ( 'NONE',  ( 0.0000000000000000000, 0.0000000000000000000, -1.000000000000000000 ) ) ;
#849 = CARTESIAN_POINT ( 'NONE',  ( -4.700000000000000178, 1.734723475976804570E-14, -2.750000000000000000 ) ) ;
#850 = ORIENTED_EDGE ( 'NONE', *, *, #4643, .T. ) ;
#851 = ORIENTED_EDGE ( 'NONE', *, *, #5695, .F. ) ;
#852 = CARTESIAN_POINT ( 'NONE',  ( 0.0000000000000000000, -6.871681469282040489, -6.700000000000000178 ) ) ;
#853 = MECHANICAL_DESIGN_GEOMETRIC_PRESENTATION_REPRESENTATION (  '', ( #1137 ), #3601 ) ;
#854 = VERTEX_POINT ( 'NONE', #3158 ) ;
#855 = FACE_OUTER_BOUND ( 'NONE', #6087, .T. ) ;
#856 = PLANE ( 'NONE',  #2635 ) ;
#857 = CIRCLE ( 'NONE', #2121, 1.000000000000000222 ) ;
#858 = DIRECTION ( 'NONE',  ( 0.0000000000000000000, 0.0000000000000000000, -1.000000000000000000 ) ) ;
#859 = LINE ( 'NONE', #792, #4550 ) ;
#860 = CARTESIAN_POINT ( 'NONE',  ( -5.650300081418239806, -1.926394947571624889E-14, 1.000000000000000000 ) ) ;
#861 = FACE_OUTER_BOUND ( 'NONE', #5331, .T. ) ;
#862 = EDGE_CURVE ( 'NONE', #5326, #4657, #4142, .T. ) ;
#863 = CARTESIAN_POINT ( 'NONE',  ( 3.106858347057725123, 5.050300081418249931, 3.250000000000000000 ) ) ;
#864 = FACE_OUTER_BOUND ( 'NONE', #3070, .T. ) ;
#865 = ORIENTED_EDGE ( 'NONE', *, *, #3025, .T. ) ;
#866 = LINE ( 'NONE', #2737, #5021 ) ;
#867 = FACE_OUTER_BOUND ( 'NONE', #23, .T. ) ;
#868 = EDGE_CURVE ( 'NONE', #1455, #425, #821, .T. ) ;
#869 = CARTESIAN_POINT ( 'NONE',  ( -2.856571371417135019, 30.00000000000000000, -0.4999999999999929501 ) ) ;
#870 = CARTESIAN_POINT ( 'NONE',  ( 3.085872574535459822, 0.0000000000000000000, 4.247339220468489884 ) ) ;
#871 = EDGE_LOOP ( 'NONE', ( #823, #595, #4851, #5583 ) ) ;
#872 = DIRECTION ( 'NONE',  ( 0.0000000000000000000, 0.0000000000000000000, 1.000000000000000000 ) ) ;
#873 = ORIENTED_EDGE ( 'NONE', *, *, #5487, .T. ) ;
#874 = AXIS2_PLACEMENT_3D ( 'NONE', #244, #5783, #1555 ) ;
#875 = ADVANCED_FACE ( 'NONE', ( #785 ), #4013, .T. ) ;
#876 = FILL_AREA_STYLE ('',( #5582 ) ) ;
#877 = EDGE_CURVE ( 'NONE', #4069, #682, #2225, .T. ) ;
#878 = ORIENTED_EDGE ( 'NONE', *, *, #1816, .T. ) ;
#879 = FACE_OUTER_BOUND ( 'NONE', #287, .T. ) ;
#880 = ORIENTED_EDGE ( 'NONE', *, *, #2264, .T. ) ;
#881 = ORIENTED_EDGE ( 'NONE', *, *, #3922, .F. ) ;
#882 = AXIS2_PLACEMENT_3D ( 'NONE', #2432, #2575, #3336 ) ;
#883 = DIRECTION ( 'NONE',  ( 0.0000000000000000000, 0.0000000000000000000, -1.000000000000000000 ) ) ;
#884 = EDGE_CURVE ( 'NONE', #1754, #904, #5555, .T. ) ;
#885 = EDGE_LOOP ( 'NONE', ( #4546, #4050, #1366, #1477, #5138, #3341, #5313, #5451, #2858, #2275, #3517, #632, #5208, #2236, #3669, #138, #1230, #54, #4719, #880 ) ) ;
#886 = CARTESIAN_POINT ( 'NONE',  ( 4.700000000000000178, -5.000000000000000000, 4.956352788505170565E-15 ) ) ;
#887 = AXIS2_PLACEMENT_3D ( 'NONE', #4642, #490, #4672 ) ;
#888 = CARTESIAN_POINT ( 'NONE',  ( -5.350300081418200016, -8.506737538911771423, 1.000000000000000000 ) ) ;
#889 = CARTESIAN_POINT ( 'NONE',  ( 2.899999999999999911, -2.871681469282044930, -6.700000000000000178 ) ) ;
#890 = LINE ( 'NONE', #4644, #4650 ) ;
#891 = DIRECTION ( 'NONE',  ( 0.0000000000000000000, -1.000000000000000000, -3.491481338843135327E-15 ) ) ;
#892 = LINE ( 'NONE', #526, #4776 ) ;
#893 = CARTESIAN_POINT ( 'NONE',  ( 4.400000000000000355, -0.5999999999999999778, 5.500000000000000000 ) ) ;
#894 = LINE ( 'NONE', #2305, #1584 ) ;
#895 = CIRCLE ( 'NONE', #3256, 0.4000000000000001887 ) ;
#896 = ORIENTED_EDGE ( 'NONE', *, *, #5452, .T. ) ;
#897 = EDGE_LOOP ( 'NONE', ( #3022, #2782, #4028, #508 ) ) ;
#898 = AXIS2_PLACEMENT_3D ( 'NONE', #4619, #408, #4653 ) ;
#899 = CARTESIAN_POINT ( 'NONE',  ( -5.332207867653970368, -8.609343581909470799, 1.000000000000000000 ) ) ;
#900 = CIRCLE ( 'NONE', #210, 0.5999999999999998668 ) ;
#901 = CARTESIAN_POINT ( 'NONE',  ( 0.0000000000000000000, 0.0000000000000000000, -7.000000000000000000 ) ) ;
#902 = VECTOR ( 'NONE', #4988, 1000.000000000000000 ) ;
#903 = DIRECTION ( 'NONE',  ( 1.000000000000000000, 0.0000000000000000000, 0.0000000000000000000 ) ) ;
#904 = VERTEX_POINT ( 'NONE', #3652 ) ;
#905 = CARTESIAN_POINT ( 'NONE',  ( 1.750000000000000000, -0.5000000000000000000, -7.000000000000000000 ) ) ;
#906 = CIRCLE ( 'NONE', #5121, 0.5999999999999998668 ) ;
#907 = ORIENTED_EDGE ( 'NONE', *, *, #3612, .T. ) ;
#908 = EDGE_CURVE ( 'NONE', #2224, #226, #759, .T. ) ;
#909 = AXIS2_PLACEMENT_3D ( 'NONE', #5205, #938, #82 ) ;
#910 = CARTESIAN_POINT ( 'NONE',  ( 5.299999999999999822, -7.139230484541309707, -1.000000000000000000 ) ) ;
#911 = VERTEX_POINT ( 'NONE', #1306 ) ;
#912 = EDGE_LOOP ( 'NONE', ( #382, #4399, #2692, #3188 ) ) ;
#913 = CIRCLE ( 'NONE', #5729, 3.399999999999999911 ) ;
#914 = ORIENTED_EDGE ( 'NONE', *, *, #5915, .F. ) ;
#915 = EDGE_CURVE ( 'NONE', #5764, #4617, #2626, .T. ) ;
#916 = EDGE_CURVE ( 'NONE', #4857, #1100, #2879, .T. ) ;
#917 = LINE ( 'NONE', #1076, #229 ) ;
#918 = ORIENTED_EDGE ( 'NONE', *, *, #2023, .T. ) ;
#919 = FACE_OUTER_BOUND ( 'NONE', #5650, .T. ) ;
#920 = DIRECTION ( 'NONE',  ( 0.0000000000000000000, 1.000000000000000000, 0.0000000000000000000 ) ) ;
#921 = AXIS2_PLACEMENT_3D ( 'NONE', #3560, #3622, #1338 ) ;
#922 = CARTESIAN_POINT ( 'NONE',  ( -4.549999999999999822, 4.700000000000000178, 6.000000000000000000 ) ) ;
#923 = EDGE_CURVE ( 'NONE', #810, #1917, #4666, .T. ) ;
#924 = LINE ( 'NONE', #2327, #2284 ) ;
#925 = SURFACE_STYLE_FILL_AREA ( #4700 ) ;
#926 = DIRECTION ( 'NONE',  ( 9.293161478446768824E-17, 9.912705577010330480E-16, 1.000000000000000000 ) ) ;
#927 = DIRECTION ( 'NONE',  ( 0.0000000000000000000, 0.0000000000000000000, 1.000000000000000000 ) ) ;
#928 = ORIENTED_EDGE ( 'NONE', *, *, #3317, .T. ) ;
#929 = LINE ( 'NONE', #984, #5633 ) ;
#930 = DIRECTION ( 'NONE',  ( 0.0000000000000000000, 0.0000000000000000000, -1.000000000000000000 ) ) ;
#931 = LINE ( 'NONE', #45, #4186 ) ;
#932 = ORIENTED_EDGE ( 'NONE', *, *, #5679, .T. ) ;
#933 = CARTESIAN_POINT ( 'NONE',  ( 0.0000000000000000000, 30.00000000000000000, -3.399999999999999911 ) ) ;
#934 = ORIENTED_EDGE ( 'NONE', *, *, #2783, .F. ) ;
#935 = DIRECTION ( 'NONE',  ( 1.427704000175248097E-32, 1.000000000000000000, 6.123233995736769734E-17 ) ) ;
#936 = EDGE_LOOP ( 'NONE', ( #1113, #4462 ) ) ;
#937 = PRODUCT_RELATED_PRODUCT_CATEGORY ( 'part', '', ( #2895 ) ) ;
#938 = DIRECTION ( 'NONE',  ( -3.439160614977209983E-30, 1.445602896647340100E-15, 1.000000000000000000 ) ) ;
#939 = EDGE_LOOP ( 'NONE', ( #5114, #107, #3521, #5711 ) ) ;
#940 = EDGE_LOOP ( 'NONE', ( #1491, #3611, #2587, #19 ) ) ;
#941 = DIRECTION ( 'NONE',  ( 0.0000000000000000000, 0.0000000000000000000, 1.000000000000000000 ) ) ;
#942 = AXIS2_PLACEMENT_3D ( 'NONE', #3232, #1712, #3599 ) ;
#943 = ORIENTED_EDGE ( 'NONE', *, *, #5695, .T. ) ;
#944 = ADVANCED_FACE ( 'NONE', ( #5623 ), #3452, .F. ) ;
#945 = DIRECTION ( 'NONE',  ( 0.0000000000000000000, -3.491481338843135327E-15, 1.000000000000000000 ) ) ;
#946 = CARTESIAN_POINT ( 'NONE',  ( -3.249615361854385043, 30.00000000000000000, -0.4999999999999929501 ) ) ;
#947 = AXIS2_PLACEMENT_3D ( 'NONE', #5517, #996, #3425 ) ;
#948 = DIRECTION ( 'NONE',  ( 0.0000000000000000000, 0.0000000000000000000, 1.000000000000000000 ) ) ;
#949 = EDGE_CURVE ( 'NONE', #228, #2074, #3778, .T. ) ;
#950 = DIRECTION ( 'NONE',  ( 0.7071067811865514585, -0.7071067811865435759, -2.468850131082253116E-15 ) ) ;
#951 = ADVANCED_FACE ( 'NONE', ( #483 ), #1402, .F. ) ;
#952 = VECTOR ( 'NONE', #256, 1000.000000000000114 ) ;
#953 = DIRECTION ( 'NONE',  ( 0.0000000000000000000, 0.7071067811865500152, -0.7071067811865450192 ) ) ;
#954 = ORIENTED_EDGE ( 'NONE', *, *, #868, .T. ) ;
#955 = DIRECTION ( 'NONE',  ( 0.0000000000000000000, -1.000000000000000000, 2.328724070684970152E-16 ) ) ;
#956 = DIRECTION ( 'NONE',  ( 0.0000000000000000000, -1.000000000000000000, 1.445602896647339508E-15 ) ) ;
#957 = CARTESIAN_POINT ( 'NONE',  ( 5.000000000000000000, 0.0000000000000000000, 0.0000000000000000000 ) ) ;
#958 = PLANE ( 'NONE',  #5920 ) ;
#959 = PLANE ( 'NONE',  #744 ) ;
#960 = ORIENTED_EDGE ( 'NONE', *, *, #3160, .F. ) ;
#961 = CARTESIAN_POINT ( 'NONE',  ( -5.299999999999999822, -7.139230484541309707, 2.036054155654050124 ) ) ;
#962 = VERTEX_POINT ( 'NONE', #5294 ) ;
#963 = PRESENTATION_STYLE_ASSIGNMENT (( #1362 ) ) ;
#964 = ORIENTED_EDGE ( 'NONE', *, *, #2216, .F. ) ;
#965 = FACE_OUTER_BOUND ( 'NONE', #5798, .T. ) ;
#966 = ORIENTED_EDGE ( 'NONE', *, *, #1323, .T. ) ;
#967 = ORIENTED_EDGE ( 'NONE', *, *, #4600, .T. ) ;
#968 = CARTESIAN_POINT ( 'NONE',  ( 2.411637286715999640, 6.438782136739000350, 18.30368080707500056 ) ) ;
#969 = DIRECTION ( 'NONE',  ( 0.0000000000000000000, -1.000000000000000000, -4.336808689942015369E-15 ) ) ;
#970 = CIRCLE ( 'NONE', #5186, 3.399999999999999911 ) ;
#971 = EDGE_LOOP ( 'NONE', ( #2502, #1116, #1942, #5284 ) ) ;
#972 = DIRECTION ( 'NONE',  ( 0.0000000000000000000, 0.0000000000000000000, 1.000000000000000000 ) ) ;
#973 = LINE ( 'NONE', #3290, #4531 ) ;
#974 = AXIS2_PLACEMENT_3D ( 'NONE', #4313, #5264, #5849 ) ;
#975 = APPLICATION_CONTEXT ( 'automotive_design' ) ;
#976 = DIRECTION ( 'NONE',  ( 0.0000000000000000000, -9.912705577010330480E-16, -1.000000000000000000 ) ) ;
#977 = EDGE_CURVE ( 'NONE', #5953, #4293, #3287, .T. ) ;
#978 = PRODUCT_DEFINITION_SHAPE ( 'NONE', 'NONE',  #6094 ) ;
#979 = SURFACE_SIDE_STYLE ('',( #925 ) ) ;
#980 = EDGE_LOOP ( 'NONE', ( #1946, #4948, #681, #3192, #2049 ) ) ;
#981 = FACE_OUTER_BOUND ( 'NONE', #1269, .T. ) ;
#982 = LINE ( 'NONE', #5188, #2738 ) ;
#983 = ORIENTED_EDGE ( 'NONE', *, *, #2711, .T. ) ;
#984 = CARTESIAN_POINT ( 'NONE',  ( -5.650300081418220266, -5.000000000000000000, 5.500000000000000000 ) ) ;
#985 = EDGE_CURVE ( 'NONE', #5253, #3650, #917, .T. ) ;
#986 = CARTESIAN_POINT ( 'NONE',  ( 5.050300081418200193, -8.506737538911771423, -1.000000000000000000 ) ) ;
#987 = EDGE_CURVE ( 'NONE', #5346, #3948, #2321, .T. ) ;
#988 = CARTESIAN_POINT ( 'NONE',  ( -4.700000000000000178, -5.000000000000000000, 5.000000000000000000 ) ) ;
#989 = DIRECTION ( 'NONE',  ( 3.469446951953614978E-15, -1.000000000000000000, 8.260587980841940012E-17 ) ) ;
#990 = ORIENTED_EDGE ( 'NONE', *, *, #4783, .F. ) ;
#991 = CARTESIAN_POINT ( 'NONE',  ( -5.000000000000000000, -7.139230484541309707, 0.0000000000000000000 ) ) ;
#992 = ORIENTED_EDGE ( 'NONE', *, *, #1272, .F. ) ;
#993 = EDGE_CURVE ( 'NONE', #3645, #5678, #1409, .T. ) ;
#994 = AXIS2_PLACEMENT_3D ( 'NONE', #3135, #3633, #799 ) ;
#995 = VECTOR ( 'NONE', #5786, 1000.000000000000000 ) ;
#996 = DIRECTION ( 'NONE',  ( -1.000000000000000000, 8.131516293641278325E-17, 2.839103739574740393E-31 ) ) ;
#997 = EDGE_LOOP ( 'NONE', ( #4123, #4978, #4811, #3176 ) ) ;
#998 = VECTOR ( 'NONE', #493, 1000.000000000000000 ) ;
#999 = FACE_OUTER_BOUND ( 'NONE', #4807, .T. ) ;
#1000 = ORIENTED_EDGE ( 'NONE', *, *, #154, .T. ) ;
#1001 = EDGE_LOOP ( 'NONE', ( #1821, #548, #4831, #4001 ) ) ;
#1002 =( LENGTH_UNIT ( ) NAMED_UNIT ( * ) SI_UNIT ( .MILLI., .METRE. ) );
#1003 = AXIS2_PLACEMENT_3D ( 'NONE', #2157, #4603, #1302 ) ;
#1004 = AXIS2_PLACEMENT_3D ( 'NONE', #2401, #1105, #3332 ) ;
#1005 = ORIENTED_EDGE ( 'NONE', *, *, #4295, .F. ) ;
#1006 = FACE_OUTER_BOUND ( 'NONE', #2664, .T. ) ;
#1007 = CARTESIAN_POINT ( 'NONE',  ( -5.299999999999999822, -7.139230484541309707, 2.036054155654050124 ) ) ;
#1008 = PLANE ( 'NONE',  #3636 ) ;
#1009 = CARTESIAN_POINT ( 'NONE',  ( -0.4000000000000000222, -2.871681469282044930, -6.700000000000000178 ) ) ;
#1010 = CARTESIAN_POINT ( 'NONE',  ( 3.085872574535459822, 6.500000000000000000, 4.247339220468489884 ) ) ;
#1011 = DIRECTION ( 'NONE',  ( -1.000000000000000000, 0.0000000000000000000, 0.0000000000000000000 ) ) ;
#1012 = CARTESIAN_POINT ( 'NONE',  ( -3.085872574535459822, 6.500000000000000000, -4.997339220468489884 ) ) ;
#1013 = EDGE_CURVE ( 'NONE', #3717, #2450, #1893, .T. ) ;
#1014 = AXIS2_PLACEMENT_3D ( 'NONE', #5397, #121, #204 ) ;
#1015 = ORIENTED_EDGE ( 'NONE', *, *, #4223, .T. ) ;
#1016 = LINE ( 'NONE', #4278, #4739 ) ;
#1017 = LINE ( 'NONE', #4308, #1968 ) ;
#1018 = AXIS2_PLACEMENT_3D ( 'NONE', #3945, #3049, #316 ) ;
#1019 = DIRECTION ( 'NONE',  ( -0.0000000000000000000, 1.000000000000000000, 0.0000000000000000000 ) ) ;
#1020 = CARTESIAN_POINT ( 'NONE',  ( 0.0000000000000000000, 0.8000000000000000444, 0.0000000000000000000 ) ) ;
#1021 = ADVANCED_FACE ( 'NONE', ( #2786 ), #1430, .T. ) ;
#1022 = ADVANCED_FACE ( 'NONE', ( #5146 ), #4693, .F. ) ;
#1023 = CARTESIAN_POINT ( 'NONE',  ( 6.638531103166360303, -0.5000000000000000000, -7.000000000000000000 ) ) ;
#1024 = VERTEX_POINT ( 'NONE', #4233 ) ;
#1025 = CARTESIAN_POINT ( 'NONE',  ( -4.700000000000000178, 1.734723475976804570E-14, -1.000000000000000000 ) ) ;
#1026 = ORIENTED_EDGE ( 'NONE', *, *, #3612, .F. ) ;
#1027 = EDGE_CURVE ( 'NONE', #2323, #2618, #3774, .T. ) ;
#1028 = ORIENTED_EDGE ( 'NONE', *, *, #5495, .F. ) ;
#1029 = ORIENTED_EDGE ( 'NONE', *, *, #6037, .T. ) ;
#1030 = CARTESIAN_POINT ( 'NONE',  ( 0.0000000000000000000, 0.0000000000000000000, 0.0000000000000000000 ) ) ;
#1031 = VERTEX_POINT ( 'NONE', #2845 ) ;
#1032 = PLANE ( 'NONE',  #4241 ) ;
#1033 = EDGE_CURVE ( 'NONE', #911, #83, #5835, .T. ) ;
#1034 = FACE_OUTER_BOUND ( 'NONE', #5598, .T. ) ;
#1035 = LINE ( 'NONE', #5152, #192 ) ;
#1036 = DIRECTION ( 'NONE',  ( 0.0000000000000000000, 0.0000000000000000000, 1.000000000000000000 ) ) ;
#1037 = VECTOR ( 'NONE', #4656, 1000.000000000000000 ) ;
#1038 = CARTESIAN_POINT ( 'NONE',  ( 0.4000000000000000222, -6.871681469282040489, -6.700000000000000178 ) ) ;
#1039 = EDGE_LOOP ( 'NONE', ( #5491, #4497 ) ) ;
#1040 = DIRECTION ( 'NONE',  ( -0.3420201433256661039, -0.9396926207859093161, 0.0000000000000000000 ) ) ;
#1041 = PLANE ( 'NONE',  #2440 ) ;
#1042 = ORIENTED_EDGE ( 'NONE', *, *, #1770, .T. ) ;
#1043 = DIRECTION ( 'NONE',  ( 8.475862455485468736E-17, 2.328724070684970152E-16, 1.000000000000000000 ) ) ;
#1044 = DIRECTION ( 'NONE',  ( 0.7071067811865514585, -0.7071067811865435759, -2.468850131082253116E-15 ) ) ;
#1045 = CIRCLE ( 'NONE', #1229, 0.7499999999999997780 ) ;
#1046 = DIRECTION ( 'NONE',  ( 0.0000000000000000000, 0.0000000000000000000, 1.000000000000000000 ) ) ;
#1047 = LINE ( 'NONE', #5262, #216 ) ;
#1048 = CIRCLE ( 'NONE', #3509, 0.4000000000000001887 ) ;
#1049 = CARTESIAN_POINT ( 'NONE',  ( 4.250000000000000000, 5.000000000000000000, -5.500000000000000000 ) ) ;
#1050 = ORIENTED_EDGE ( 'NONE', *, *, #3865, .F. ) ;
#1051 = ADVANCED_FACE ( 'NONE', ( #4266 ), #55, .T. ) ;
#1052 = LINE ( 'NONE', #2839, #1141 ) ;
#1053 = VERTEX_POINT ( 'NONE', #1540 ) ;
#1054 = ORIENTED_EDGE ( 'NONE', *, *, #4324, .T. ) ;
#1055 = ORIENTED_EDGE ( 'NONE', *, *, #3805, .T. ) ;
#1056 = EDGE_CURVE ( 'NONE', #3038, #1823, #2584, .T. ) ;
#1057 = EDGE_CURVE ( 'NONE', #1456, #206, #3081, .T. ) ;
#1058 = ORIENTED_EDGE ( 'NONE', *, *, #1238, .T. ) ;
#1059 = CARTESIAN_POINT ( 'NONE',  ( 0.0000000000000000000, 18.00000000000000000, -3.399999999999999911 ) ) ;
#1060 = CARTESIAN_POINT ( 'NONE',  ( -4.400000000000000355, -5.000000000000000000, 5.000000000000000000 ) ) ;
#1061 = CARTESIAN_POINT ( 'NONE',  ( 5.281328311809639686, -9.626275332752589620, -1.000000000000000000 ) ) ;
#1062 = CYLINDRICAL_SURFACE ( 'NONE', #5530, 0.8749999999999998890 ) ;
#1063 = ORIENTED_EDGE ( 'NONE', *, *, #2821, .F. ) ;
#1064 = AXIS2_PLACEMENT_3D ( 'NONE', #179, #3992, #2041 ) ;
#1065 = DIRECTION ( 'NONE',  ( -1.000000000000000000, 0.0000000000000000000, 1.208110992198138076E-15 ) ) ;
#1066 = DIRECTION ( 'NONE',  ( 3.887636238444034343E-17, -1.000000000000000000, 9.912705577010340341E-16 ) ) ;
#1067 = EDGE_LOOP ( 'NONE', ( #221, #530, #6056, #2383, #3236, #4781, #1432, #5, #4935 ) ) ;
#1068 = CARTESIAN_POINT ( 'NONE',  ( 3.249615361854385043, 29.50000000000000000, -1.000000000000000000 ) ) ;
#1069 = VECTOR ( 'NONE', #3827, 1000.000000000000000 ) ;
#1070 = AXIS2_PLACEMENT_3D ( 'NONE', #459, #2792, #4697 ) ;
#1071 = LINE ( 'NONE', #1906, #698 ) ;
#1072 = CYLINDRICAL_SURFACE ( 'NONE', #4489, 0.5999999999999998668 ) ;
#1073 = FACE_OUTER_BOUND ( 'NONE', #5765, .T. ) ;
#1074 = ORIENTED_EDGE ( 'NONE', *, *, #3308, .T. ) ;
#1075 = VERTEX_POINT ( 'NONE', #4401 ) ;
#1076 = CARTESIAN_POINT ( 'NONE',  ( 5.000000000000000000, -0.5999999999999999778, -5.500000000000000000 ) ) ;
#1077 = LINE ( 'NONE', #3397, #4966 ) ;
#1078 = ORIENTED_EDGE ( 'NONE', *, *, #5605, .T. ) ;
#1079 = VECTOR ( 'NONE', #3605, 1000.000000000000000 ) ;
#1080 = ORIENTED_EDGE ( 'NONE', *, *, #4014, .F. ) ;
#1081 = EDGE_CURVE ( 'NONE', #5346, #1328, #5034, .T. ) ;
#1082 = ORIENTED_EDGE ( 'NONE', *, *, #4022, .T. ) ;
#1083 = APPLICATION_PROTOCOL_DEFINITION ( 'draft international standard', 'automotive_design', 1998, #1281 ) ;
#1084 = VECTOR ( 'NONE', #3874, 1000.000000000000000 ) ;
#1085 = VECTOR ( 'NONE', #5057, 1000.000000000000000 ) ;
#1086 = VERTEX_POINT ( 'NONE', #5445 ) ;
#1087 = FACE_OUTER_BOUND ( 'NONE', #4133, .T. ) ;
#1088 = DIRECTION ( 'NONE',  ( 0.0000000000000000000, 1.322726650432316514E-14, 1.000000000000000000 ) ) ;
#1089 = EDGE_CURVE ( 'NONE', #4172, #5079, #2389, .T. ) ;
#1090 = AXIS2_PLACEMENT_3D ( 'NONE', #1060, #578, #1524 ) ;
#1091 = EDGE_CURVE ( 'NONE', #3919, #5756, #3380, .T. ) ;
#1092 = LINE ( 'NONE', #5806, #1756 ) ;
#1093 = DIRECTION ( 'NONE',  ( 1.000000000000000000, -3.957894949482604723E-17, 9.912705577010360062E-16 ) ) ;
#1094 = AXIS2_PLACEMENT_3D ( 'NONE', #636, #2476, #4411 ) ;
#1095 = VECTOR ( 'NONE', #1983, 1000.000000000000114 ) ;
#1096 = ORIENTED_EDGE ( 'NONE', *, *, #2178, .T. ) ;
#1097 = DIRECTION ( 'NONE',  ( 1.000000000000000000, 0.0000000000000000000, 0.0000000000000000000 ) ) ;
#1098 = CARTESIAN_POINT ( 'NONE',  ( 3.085872574535459822, 6.500000000000000000, 4.247339220468489884 ) ) ;
#1099 = EDGE_CURVE ( 'NONE', #4098, #1487, #233, .T. ) ;
#1100 = VERTEX_POINT ( 'NONE', #4031 ) ;
#1101 = AXIS2_PLACEMENT_3D ( 'NONE', #3691, #339, #1345 ) ;
#1102 = DIRECTION ( 'NONE',  ( 0.0000000000000000000, 1.000000000000000000, 0.0000000000000000000 ) ) ;
#1103 = FACE_OUTER_BOUND ( 'NONE', #3614, .T. ) ;
#1104 = CARTESIAN_POINT ( 'NONE',  ( 5.000000000000000000, -0.5999999999999999778, -5.500000000000000000 ) ) ;
#1105 = DIRECTION ( 'NONE',  ( 0.0000000000000000000, -1.000000000000000000, 0.0000000000000000000 ) ) ;
#1106 = EDGE_CURVE ( 'NONE', #5709, #1630, #533, .T. ) ;
#1107 = ORIENTED_EDGE ( 'NONE', *, *, #4030, .T. ) ;
#1108 = ORIENTED_EDGE ( 'NONE', *, *, #5612, .T. ) ;
#1109 = AXIS2_PLACEMENT_3D ( 'NONE', #2726, #5490, #3591 ) ;
#1110 = DIRECTION ( 'NONE',  ( 0.0000000000000000000, -1.000000000000000000, -3.491481338843135327E-15 ) ) ;
#1111 = DIRECTION ( 'NONE',  ( 1.427704000175248097E-32, -3.552713678800500140E-15, 1.000000000000000000 ) ) ;
#1112 = EDGE_LOOP ( 'NONE', ( #2220, #2536, #2031, #5417, #3880, #5327, #3047, #4169, #1538, #5410, #1977, #1260, #2746, #1096, #1692, #1163, #6083, #3587, #5682, #5272 ) ) ;
#1113 = ORIENTED_EDGE ( 'NONE', *, *, #4662, .F. ) ;
#1114 = VERTEX_POINT ( 'NONE', #2545 ) ;
#1115 = CONTEXT_DEPENDENT_SHAPE_REPRESENTATION ( #352, #978 ) ;
#1116 = ORIENTED_EDGE ( 'NONE', *, *, #190, .T. ) ;
#1117 = CARTESIAN_POINT ( 'NONE',  ( 1.092959790949050047, -1.052423092979900110, 0.0000000000000000000 ) ) ;
#1118 = CARTESIAN_POINT ( 'NONE',  ( -5.000000000000000000, 1.725951194674155159E-14, -1.750000000000000000 ) ) ;
#1119 = LINE ( 'NONE', #2097, #3264 ) ;
#1120 = CARTESIAN_POINT ( 'NONE',  ( -8.351217930165400816, -0.3146816060529594727, -1.000000000000000000 ) ) ;
#1121 = FACE_OUTER_BOUND ( 'NONE', #1421, .T. ) ;
#1122 = ADVANCED_FACE ( 'NONE', ( #4431 ), #1631, .F. ) ;
#1123 = EDGE_LOOP ( 'NONE', ( #3544, #1706 ) ) ;
#1124 = CARTESIAN_POINT ( 'NONE',  ( -4.400000000000000355, -0.5999999999999999778, -5.500000000000000000 ) ) ;
#1125 = DIRECTION ( 'NONE',  ( -1.000000000000000000, 0.0000000000000000000, 0.0000000000000000000 ) ) ;
#1126 = VERTEX_POINT ( 'NONE', #223 ) ;
#1127 = FACE_OUTER_BOUND ( 'NONE', #188, .T. ) ;
#1128 = DIRECTION ( 'NONE',  ( -1.000000000000000000, 0.0000000000000000000, 0.0000000000000000000 ) ) ;
#1129 = EDGE_CURVE ( 'NONE', #4069, #5601, #3975, .T. ) ;
#1130 = ADVANCED_FACE ( 'NONE', ( #1136 ), #5949, .F. ) ;
#1131 = AXIS2_PLACEMENT_3D ( 'NONE', #2122, #4437, #227 ) ;
#1132 = DIRECTION ( 'NONE',  ( 0.0000000000000000000, 0.0000000000000000000, -1.000000000000000000 ) ) ;
#1133 = DIRECTION ( 'NONE',  ( 3.451902389348305348E-15, -1.000000000000000000, 0.0000000000000000000 ) ) ;
#1134 = EDGE_LOOP ( 'NONE', ( #2754, #5243 ) ) ;
#1135 = ORIENTED_EDGE ( 'NONE', *, *, #3349, .T. ) ;
#1136 = FACE_OUTER_BOUND ( 'NONE', #2228, .T. ) ;
#1137 = STYLED_ITEM ( 'NONE', ( #93 ), #2883 ) ;
#1138 = EDGE_CURVE ( 'NONE', #46, #1781, #5826, .T. ) ;
#1139 = DIRECTION ( 'NONE',  ( 0.0000000000000000000, 0.0000000000000000000, 1.000000000000000000 ) ) ;
#1140 = EDGE_LOOP ( 'NONE', ( #3021, #1212, #2408, #1715 ) ) ;
#1141 = VECTOR ( 'NONE', #2434, 1000.000000000000000 ) ;
#1142 = EDGE_LOOP ( 'NONE', ( #1454, #3886, #1763, #394 ) ) ;
#1143 = ORIENTED_EDGE ( 'NONE', *, *, #2519, .F. ) ;
#1144 = DIRECTION ( 'NONE',  ( 0.0000000000000000000, 0.0000000000000000000, 1.000000000000000000 ) ) ;
#1145 = EDGE_LOOP ( 'NONE', ( #1891, #2025, #3482, #3744 ) ) ;
#1146 = DIRECTION ( 'NONE',  ( 0.0000000000000000000, -4.336808689942015369E-15, 1.000000000000000000 ) ) ;
#1147 = PLANE ( 'NONE',  #4145 ) ;
#1148 = DIRECTION ( 'NONE',  ( 0.0000000000000000000, 1.000000000000000000, 0.0000000000000000000 ) ) ;
#1149 = DIRECTION ( 'NONE',  ( -1.000000000000000000, 0.0000000000000000000, 0.0000000000000000000 ) ) ;
#1150 = ORIENTED_EDGE ( 'NONE', *, *, #5150, .T. ) ;
#1151 = CARTESIAN_POINT ( 'NONE',  ( 5.299999999999999822, -7.139230484541309707, 1.000000000000000000 ) ) ;
#1152 = FACE_OUTER_BOUND ( 'NONE', #3005, .T. ) ;
#1153 = EDGE_LOOP ( 'NONE', ( #1080, #1851, #5705, #4795 ) ) ;
#1154 = ADVANCED_FACE ( 'NONE', ( #716 ), #5857, .F. ) ;
#1155 = FACE_OUTER_BOUND ( 'NONE', #325, .T. ) ;
#1156 = LINE ( 'NONE', #1557, #4645 ) ;
#1157 = DIRECTION ( 'NONE',  ( 3.439160614977209983E-30, 9.912705577010340341E-16, 1.000000000000000000 ) ) ;
#1158 = DIRECTION ( 'NONE',  ( 0.0000000000000000000, 0.0000000000000000000, 1.000000000000000000 ) ) ;
#1159 = AXIS2_PLACEMENT_3D ( 'NONE', #1023, #1969, #78 ) ;
#1160 = ORIENTED_EDGE ( 'NONE', *, *, #3089, .T. ) ;
#1161 = EDGE_CURVE ( 'NONE', #46, #1880, #2991, .T. ) ;
#1162 = ADVANCED_FACE ( 'NONE', ( #4495 ), #3018, .F. ) ;
#1163 = ORIENTED_EDGE ( 'NONE', *, *, #162, .T. ) ;
#1164 = CARTESIAN_POINT ( 'NONE',  ( -3.085872574535459822, 5.000000000000000000, -4.247339220468489884 ) ) ;
#1165 = DIRECTION ( 'NONE',  ( 0.0000000000000000000, 0.0000000000000000000, -1.000000000000000000 ) ) ;
#1166 = ORIENTED_EDGE ( 'NONE', *, *, #3240, .T. ) ;
#1167 = CARTESIAN_POINT ( 'NONE',  ( -5.000000000000000000, -5.000000000000000000, 2.750000000000000000 ) ) ;
#1168 = VERTEX_POINT ( 'NONE', #4464 ) ;
#1169 = ADVANCED_FACE ( 'NONE', ( #254 ), #3541, .F. ) ;
#1170 = VERTEX_POINT ( 'NONE', #282 ) ;
#1171 = APPLICATION_CONTEXT ( 'automotive_design' ) ;
#1172 = DIRECTION ( 'NONE',  ( -1.000000000000000000, 3.452604976458695348E-15, 0.0000000000000000000 ) ) ;
#1173 = ORIENTED_EDGE ( 'NONE', *, *, #3360, .F. ) ;
#1174 = FACE_OUTER_BOUND ( 'NONE', #4792, .T. ) ;
#1175 = VECTOR ( 'NONE', #6046, 1000.000000000000000 ) ;
#1176 = DIRECTION ( 'NONE',  ( 0.0000000000000000000, 1.000000000000000000, 0.0000000000000000000 ) ) ;
#1177 = CARTESIAN_POINT ( 'NONE',  ( -5.650300081418239806, -1.951176711514149804E-14, -1.000000000000000000 ) ) ;
#1178 = DIRECTION ( 'NONE',  ( 0.0000000000000000000, 0.0000000000000000000, 1.000000000000000000 ) ) ;
#1179 = AXIS2_PLACEMENT_3D ( 'NONE', #1151, #3990, #3035 ) ;
#1180 = ORIENTED_EDGE ( 'NONE', *, *, #222, .F. ) ;
#1181 = VECTOR ( 'NONE', #1774, 1000.000000000000000 ) ;
#1182 = CARTESIAN_POINT ( 'NONE',  ( -4.250000000000000000, 4.700000000000000178, -5.500000000000000000 ) ) ;
#1183 = DIRECTION ( 'NONE',  ( 1.000000000000000000, 0.0000000000000000000, 9.912705577010322591E-16 ) ) ;
#1184 = AXIS2_PLACEMENT_3D ( 'NONE', #1117, #236, #199 ) ;
#1185 = FACE_OUTER_BOUND ( 'NONE', #2350, .T. ) ;
#1186 = CARTESIAN_POINT ( 'NONE',  ( -4.700000000000000178, 1.867237074836144912E-14, 2.750000000000000000 ) ) ;
#1187 = VECTOR ( 'NONE', #4045, 1000.000000000000000 ) ;
#1188 = LINE ( 'NONE', #4940, #2660 ) ;
#1189 = AXIS2_PLACEMENT_3D ( 'NONE', #1020, #5195, #4799 ) ;
#1190 = EDGE_CURVE ( 'NONE', #1340, #5434, #301, .T. ) ;
#1191 = LINE ( 'NONE', #3077, #1175 ) ;
#1192 = AXIS2_PLACEMENT_3D ( 'NONE', #1471, #5228, #1962 ) ;
#1193 = EDGE_LOOP ( 'NONE', ( #4061, #5099, #3106, #1391 ) ) ;
#1194 = ORIENTED_EDGE ( 'NONE', *, *, #4884, .T. ) ;
#1195 = DIRECTION ( 'NONE',  ( 1.000000000000000000, 0.0000000000000000000, 0.0000000000000000000 ) ) ;
#1196 = AXIS2_PLACEMENT_3D ( 'NONE', #34, #6093, #2420 ) ;
#1197 = EDGE_CURVE ( 'NONE', #5332, #4005, #653, .T. ) ;
#1198 = LINE ( 'NONE', #3083, #4195 ) ;
#1199 = EDGE_CURVE ( 'NONE', #4590, #4894, #1570, .T. ) ;
#1200 = ORIENTED_EDGE ( 'NONE', *, *, #1129, .T. ) ;
#1201 = LINE ( 'NONE', #1663, #4380 ) ;
#1202 = ORIENTED_EDGE ( 'NONE', *, *, #1089, .F. ) ;
#1203 = VECTOR ( 'NONE', #1093, 1000.000000000000000 ) ;
#1204 = ORIENTED_EDGE ( 'NONE', *, *, #1033, .F. ) ;
#1205 = EDGE_CURVE ( 'NONE', #4564, #1340, #2308, .T. ) ;
#1206 = EDGE_CURVE ( 'NONE', #2778, #1222, #1672, .T. ) ;
#1207 = ORIENTED_EDGE ( 'NONE', *, *, #5234, .F. ) ;
#1208 = DIRECTION ( 'NONE',  ( -1.000000000000000000, 0.0000000000000000000, 0.0000000000000000000 ) ) ;
#1209 = DIRECTION ( 'NONE',  ( 0.0000000000000000000, 1.000000000000000000, 0.0000000000000000000 ) ) ;
#1210 = FACE_OUTER_BOUND ( 'NONE', #5577, .T. ) ;
#1211 = DIRECTION ( 'NONE',  ( 0.0000000000000000000, 1.000000000000000000, 0.0000000000000000000 ) ) ;
#1212 = ORIENTED_EDGE ( 'NONE', *, *, #2971, .T. ) ;
#1213 = CARTESIAN_POINT ( 'NONE',  ( -0.7500000000000000000, -0.5000000000000000000, -6.700000000000000178 ) ) ;
#1214 = PLANE ( 'NONE',  #2238 ) ;
#1215 = CARTESIAN_POINT ( 'NONE',  ( 0.7500000000000000000, -0.2000000000000000111, -9.000000000000000000 ) ) ;
#1216 = CARTESIAN_POINT ( 'NONE',  ( 0.0000000000000000000, -6.871681469282040489, -6.700000000000000178 ) ) ;
#1217 = CARTESIAN_POINT ( 'NONE',  ( 5.000000000000000000, -5.000000000000000000, -8.673617379884008651E-15 ) ) ;
#1218 = FACE_BOUND ( 'NONE', #5106, .T. ) ;
#1219 = LINE ( 'NONE', #5349, #16 ) ;
#1220 = PLANE ( 'NONE',  #2645 ) ;
#1221 = ORIENTED_EDGE ( 'NONE', *, *, #3887, .F. ) ;
#1222 = VERTEX_POINT ( 'NONE', #7 ) ;
#1223 = CARTESIAN_POINT ( 'NONE',  ( -4.400000000000000355, -0.5999999999999999778, -5.500000000000000000 ) ) ;
#1224 = AXIS2_PLACEMENT_3D ( 'NONE', #5984, #3146, #4565 ) ;
#1225 = FACE_OUTER_BOUND ( 'NONE', #2727, .T. ) ;
#1226 = ORIENTED_EDGE ( 'NONE', *, *, #4412, .F. ) ;
#1227 = DIRECTION ( 'NONE',  ( -1.000000000000000000, 0.0000000000000000000, 0.0000000000000000000 ) ) ;
#1228 = ORIENTED_EDGE ( 'NONE', *, *, #4635, .F. ) ;
#1229 = AXIS2_PLACEMENT_3D ( 'NONE', #726, #234, #261 ) ;
#1230 = ORIENTED_EDGE ( 'NONE', *, *, #3771, .T. ) ;
#1231 = EDGE_CURVE ( 'NONE', #781, #5829, #1274, .T. ) ;
#1232 = LINE ( 'NONE', #4983, #3008 ) ;
#1233 = VECTOR ( 'NONE', #2309, 1000.000000000000000 ) ;
#1234 = VERTEX_POINT ( 'NONE', #1844 ) ;
#1235 = DIRECTION ( 'NONE',  ( 0.0000000000000000000, 1.000000000000000000, 0.0000000000000000000 ) ) ;
#1236 = CARTESIAN_POINT ( 'NONE',  ( 5.000000000000000000, -5.000000000000000000, 3.250000000000000000 ) ) ;
#1237 = DIRECTION ( 'NONE',  ( -1.000000000000000000, 0.0000000000000000000, 0.0000000000000000000 ) ) ;
#1238 = EDGE_CURVE ( 'NONE', #3429, #904, #2335, .T. ) ;
#1239 = PRESENTATION_STYLE_ASSIGNMENT (( #731 ) ) ;
#1240 = EDGE_CURVE ( 'NONE', #3906, #5610, #5476, .T. ) ;
#1241 = CARTESIAN_POINT ( 'NONE',  ( -5.650300081418220266, -6.299999999999999822, 1.000000000000000000 ) ) ;
#1242 = ORIENTED_EDGE ( 'NONE', *, *, #3206, .T. ) ;
#1243 = CARTESIAN_POINT ( 'NONE',  ( -10.10685834705772024, -5.599999999999999645, -3.250000000000000000 ) ) ;
#1244 = DIRECTION ( 'NONE',  ( 0.0000000000000000000, -1.000000000000000000, -7.228014483236697541E-16 ) ) ;
#1245 = LINE ( 'NONE', #2263, #1956 ) ;
#1246 = EDGE_CURVE ( 'NONE', #291, #413, #1289, .T. ) ;
#1247 = DIRECTION ( 'NONE',  ( 6.846053866033490793E-16, -2.323922141233004793E-16, 1.000000000000000000 ) ) ;
#1248 = DIRECTION ( 'NONE',  ( 1.000000000000000000, 3.469446951953614978E-15, 0.0000000000000000000 ) ) ;
#1249 = DIRECTION ( 'NONE',  ( 8.131516293641278325E-17, 1.000000000000000000, 3.491481338843135327E-15 ) ) ;
#1250 = LINE ( 'NONE', #1317, #2258 ) ;
#1251 = DIRECTION ( 'NONE',  ( -0.8660254037844379305, -0.5000000000000011102, 1.232595164407832862E-32 ) ) ;
#1252 = ORIENTED_EDGE ( 'NONE', *, *, #463, .F. ) ;
#1253 = CYLINDRICAL_SURFACE ( 'NONE', #713, 0.5999999999999998668 ) ;
#1254 = CARTESIAN_POINT ( 'NONE',  ( -4.549999999999999822, 0.2999999999999999889, 6.000000000000000000 ) ) ;
#1255 = CARTESIAN_POINT ( 'NONE',  ( 4.400000000000000355, -2.168404344971009854E-16, 5.500000000000000000 ) ) ;
#1256 = EDGE_LOOP ( 'NONE', ( #2686, #5637, #1358, #5360 ) ) ;
#1257 = AXIS2_PLACEMENT_3D ( 'NONE', #5089, #430, #1708 ) ;
#1258 = CARTESIAN_POINT ( 'NONE',  ( 5.000000000000000000, -6.871681469282040489, -6.700000000000000178 ) ) ;
#1259 = VERTEX_POINT ( 'NONE', #1749 ) ;
#1260 = ORIENTED_EDGE ( 'NONE', *, *, #923, .F. ) ;
#1261 = DIRECTION ( 'NONE',  ( 1.000000000000000000, 3.452604976458695348E-15, 0.0000000000000000000 ) ) ;
#1262 = ORIENTED_EDGE ( 'NONE', *, *, #1848, .T. ) ;
#1263 = LINE ( 'NONE', #292, #4637 ) ;
#1264 = DIRECTION ( 'NONE',  ( -5.396450432667169795E-30, -1.734723475976805122E-15, 1.000000000000000000 ) ) ;
#1265 = VERTEX_POINT ( 'NONE', #5604 ) ;
#1266 = ORIENTED_EDGE ( 'NONE', *, *, #88, .F. ) ;
#1267 =( NAMED_UNIT ( * ) SI_UNIT ( $, .STERADIAN. ) SOLID_ANGLE_UNIT ( ) );
#1268 = DIRECTION ( 'NONE',  ( 0.7071067811865435759, -0.7071067811865515695, -2.468850131082278754E-15 ) ) ;
#1269 = EDGE_LOOP ( 'NONE', ( #115, #4421, #1755, #3728 ) ) ;
#1270 = EDGE_CURVE ( 'NONE', #5649, #2024, #2854, .T. ) ;
#1271 = DIRECTION ( 'NONE',  ( 1.000000000000000000, 0.0000000000000000000, -9.912705577010326536E-16 ) ) ;
#1272 = EDGE_CURVE ( 'NONE', #1480, #6088, #837, .T. ) ;
#1273 = DIRECTION ( 'NONE',  ( 1.719580307488610247E-30, -7.228014483236700500E-16, 1.000000000000000000 ) ) ;
#1274 = CIRCLE ( 'NONE', #4034, 0.7499999999999997780 ) ;
#1275 = PLANE ( 'NONE',  #1661 ) ;
#1276 = LINE ( 'NONE', #4054, #2684 ) ;
#1277 = AXIS2_PLACEMENT_3D ( 'NONE', #4334, #585, #4793 ) ;
#1278 = CARTESIAN_POINT ( 'NONE',  ( 5.000000000000000000, -1.726653781784555177E-14, -2.750000000000000000 ) ) ;
#1279 = CIRCLE ( 'NONE', #2062, 0.2999999999999999334 ) ;
#1280 = CARTESIAN_POINT ( 'NONE',  ( 2.899999999999999911, -2.871681469282044930, -6.500000000000000000 ) ) ;
#1281 = APPLICATION_CONTEXT ( 'automotive_design' ) ;
#1282 = PLANE ( 'NONE',  #994 ) ;
#1283 = EDGE_CURVE ( 'NONE', #2196, #2753, #307, .T. ) ;
#1284 = VECTOR ( 'NONE', #466, 1000.000000000000000 ) ;
#1285 = LINE ( 'NONE', #4557, #5688 ) ;
#1286 = ORIENTED_EDGE ( 'NONE', *, *, #2052, .F. ) ;
#1287 = CIRCLE ( 'NONE', #1003, 0.8749999999999998890 ) ;
#1288 = LINE ( 'NONE', #803, #1890 ) ;
#1289 = LINE ( 'NONE', #2276, #3938 ) ;
#1290 = VECTOR ( 'NONE', #3824, 1000.000000000000000 ) ;
#1291 = VECTOR ( 'NONE', #3791, 1000.000000000000000 ) ;
#1292 = LINE ( 'NONE', #901, #4686 ) ;
#1293 = ADVANCED_FACE ( 'NONE', ( #5981 ), #5507, .F. ) ;
#1294 = DIRECTION ( 'NONE',  ( 1.000000000000000000, 0.0000000000000000000, 0.0000000000000000000 ) ) ;
#1295 = ORIENTED_EDGE ( 'NONE', *, *, #1467, .F. ) ;
#1296 = CARTESIAN_POINT ( 'NONE',  ( 5.000000000000000000, -6.299999999999999822, 2.958228394578795321E-30 ) ) ;
#1297 = ORIENTED_EDGE ( 'NONE', *, *, #1246, .T. ) ;
#1298 = DIRECTION ( 'NONE',  ( -1.000000000000000000, 3.452604976458695348E-15, 0.0000000000000000000 ) ) ;
#1299 = ORIENTED_EDGE ( 'NONE', *, *, #6070, .F. ) ;
#1300 = VECTOR ( 'NONE', #2696, 1000.000000000000000 ) ;
#1301 = DIRECTION ( 'NONE',  ( 0.0000000000000000000, 0.0000000000000000000, 1.000000000000000000 ) ) ;
#1302 = DIRECTION ( 'NONE',  ( -1.000000000000000000, 0.0000000000000000000, 9.912705577010326536E-16 ) ) ;
#1303 = ORIENTED_EDGE ( 'NONE', *, *, #1246, .F. ) ;
#1304 = ORIENTED_EDGE ( 'NONE', *, *, #162, .F. ) ;
#1305 =( LENGTH_UNIT ( ) NAMED_UNIT ( * ) SI_UNIT ( .MILLI., .METRE. ) );
#1306 = CARTESIAN_POINT ( 'NONE',  ( 5.650300081418199838, -8.506737538911771423, 1.000000000000000000 ) ) ;
#1307 = EDGE_CURVE ( 'NONE', #1961, #570, #2708, .T. ) ;
#1308 = AXIS2_PLACEMENT_3D ( 'NONE', #3424, #4375, #4003 ) ;
#1309 = VERTEX_POINT ( 'NONE', #2239 ) ;
#1310 = CARTESIAN_POINT ( 'NONE',  ( -0.7500000000000000000, 0.0000000000000000000, -4.349999999999999645 ) ) ;
#1311 = DIRECTION ( 'NONE',  ( -1.486905836551552037E-15, 9.912705577010330480E-16, 1.000000000000000000 ) ) ;
#1312 = CARTESIAN_POINT ( 'NONE',  ( -5.310107702553530373, -8.356737538911771068, 0.0000000000000000000 ) ) ;
#1313 = FACE_OUTER_BOUND ( 'NONE', #5486, .T. ) ;
#1314 = EDGE_CURVE ( 'NONE', #3244, #3773, #6012, .T. ) ;
#1315 = FACE_OUTER_BOUND ( 'NONE', #4572, .T. ) ;
#1316 = DIRECTION ( 'NONE',  ( 1.000000000000000000, 0.0000000000000000000, 0.0000000000000000000 ) ) ;
#1317 = CARTESIAN_POINT ( 'NONE',  ( 4.780384757729359890, -7.439230484541309529, 0.0000000000000000000 ) ) ;
#1318 = CARTESIAN_POINT ( 'NONE',  ( -4.999420525573859742, -9.523669289754890244, 1.000000000000000000 ) ) ;
#1319 = EDGE_LOOP ( 'NONE', ( #1063, #2878, #4842, #6092 ) ) ;
#1320 = DIRECTION ( 'NONE',  ( 1.000000000000000000, 0.0000000000000000000, 0.0000000000000000000 ) ) ;
#1321 = EDGE_CURVE ( 'NONE', #3084, #6026, #1815, .T. ) ;
#1322 = CARTESIAN_POINT ( 'NONE',  ( -4.726680083854650327, -5.983658172444569878, -1.000000000000000000 ) ) ;
#1323 = EDGE_CURVE ( 'NONE', #1086, #3455, #3239, .T. ) ;
#1324 = DIRECTION ( 'NONE',  ( 0.0000000000000000000, 1.000000000000000000, 7.228014483236697541E-16 ) ) ;
#1325 = CARTESIAN_POINT ( 'NONE',  ( 4.457618039375161878, -7.145766520281829237, 1.200153863164407923E-15 ) ) ;
#1326 = ORIENTED_EDGE ( 'NONE', *, *, #1919, .T. ) ;
#1327 = DIRECTION ( 'NONE',  ( 0.0000000000000000000, 0.0000000000000000000, 1.000000000000000000 ) ) ;
#1328 = VERTEX_POINT ( 'NONE', #899 ) ;
#1329 = VECTOR ( 'NONE', #1249, 1000.000000000000000 ) ;
#1330 = ADVANCED_FACE ( 'NONE', ( #867 ), #2739, .T. ) ;
#1331 = APPLICATION_CONTEXT ( 'automotive_design' ) ;
#1332 = ORIENTED_EDGE ( 'NONE', *, *, #4469, .T. ) ;
#1333 = CIRCLE ( 'NONE', #557, 0.7499999999999997780 ) ;
#1334 = CARTESIAN_POINT ( 'NONE',  ( 3.085872574535459822, -10.56696795353849971, 4.247339220468489884 ) ) ;
#1335 = ORIENTED_EDGE ( 'NONE', *, *, #1027, .T. ) ;
#1336 = VERTEX_POINT ( 'NONE', #442 ) ;
#1337 = DIRECTION ( 'NONE',  ( 0.0000000000000000000, 0.0000000000000000000, 1.000000000000000000 ) ) ;
#1338 = DIRECTION ( 'NONE',  ( -1.000000000000000000, 3.452604976458695348E-15, 0.0000000000000000000 ) ) ;
#1339 = VECTOR ( 'NONE', #355, 1000.000000000000000 ) ;
#1340 = VERTEX_POINT ( 'NONE', #3271 ) ;
#1341 = FACE_OUTER_BOUND ( 'NONE', #2717, .T. ) ;
#1342 = PLANE ( 'NONE',  #5988 ) ;
#1343 = VECTOR ( 'NONE', #4620, 1000.000000000000000 ) ;
#1344 = FACE_OUTER_BOUND ( 'NONE', #3923, .T. ) ;
#1345 = DIRECTION ( 'NONE',  ( 0.0000000000000000000, -1.000000000000000000, 2.146163712481639876E-16 ) ) ;
#1346 = DIRECTION ( 'NONE',  ( 1.000000000000000000, 0.0000000000000000000, -9.912705577010326536E-16 ) ) ;
#1347 = FACE_OUTER_BOUND ( 'NONE', #3191, .T. ) ;
#1348 = DIRECTION ( 'NONE',  ( 5.916456789157590292E-31, -2.042718815324829780E-45, 1.000000000000000000 ) ) ;
#1349 = DIRECTION ( 'NONE',  ( 0.0000000000000000000, 1.000000000000000000, 0.0000000000000000000 ) ) ;
#1350 = EDGE_CURVE ( 'NONE', #4661, #4838, #3149, .T. ) ;
#1351 = VERTEX_POINT ( 'NONE', #591 ) ;
#1352 = VERTEX_POINT ( 'NONE', #2953 ) ;
#1353 = DIRECTION ( 'NONE',  ( 0.0000000000000000000, 0.0000000000000000000, -1.000000000000000000 ) ) ;
#1354 = DIRECTION ( 'NONE',  ( 0.0000000000000000000, 3.552713678800500140E-15, -1.000000000000000000 ) ) ;
#1355 = EDGE_CURVE ( 'NONE', #161, #4923, #2456, .T. ) ;
#1356 = EDGE_CURVE ( 'NONE', #2466, #3713, #2428, .T. ) ;
#1357 = DIRECTION ( 'NONE',  ( 1.427704000175248097E-32, 1.000000000000000000, 6.123233995736769734E-17 ) ) ;
#1358 = ORIENTED_EDGE ( 'NONE', *, *, #640, .T. ) ;
#1359 = CARTESIAN_POINT ( 'NONE',  ( 4.700000000000000178, -6.299999999999999822, 1.750000000000000000 ) ) ;
#1360 = ORIENTED_EDGE ( 'NONE', *, *, #2445, .T. ) ;
#1361 = AXIS2_PLACEMENT_3D ( 'NONE', #2014, #3417, #67 ) ;
#1362 = SURFACE_STYLE_USAGE ( .BOTH. , #4198 ) ;
#1363 = ORIENTED_EDGE ( 'NONE', *, *, #1190, .T. ) ;
#1364 = EDGE_CURVE ( 'NONE', #3816, #3281, #203, .T. ) ;
#1365 = PLANE ( 'NONE',  #3066 ) ;
#1366 = ORIENTED_EDGE ( 'NONE', *, *, #6086, .T. ) ;
#1367 = VERTEX_POINT ( 'NONE', #3329 ) ;
#1368 = CIRCLE ( 'NONE', #100, 3.600000000000000089 ) ;
#1369 = VECTOR ( 'NONE', #1149, 1000.000000000000000 ) ;
#1370 = DIRECTION ( 'NONE',  ( 1.000000000000000000, 3.469446951953614978E-15, 1.820169915047825200E-33 ) ) ;
#1371 = APPLICATION_CONTEXT ( 'automotive_design' ) ;
#1372 = ORIENTED_EDGE ( 'NONE', *, *, #5041, .F. ) ;
#1373 = SHAPE_REPRESENTATION ( '______1.STEP', ( #2248 ), #4898 ) ;
#1374 = DIRECTION ( 'NONE',  ( 0.0000000000000000000, -1.000000000000000000, -6.123233995736769734E-17 ) ) ;
#1375 = FACE_OUTER_BOUND ( 'NONE', #753, .T. ) ;
#1376 = DIRECTION ( 'NONE',  ( 0.0000000000000000000, -1.000000000000000000, 0.0000000000000000000 ) ) ;
#1377 = FACE_OUTER_BOUND ( 'NONE', #2977, .T. ) ;
#1378 = SURFACE_SIDE_STYLE ('',( #5691 ) ) ;
#1379 = CARTESIAN_POINT ( 'NONE',  ( 5.050300081418200193, -8.506737538911771423, -1.000000000000000000 ) ) ;
#1380 = CARTESIAN_POINT ( 'NONE',  ( -0.7500000000000000000, -2.521681469282039956, -6.700000000000000178 ) ) ;
#1381 = AXIS2_PLACEMENT_3D ( 'NONE', #562, #2862, #4770 ) ;
#1382 = ORIENTED_EDGE ( 'NONE', *, *, #1355, .F. ) ;
#1383 = ORIENTED_EDGE ( 'NONE', *, *, #1161, .T. ) ;
#1384 = AXIS2_PLACEMENT_3D ( 'NONE', #1595, #2577, #1128 ) ;
#1385 = DIRECTION ( 'NONE',  ( 0.0000000000000000000, 0.0000000000000000000, -1.000000000000000000 ) ) ;
#1386 = EDGE_CURVE ( 'NONE', #1352, #4574, #4333, .T. ) ;
#1387 = AXIS2_PLACEMENT_3D ( 'NONE', #3295, #1468, #3415 ) ;
#1388 = CARTESIAN_POINT ( 'NONE',  ( -4.700000000000000178, -5.000000000000000000, -2.750000000000000000 ) ) ;
#1389 = VECTOR ( 'NONE', #5870, 1000.000000000000000 ) ;
#1390 = CARTESIAN_POINT ( 'NONE',  ( 4.250000000000000000, 0.2999999999999999889, 6.000000000000000000 ) ) ;
#1391 = ORIENTED_EDGE ( 'NONE', *, *, #5109, .F. ) ;
#1392 = DIRECTION ( 'NONE',  ( 0.0000000000000000000, -1.000000000000000000, -4.336808689942015369E-15 ) ) ;
#1393 = ORIENTED_EDGE ( 'NONE', *, *, #4889, .T. ) ;
#1394 = EDGE_CURVE ( 'NONE', #5253, #1656, #4767, .T. ) ;
#1395 = VECTOR ( 'NONE', #2035, 1000.000000000000000 ) ;
#1396 = EDGE_CURVE ( 'NONE', #425, #3759, #2262, .T. ) ;
#1397 = FACE_OUTER_BOUND ( 'NONE', #3145, .T. ) ;
#1398 = VERTEX_POINT ( 'NONE', #5668 ) ;
#1399 = ORIENTED_EDGE ( 'NONE', *, *, #3894, .T. ) ;
#1400 = VECTOR ( 'NONE', #4680, 1000.000000000000000 ) ;
#1401 = ORIENTED_EDGE ( 'NONE', *, *, #4190, .T. ) ;
#1402 = PLANE ( 'NONE',  #3282 ) ;
#1403 = ADVANCED_FACE ( 'NONE', ( #71 ), #5639, .T. ) ;
#1404 = ADVANCED_FACE ( 'NONE', ( #1416 ), #40, .T. ) ;
#1405 = VECTOR ( 'NONE', #5251, 1000.000000000000000 ) ;
#1406 = ORIENTED_EDGE ( 'NONE', *, *, #5183, .F. ) ;
#1407 = CARTESIAN_POINT ( 'NONE',  ( 8.351217930165400816, -0.3146816060529594727, -1.000000000000000000 ) ) ;
#1408 = FACE_OUTER_BOUND ( 'NONE', #2290, .T. ) ;
#1409 = CIRCLE ( 'NONE', #4841, 0.4000000000000001887 ) ;
#1410 = CARTESIAN_POINT ( 'NONE',  ( 4.250000000000000000, -0.2000000000000000111, -9.000000000000000000 ) ) ;
#1411 = CARTESIAN_POINT ( 'NONE',  ( 0.0000000000000000000, 0.8000000000000000444, 0.0000000000000000000 ) ) ;
#1412 = CARTESIAN_POINT ( 'NONE',  ( 2.100000000000000089, -6.871681469282040489, -6.500000000000000000 ) ) ;
#1413 = CARTESIAN_POINT ( 'NONE',  ( 5.281328311809639686, -9.626275332752589620, 1.200153863164407923E-15 ) ) ;
#1414 = EDGE_LOOP ( 'NONE', ( #5081, #3428, #4297, #5848 ) ) ;
#1415 = PLANE ( 'NONE',  #4349 ) ;
#1416 = FACE_OUTER_BOUND ( 'NONE', #1039, .T. ) ;
#1417 = DIRECTION ( 'NONE',  ( 1.719580307488610247E-30, 0.0000000000000000000, 1.000000000000000000 ) ) ;
#1418 = PRODUCT ( '______3.STEP', '______3.STEP', '', ( #4865 ) ) ;
#1419 = DIRECTION ( 'NONE',  ( -2.331617575237644893E-16, 0.0000000000000000000, -1.000000000000000000 ) ) ;
#1420 = CARTESIAN_POINT ( 'NONE',  ( 2.100000000000000089, -2.871681469282044930, -6.500000000000000000 ) ) ;
#1421 = EDGE_LOOP ( 'NONE', ( #1758, #4861, #253, #544 ) ) ;
#1422 = DIRECTION ( 'NONE',  ( -8.131516293641278325E-17, -1.000000000000000000, -3.491481338843135327E-15 ) ) ;
#1423 = ORIENTED_EDGE ( 'NONE', *, *, #5215, .T. ) ;
#1424 = VERTEX_POINT ( 'NONE', #3792 ) ;
#1425 = DIRECTION ( 'NONE',  ( -3.452604976458695348E-15, 1.000000000000000000, 2.282438357916019743E-61 ) ) ;
#1426 = ORIENTED_EDGE ( 'NONE', *, *, #3025, .F. ) ;
#1427 = ADVANCED_FACE ( 'NONE', ( #3299 ), #5191, .F. ) ;
#1428 = ORIENTED_EDGE ( 'NONE', *, *, #3129, .F. ) ;
#1429 = CARTESIAN_POINT ( 'NONE',  ( 0.0000000000000000000, 0.0000000000000000000, 0.0000000000000000000 ) ) ;
#1430 = PLANE ( 'NONE',  #2982 ) ;
#1431 = AXIS2_PLACEMENT_3D ( 'NONE', #323, #2184, #4067 ) ;
#1432 = ORIENTED_EDGE ( 'NONE', *, *, #5685, .F. ) ;
#1433 = DIRECTION ( 'NONE',  ( -1.000000000000000000, 0.0000000000000000000, 0.0000000000000000000 ) ) ;
#1434 = LINE ( 'NONE', #3783, #1084 ) ;
#1435 = EDGE_CURVE ( 'NONE', #1754, #5253, #5911, .T. ) ;
#1436 = EDGE_CURVE ( 'NONE', #1961, #5355, #1017, .T. ) ;
#1437 = CARTESIAN_POINT ( 'NONE',  ( 3.250000000000000000, -2.521681469282039956, -6.700000000000000178 ) ) ;
#1438 = CARTESIAN_POINT ( 'NONE',  ( 5.050300081418200193, -8.506737538911771423, -2.109091035788489776 ) ) ;
#1439 = DIRECTION ( 'NONE',  ( 0.0000000000000000000, -1.000000000000000000, 0.0000000000000000000 ) ) ;
#1440 = CARTESIAN_POINT ( 'NONE',  ( -5.650300081418220266, -5.000000000000000000, -5.500000000000000000 ) ) ;
#1441 = VECTOR ( 'NONE', #809, 1000.000000000000114 ) ;
#1442 = CARTESIAN_POINT ( 'NONE',  ( 4.700000000000000178, -7.139230484541309707, 1.000000000000000000 ) ) ;
#1443 = EDGE_CURVE ( 'NONE', #79, #3592, #1963, .T. ) ;
#1444 = VERTEX_POINT ( 'NONE', #3853 ) ;
#1445 = CARTESIAN_POINT ( 'NONE',  ( 2.100000000000000089, -2.871681469282044930, -6.700000000000000178 ) ) ;
#1446 = DIRECTION ( 'NONE',  ( 1.000000000000000000, 0.0000000000000000000, -7.228014483236697541E-16 ) ) ;
#1447 = CARTESIAN_POINT ( 'NONE',  ( -3.249615361854385043, 18.00000000000000000, -1.000000000000000000 ) ) ;
#1448 = LINE ( 'NONE', #3858, #3949 ) ;
#1449 = CARTESIAN_POINT ( 'NONE',  ( 2.899999999999999911, -2.871681469282044930, -6.700000000000000178 ) ) ;
#1450 = EDGE_LOOP ( 'NONE', ( #5292, #3316 ) ) ;
#1451 = LINE ( 'NONE', #738, #680 ) ;
#1452 = ORIENTED_EDGE ( 'NONE', *, *, #1618, .F. ) ;
#1453 = CARTESIAN_POINT ( 'NONE',  ( -4.700000000000000178, -6.799999999999999822, 5.898059818321149643E-15 ) ) ;
#1454 = ORIENTED_EDGE ( 'NONE', *, *, #49, .F. ) ;
#1455 = VERTEX_POINT ( 'NONE', #4708 ) ;
#1456 = VERTEX_POINT ( 'NONE', #499 ) ;
#1457 = DIRECTION ( 'NONE',  ( 0.0000000000000000000, 0.0000000000000000000, 1.000000000000000000 ) ) ;
#1458 = AXIS2_PLACEMENT_3D ( 'NONE', #1098, #4875, #671 ) ;
#1459 = ADVANCED_FACE ( 'NONE', ( #2365 ), #5258, .T. ) ;
#1460 = ORIENTED_EDGE ( 'NONE', *, *, #1283, .T. ) ;
#1461 = CARTESIAN_POINT ( 'NONE',  ( -2.231858347057719794, -5.599999999999999645, 4.125000000000008882 ) ) ;
#1462 = LINE ( 'NONE', #3346, #2274 ) ;
#1463 = CIRCLE ( 'NONE', #4892, 1.000000000000000222 ) ;
#1464 = DIRECTION ( 'NONE',  ( -1.000000000000000000, 0.0000000000000000000, 0.0000000000000000000 ) ) ;
#1465 = FACE_OUTER_BOUND ( 'NONE', #3195, .T. ) ;
#1466 = EDGE_CURVE ( 'NONE', #3773, #465, #6011, .T. ) ;
#1467 = EDGE_CURVE ( 'NONE', #5387, #172, #1071, .T. ) ;
#1468 = DIRECTION ( 'NONE',  ( 1.719580307488610247E-30, 0.0000000000000000000, 1.000000000000000000 ) ) ;
#1469 = LINE ( 'NONE', #617, #4706 ) ;
#1470 = VERTEX_POINT ( 'NONE', #1683 ) ;
#1471 = CARTESIAN_POINT ( 'NONE',  ( -5.000000000000000000, -0.2999999999999999889, 5.500000000000000000 ) ) ;
#1472 = CARTESIAN_POINT ( 'NONE',  ( -7.870663016351260310, -6.227573133689060292, -1.000000000000000000 ) ) ;
#1473 = ADVANCED_FACE ( 'NONE', ( #3568 ), #4423, .T. ) ;
#1474 = DIRECTION ( 'NONE',  ( 0.5000000000000011102, 0.8660254037844379305, -2.478176394252575717E-16 ) ) ;
#1475 = VECTOR ( 'NONE', #277, 1000.000000000000000 ) ;
#1476 = FACE_OUTER_BOUND ( 'NONE', #5318, .T. ) ;
#1477 = ORIENTED_EDGE ( 'NONE', *, *, #5215, .F. ) ;
#1478 = AXIS2_PLACEMENT_3D ( 'NONE', #1217, #3996, #214 ) ;
#1479 = FACE_OUTER_BOUND ( 'NONE', #4171, .T. ) ;
#1480 = VERTEX_POINT ( 'NONE', #276 ) ;
#1481 = CIRCLE ( 'NONE', #2663, 0.8749999999999998890 ) ;
#1482 = EDGE_CURVE ( 'NONE', #5483, #2450, #2160, .T. ) ;
#1483 = AXIS2_PLACEMENT_3D ( 'NONE', #860, #2732, #4154 ) ;
#1484 = FACE_OUTER_BOUND ( 'NONE', #1563, .T. ) ;
#1485 = ORIENTED_EDGE ( 'NONE', *, *, #1314, .T. ) ;
#1486 = VECTOR ( 'NONE', #2416, 1000.000000000000000 ) ;
#1487 = VERTEX_POINT ( 'NONE', #3444 ) ;
#1488 = ORIENTED_EDGE ( 'NONE', *, *, #4483, .F. ) ;
#1489 = DIRECTION ( 'NONE',  ( 1.000000000000000000, 0.0000000000000000000, 0.0000000000000000000 ) ) ;
#1490 = CIRCLE ( 'NONE', #709, 1.000000000000000222 ) ;
#1491 = ORIENTED_EDGE ( 'NONE', *, *, #5723, .F. ) ;
#1492 = CLOSED_SHELL ( 'NONE', ( #5847, #5496, #5864, #5301, #688, #4060, #3392, #2072, #4625, #1154, #5987, #1169, #4427, #3692, #4745, #2638, #5800, #4128, #5202 ) ) ;
#1493 = CARTESIAN_POINT ( 'NONE',  ( -5.650300081418220266, -5.000000000000000000, -3.250000000000000000 ) ) ;
#1494 = LINE ( 'NONE', #4813, #5219 ) ;
#1495 = EDGE_CURVE ( 'NONE', #5627, #1605, #3908, .T. ) ;
#1496 = CARTESIAN_POINT ( 'NONE',  ( 1.750000000000000000, -2.521681469282039956, -6.700000000000000178 ) ) ;
#1497 = CARTESIAN_POINT ( 'NONE',  ( 4.250000000000000000, 0.2999999999999999889, -5.500000000000000000 ) ) ;
#1498 =( NAMED_UNIT ( * ) PLANE_ANGLE_UNIT ( ) SI_UNIT ( $, .RADIAN. ) );
#1499 = CARTESIAN_POINT ( 'NONE',  ( 2.899999999999999911, -2.871681469282044930, -6.700000000000000178 ) ) ;
#1500 = CARTESIAN_POINT ( 'NONE',  ( 4.400000000000000355, -5.299999999999999822, -3.826589363418199620E-15 ) ) ;
#1501 = CIRCLE ( 'NONE', #4933, 0.2999999999999999334 ) ;
#1502 = VERTEX_POINT ( 'NONE', #3012 ) ;
#1503 = EDGE_CURVE ( 'NONE', #2393, #810, #4394, .T. ) ;
#1504 = PLANE ( 'NONE',  #3369 ) ;
#1505 = CARTESIAN_POINT ( 'NONE',  ( 4.400000000000000355, -5.000000000000000000, 5.000000000000000000 ) ) ;
#1506 = AXIS2_PLACEMENT_3D ( 'NONE', #4526, #5328, #1110 ) ;
#1507 = LINE ( 'NONE', #3884, #4871 ) ;
#1508 = DIRECTION ( 'NONE',  ( -3.469446951953614978E-15, 1.000000000000000000, 0.0000000000000000000 ) ) ;
#1509 = EDGE_CURVE ( 'NONE', #2426, #465, #675, .T. ) ;
#1510 = ADVANCED_FACE ( 'NONE', ( #4970 ), #182, .F. ) ;
#1511 = DIRECTION ( 'NONE',  ( 3.451902389348305348E-15, -1.000000000000000000, 2.478176394252570294E-16 ) ) ;
#1512 = ORIENTED_EDGE ( 'NONE', *, *, #3349, .F. ) ;
#1513 =( REPRESENTATION_RELATIONSHIP ('NONE','NONE', #3661, #1373 ) REPRESENTATION_RELATIONSHIP_WITH_TRANSFORMATION ( #3405 )SHAPE_REPRESENTATION_RELATIONSHIP( ) );
#1514 = CARTESIAN_POINT ( 'NONE',  ( 1.750000000000000000, -0.2000000000000000111, -9.000000000000000000 ) ) ;
#1515 = ORIENTED_EDGE ( 'NONE', *, *, #383, .T. ) ;
#1516 = DIRECTION ( 'NONE',  ( -3.469446951953614978E-15, 1.000000000000000000, -4.818676322157800333E-16 ) ) ;
#1517 = ORIENTED_EDGE ( 'NONE', *, *, #3400, .F. ) ;
#1518 = ADVANCED_FACE ( 'NONE', ( #1103 ), #5851, .T. ) ;
#1519 = PRODUCT_DEFINITION_SHAPE ( 'NONE', 'NONE',  #1565 ) ;
#1520 = ORIENTED_EDGE ( 'NONE', *, *, #393, .F. ) ;
#1521 = APPLICATION_PROTOCOL_DEFINITION ( 'draft international standard', 'automotive_design', 1998, #975 ) ;
#1522 = ORIENTED_EDGE ( 'NONE', *, *, #2297, .T. ) ;
#1523 = CARTESIAN_POINT ( 'NONE',  ( 0.0000000000000000000, 18.00000000000000000, 0.0000000000000000000 ) ) ;
#1524 = DIRECTION ( 'NONE',  ( 0.0000000000000000000, -1.000000000000000000, 0.0000000000000000000 ) ) ;
#1525 = DIRECTION ( 'NONE',  ( -1.000000000000000000, 3.452604976458695348E-15, 0.0000000000000000000 ) ) ;
#1526 = EDGE_LOOP ( 'NONE', ( #5743, #1303, #571, #4533 ) ) ;
#1527 = CYLINDRICAL_SURFACE ( 'NONE', #1387, 0.2999999999999999334 ) ;
#1528 = DIRECTION ( 'NONE',  ( 1.000000000000000000, 0.0000000000000000000, -2.331617575237644893E-16 ) ) ;
#1529 = MECHANICAL_DESIGN_GEOMETRIC_PRESENTATION_REPRESENTATION (  '', ( #2909 ), #6068 ) ;
#1530 = EDGE_LOOP ( 'NONE', ( #6010, #5356, #3485, #715 ) ) ;
#1531 = DIRECTION ( 'NONE',  ( 0.0000000000000000000, -3.491481338843135327E-15, 1.000000000000000000 ) ) ;
#1532 = DIRECTION ( 'NONE',  ( 1.000000000000000000, -1.048062100069321163E-14, 0.0000000000000000000 ) ) ;
#1533 = VECTOR ( 'NONE', #5982, 1000.000000000000000 ) ;
#1534 = EDGE_CURVE ( 'NONE', #4312, #4007, #4909, .T. ) ;
#1535 = DIRECTION ( 'NONE',  ( -5.916456789157590292E-31, 2.042718815324829780E-45, -1.000000000000000000 ) ) ;
#1536 = CARTESIAN_POINT ( 'NONE',  ( 0.0000000000000000000, 0.8000000000000000444, 0.0000000000000000000 ) ) ;
#1537 = PRODUCT ( 'User Library-PTV09A-4', 'User Library-PTV09A-4', '', ( #3896 ) ) ;
#1538 = ORIENTED_EDGE ( 'NONE', *, *, #5376, .F. ) ;
#1539 = ORIENTED_EDGE ( 'NONE', *, *, #5741, .T. ) ;
#1540 = CARTESIAN_POINT ( 'NONE',  ( -4.700000000000000178, -6.299999999999999822, -1.000000000000000000 ) ) ;
#1541 = EDGE_CURVE ( 'NONE', #111, #2224, #3075, .T. ) ;
#1542 = DIRECTION ( 'NONE',  ( 3.469446951953614978E-15, 1.000000000000000000, 0.0000000000000000000 ) ) ;
#1543 = EDGE_CURVE ( 'NONE', #4456, #854, #116, .T. ) ;
#1544 = ORIENTED_EDGE ( 'NONE', *, *, #764, .F. ) ;
#1545 = ORIENTED_EDGE ( 'NONE', *, *, #1808, .T. ) ;
#1546 = EDGE_CURVE ( 'NONE', #2196, #187, #249, .T. ) ;
#1547 = ORIENTED_EDGE ( 'NONE', *, *, #2412, .F. ) ;
#1548 = DIRECTION ( 'NONE',  ( 2.203438688951874737E-17, -1.000000000000000000, 9.912705577010340341E-16 ) ) ;
#1549 = CARTESIAN_POINT ( 'NONE',  ( -3.249615361854385043, 18.00000000000000000, -1.000000000000000000 ) ) ;
#1550 = PLANE ( 'NONE',  #1559 ) ;
#1551 = DIRECTION ( 'NONE',  ( -9.826173185649170380E-31, -1.000000000000000000, 9.912705577010330480E-16 ) ) ;
#1552 = ORIENTED_EDGE ( 'NONE', *, *, #987, .F. ) ;
#1553 = VECTOR ( 'NONE', #4111, 1000.000000000000000 ) ;
#1554 = CARTESIAN_POINT ( 'NONE',  ( 0.0000000000000000000, 0.0000000000000000000, 0.0000000000000000000 ) ) ;
#1555 = DIRECTION ( 'NONE',  ( 0.0000000000000000000, -1.000000000000000000, -3.491481338843135327E-15 ) ) ;
#1556 = ORIENTED_EDGE ( 'NONE', *, *, #977, .T. ) ;
#1557 = CARTESIAN_POINT ( 'NONE',  ( 3.250000000000000000, 0.0000000000000000000, -4.349999999999999645 ) ) ;
#1558 = AXIS2_PLACEMENT_3D ( 'NONE', #5878, #1649, #3532 ) ;
#1559 = AXIS2_PLACEMENT_3D ( 'NONE', #202, #4386, #3031 ) ;
#1560 = CARTESIAN_POINT ( 'NONE',  ( -5.000000000000000000, 1.839467916142100148E-14, 0.0000000000000000000 ) ) ;
#1561 = PLANE ( 'NONE',  #5210 ) ;
#1562 = FACE_OUTER_BOUND ( 'NONE', #5197, .T. ) ;
#1563 = EDGE_LOOP ( 'NONE', ( #4901, #2319, #5281, #4530 ) ) ;
#1564 = ORIENTED_EDGE ( 'NONE', *, *, #1199, .T. ) ;
#1565 = PRODUCT_DEFINITION ( 'UNKNOWN', '', #5120, #5827 ) ;
#1566 = CARTESIAN_POINT ( 'NONE',  ( 3.249615361854385043, 29.50000000000000000, -1.000000000000000000 ) ) ;
#1567 = PRODUCT_DEFINITION_CONTEXT ( 'detailed design', #826, 'design' ) ;
#1568 = CARTESIAN_POINT ( 'NONE',  ( 10.10685834705772024, -5.599999999999999645, 4.956352788505170565E-15 ) ) ;
#1569 = ORIENTED_EDGE ( 'NONE', *, *, #733, .F. ) ;
#1570 = CIRCLE ( 'NONE', #2958, 0.8750000000000003331 ) ;
#1571 = ORIENTED_EDGE ( 'NONE', *, *, #1099, .F. ) ;
#1572 = VECTOR ( 'NONE', #5670, 1000.000000000000000 ) ;
#1573 = ORIENTED_EDGE ( 'NONE', *, *, #2336, .T. ) ;
#1574 = EDGE_CURVE ( 'NONE', #5077, #2736, #646, .T. ) ;
#1575 = AXIS2_PLACEMENT_3D ( 'NONE', #1177, #4787, #5179 ) ;
#1576 = EDGE_LOOP ( 'NONE', ( #2133, #3154, #3177, #1751 ) ) ;
#1577 = CARTESIAN_POINT ( 'NONE',  ( -5.281328311809639686, -9.626275332752589620, 1.000000000000000000 ) ) ;
#1578 = CARTESIAN_POINT ( 'NONE',  ( 4.250000000000000000, -0.5000000000000000000, -7.000000000000000000 ) ) ;
#1579 = DIRECTION ( 'NONE',  ( 0.0000000000000000000, 0.0000000000000000000, 1.000000000000000000 ) ) ;
#1580 = AXIS2_PLACEMENT_3D ( 'NONE', #3712, #4103, #783 ) ;
#1581 = EDGE_CURVE ( 'NONE', #5177, #4780, #5322, .T. ) ;
#1582 = DIRECTION ( 'NONE',  ( -1.000000000000000000, 0.0000000000000000000, 0.0000000000000000000 ) ) ;
#1583 = EDGE_CURVE ( 'NONE', #5553, #2347, #5880, .T. ) ;
#1584 = VECTOR ( 'NONE', #4185, 1000.000000000000000 ) ;
#1585 = DIRECTION ( 'NONE',  ( -1.000000000000000000, 0.0000000000000000000, 0.0000000000000000000 ) ) ;
#1586 = AXIS2_PLACEMENT_3D ( 'NONE', #30, #5656, #59 ) ;
#1587 = CLOSED_SHELL ( 'NONE', ( #807, #1021, #4883, #3621, #3082, #1459, #5101, #5570, #645, #432, #2295, #4335, #4847, #2518, #5074, #5344, #2421, #2815, #2712 ) ) ;
#1588 = ORIENTED_EDGE ( 'NONE', *, *, #263, .T. ) ;
#1589 = DIRECTION ( 'NONE',  ( 0.0000000000000000000, -1.000000000000000000, 4.818676322157800333E-16 ) ) ;
#1590 = FACE_OUTER_BOUND ( 'NONE', #1530, .T. ) ;
#1591 = ORIENTED_EDGE ( 'NONE', *, *, #5039, .T. ) ;
#1592 = CIRCLE ( 'NONE', #5230, 0.2999999999999999334 ) ;
#1593 = ADVANCED_FACE ( 'NONE', ( #2514 ), #740, .F. ) ;
#1594 = PLANE ( 'NONE',  #326 ) ;
#1595 = CARTESIAN_POINT ( 'NONE',  ( -5.050300081418200193, -8.506737538911771423, 2.109091035788495105 ) ) ;
#1596 = VECTOR ( 'NONE', #3413, 1000.000000000000000 ) ;
#1597 = CARTESIAN_POINT ( 'NONE',  ( 2.899999999999999911, -2.871681469282044930, -6.700000000000000178 ) ) ;
#1598 = LINE ( 'NONE', #3480, #5473 ) ;
#1599 = ORIENTED_EDGE ( 'NONE', *, *, #1780, .F. ) ;
#1600 = VERTEX_POINT ( 'NONE', #5404 ) ;
#1601 = AXIS2_PLACEMENT_3D ( 'NONE', #1921, #5766, #3807 ) ;
#1602 = DIRECTION ( 'NONE',  ( 0.9396926207859093161, -0.3420201433256661039, 0.0000000000000000000 ) ) ;
#1603 = LINE ( 'NONE', #4529, #4387 ) ;
#1604 = ORIENTED_EDGE ( 'NONE', *, *, #1089, .T. ) ;
#1605 = VERTEX_POINT ( 'NONE', #2606 ) ;
#1606 = SHAPE_DEFINITION_REPRESENTATION ( #5252, #320 ) ;
#1607 = LINE ( 'NONE', #3520, #3406 ) ;
#1608 = ORIENTED_EDGE ( 'NONE', *, *, #4295, .T. ) ;
#1609 = EDGE_CURVE ( 'NONE', #4493, #3869, #1188, .T. ) ;
#1610 = DIRECTION ( 'NONE',  ( 1.000000000000000000, 3.452604976458695348E-15, 0.0000000000000000000 ) ) ;
#1611 = CARTESIAN_POINT ( 'NONE',  ( 0.0000000000000000000, 0.8000000000000000444, -3.600000000000000089 ) ) ;
#1612 = DIRECTION ( 'NONE',  ( 0.0000000000000000000, 0.0000000000000000000, 1.000000000000000000 ) ) ;
#1613 = CARTESIAN_POINT ( 'NONE',  ( 4.700000000000000178, -0.5999999999999999778, 5.500000000000000000 ) ) ;
#1614 = FACE_OUTER_BOUND ( 'NONE', #5300, .T. ) ;
#1615 = ORIENTED_EDGE ( 'NONE', *, *, #5666, .T. ) ;
#1616 = ADVANCED_FACE ( 'NONE', ( #2138 ), #5942, .T. ) ;
#1617 = LINE ( 'NONE', #670, #1778 ) ;
#1618 = EDGE_CURVE ( 'NONE', #2950, #5434, #2765, .T. ) ;
#1619 = DIRECTION ( 'NONE',  ( 1.000000000000000000, 0.0000000000000000000, 0.0000000000000000000 ) ) ;
#1620 = ORIENTED_EDGE ( 'NONE', *, *, #4324, .F. ) ;
#1621 = CIRCLE ( 'NONE', #5260, 0.2999999999999999334 ) ;
#1622 = DIRECTION ( 'NONE',  ( 8.131516293641278325E-17, 1.000000000000000000, 3.491481338843135327E-15 ) ) ;
#1623 = DIRECTION ( 'NONE',  ( -3.469446951953614978E-15, 1.000000000000000000, 0.0000000000000000000 ) ) ;
#1624 = DIRECTION ( 'NONE',  ( 1.000000000000000000, 0.0000000000000000000, 0.0000000000000000000 ) ) ;
#1625 = PRESENTATION_LAYER_ASSIGNMENT (  '', '', ( #2909 ) ) ;
#1626 = PLANE ( 'NONE',  #3050 ) ;
#1627 = EDGE_CURVE ( 'NONE', #4164, #335, #3170, .T. ) ;
#1628 = LINE ( 'NONE', #2580, #2247 ) ;
#1629 = VERTEX_POINT ( 'NONE', #2233 ) ;
#1630 = VERTEX_POINT ( 'NONE', #3598 ) ;
#1631 = PLANE ( 'NONE',  #6045 ) ;
#1632 = MECHANICAL_DESIGN_GEOMETRIC_PRESENTATION_REPRESENTATION (  '', ( #1928 ), #5359 ) ;
#1633 = UNCERTAINTY_MEASURE_WITH_UNIT (LENGTH_MEASURE( 1.000000000000000082E-05 ), #2159, 'distance_accuracy_value', 'NONE');
#1634 = CARTESIAN_POINT ( 'NONE',  ( 4.400000000000000355, 5.050300081418249931, 3.250000000000000000 ) ) ;
#1635 = ORIENTED_EDGE ( 'NONE', *, *, #2256, .T. ) ;
#1636 = VECTOR ( 'NONE', #3339, 1000.000000000000000 ) ;
#1637 = ORIENTED_EDGE ( 'NONE', *, *, #4560, .F. ) ;
#1638 = EDGE_LOOP ( 'NONE', ( #1840, #262, #1360, #485 ) ) ;
#1639 = LINE ( 'NONE', #5390, #4485 ) ;
#1640 = ORIENTED_EDGE ( 'NONE', *, *, #749, .T. ) ;
#1641 = CARTESIAN_POINT ( 'NONE',  ( 5.000000000000000000, -6.799999999999999822, -1.750000000000000000 ) ) ;
#1642 = CARTESIAN_POINT ( 'NONE',  ( 3.085872574535459822, 0.0000000000000000000, 4.247339220468489884 ) ) ;
#1643 = LINE ( 'NONE', #3029, #5510 ) ;
#1644 = DIRECTION ( 'NONE',  ( -0.9396926207859093161, -0.3420201433256661039, 0.0000000000000000000 ) ) ;
#1645 = EDGE_CURVE ( 'NONE', #3790, #3723, #3630, .T. ) ;
#1646 = VERTEX_POINT ( 'NONE', #5093 ) ;
#1647 = PLANE ( 'NONE',  #2266 ) ;
#1648 = FACE_OUTER_BOUND ( 'NONE', #2582, .T. ) ;
#1649 = DIRECTION ( 'NONE',  ( 0.0000000000000000000, 0.0000000000000000000, 1.000000000000000000 ) ) ;
#1650 = DIRECTION ( 'NONE',  ( 1.000000000000000000, 0.0000000000000000000, 0.0000000000000000000 ) ) ;
#1651 = EDGE_CURVE ( 'NONE', #5553, #4885, #5564, .T. ) ;
#1652 = DIRECTION ( 'NONE',  ( 1.000000000000000000, -3.469446951953614978E-15, 0.0000000000000000000 ) ) ;
#1653 = EDGE_CURVE ( 'NONE', #1444, #5371, #5499, .T. ) ;
#1654 = CARTESIAN_POINT ( 'NONE',  ( -0.7500000000000000000, 0.0000000000000000000, -9.000000000000000000 ) ) ;
#1655 = ORIENTED_EDGE ( 'NONE', *, *, #4958, .F. ) ;
#1656 = VERTEX_POINT ( 'NONE', #2674 ) ;
#1657 = EDGE_CURVE ( 'NONE', #5709, #750, #4553, .T. ) ;
#1658 = DIRECTION ( 'NONE',  ( -1.000000000000000000, 0.0000000000000000000, 0.0000000000000000000 ) ) ;
#1659 = ADVANCED_FACE ( 'NONE', ( #340 ), #2267, .T. ) ;
#1660 = CARTESIAN_POINT ( 'NONE',  ( -5.650300081418239806, -1.951176711514149804E-14, -2.750000000000000000 ) ) ;
#1661 = AXIS2_PLACEMENT_3D ( 'NONE', #5029, #4581, #5531 ) ;
#1662 = ORIENTED_EDGE ( 'NONE', *, *, #2104, .T. ) ;
#1663 = CARTESIAN_POINT ( 'NONE',  ( 3.085872574535459822, -10.56696795353849971, 4.997339220468489884 ) ) ;
#1664 = VERTEX_POINT ( 'NONE', #435 ) ;
#1665 = ORIENTED_EDGE ( 'NONE', *, *, #5418, .F. ) ;
#1666 = ADVANCED_FACE ( 'NONE', ( #3201 ), #830, .T. ) ;
#1667 = VERTEX_POINT ( 'NONE', #2201 ) ;
#1668 = CARTESIAN_POINT ( 'NONE',  ( 10.10685834705772024, -5.299999999999999822, 4.658971621194859763E-15 ) ) ;
#1669 = VECTOR ( 'NONE', #5064, 1000.000000000000000 ) ;
#1670 = CARTESIAN_POINT ( 'NONE',  ( -4.700000000000000178, -5.000000000000000000, 0.0000000000000000000 ) ) ;
#1671 = CARTESIAN_POINT ( 'NONE',  ( -0.7500000000000000000, 0.0000000000000000000, -7.000000000000000000 ) ) ;
#1672 = CIRCLE ( 'NONE', #2954, 0.5999999999999998668 ) ;
#1673 = LINE ( 'NONE', #4960, #3179 ) ;
#1674 = VECTOR ( 'NONE', #736, 1000.000000000000000 ) ;
#1675 = EDGE_LOOP ( 'NONE', ( #2994, #2544, #2816, #5423 ) ) ;
#1676 = AXIS2_PLACEMENT_3D ( 'NONE', #1560, #1652, #3535 ) ;
#1677 = CARTESIAN_POINT ( 'NONE',  ( -4.400000000000000355, -5.599999999999999645, 3.250000000000000000 ) ) ;
#1678 = CYLINDRICAL_SURFACE ( 'NONE', #5592, 0.7499999999999997780 ) ;
#1679 = VECTOR ( 'NONE', #3873, 1000.000000000000000 ) ;
#1680 = DIRECTION ( 'NONE',  ( -1.000000000000000000, 0.0000000000000000000, -9.912705577010326536E-16 ) ) ;
#1681 = DIRECTION ( 'NONE',  ( -3.177140135792160086E-16, -1.725046345278389866E-16, -1.000000000000000000 ) ) ;
#1682 = CIRCLE ( 'NONE', #1719, 0.2999999999999999334 ) ;
#1683 = CARTESIAN_POINT ( 'NONE',  ( -4.700000000000000178, -6.799999999999999822, -2.750000000000000000 ) ) ;
#1684 = CARTESIAN_POINT ( 'NONE',  ( 4.599999999999999645, -6.871681469282040489, -6.500000000000000000 ) ) ;
#1685 = CARTESIAN_POINT ( 'NONE',  ( 2.100000000000000089, -2.871681469282044930, -6.500000000000000000 ) ) ;
#1686 = EDGE_CURVE ( 'NONE', #2846, #5799, #4055, .T. ) ;
#1687 = AXIS2_PLACEMENT_3D ( 'NONE', #3010, #4393, #1623 ) ;
#1688 = VERTEX_POINT ( 'NONE', #3132 ) ;
#1689 = ORIENTED_EDGE ( 'NONE', *, *, #4920, .T. ) ;
#1690 = CARTESIAN_POINT ( 'NONE',  ( -4.726680083854650327, -5.983658172444569878, 1.000000000000000000 ) ) ;
#1691 = CARTESIAN_POINT ( 'NONE',  ( 1.750000000000000000, -0.5000000000000000000, -6.700000000000000178 ) ) ;
#1692 = ORIENTED_EDGE ( 'NONE', *, *, #1534, .T. ) ;
#1693 = EDGE_CURVE ( 'NONE', #5960, #259, #306, .T. ) ;
#1694 = EDGE_CURVE ( 'NONE', #5894, #4661, #1279, .T. ) ;
#1695 = DIRECTION ( 'NONE',  ( 0.0000000000000000000, -1.000000000000000000, -4.336808689942015369E-15 ) ) ;
#1696 = ORIENTED_EDGE ( 'NONE', *, *, #4451, .F. ) ;
#1697 = AXIS2_PLACEMENT_3D ( 'NONE', #5117, #941, #5588 ) ;
#1698 = ORIENTED_EDGE ( 'NONE', *, *, #757, .F. ) ;
#1699 = DIRECTION ( 'NONE',  ( 1.719580307488605342E-30, 4.956352788505170170E-16, -1.000000000000000000 ) ) ;
#1700 = EDGE_LOOP ( 'NONE', ( #1861, #1200, #1286, #5985, #2609 ) ) ;
#1701 = CARTESIAN_POINT ( 'NONE',  ( 4.163799117101000559E-16, 0.8000000000000000444, -3.399999999999999911 ) ) ;
#1702 = ADVANCED_FACE ( 'NONE', ( #1315 ), #5062, .T. ) ;
#1703 = CARTESIAN_POINT ( 'NONE',  ( -3.085872574535459822, -10.56696795353849971, -4.247339220468495213 ) ) ;
#1704 = FILL_AREA_STYLE_COLOUR ( '', #594 ) ;
#1705 = DIRECTION ( 'NONE',  ( 0.0000000000000000000, -3.491481338843135327E-15, 1.000000000000000000 ) ) ;
#1706 = ORIENTED_EDGE ( 'NONE', *, *, #2029, .F. ) ;
#1707 = CARTESIAN_POINT ( 'NONE',  ( 4.549999999999999822, 0.2999999999999999889, -5.500000000000000000 ) ) ;
#1708 = DIRECTION ( 'NONE',  ( 0.0000000000000000000, 0.0000000000000000000, 1.000000000000000000 ) ) ;
#1709 = CARTESIAN_POINT ( 'NONE',  ( 5.000000000000000000, -7.271681469282040844, -6.700000000000001954 ) ) ;
#1710 = LINE ( 'NONE', #3629, #3461 ) ;
#1711 = DIRECTION ( 'NONE',  ( 0.0000000000000000000, 1.000000000000000000, 0.0000000000000000000 ) ) ;
#1712 = DIRECTION ( 'NONE',  ( 0.0000000000000000000, 0.0000000000000000000, -1.000000000000000000 ) ) ;
#1713 = DIRECTION ( 'NONE',  ( 0.0000000000000000000, -1.000000000000000000, 9.912705577010330480E-16 ) ) ;
#1714 = CARTESIAN_POINT ( 'NONE',  ( -3.249615361854385043, 29.50000000000000000, -1.000000000000000000 ) ) ;
#1715 = ORIENTED_EDGE ( 'NONE', *, *, #247, .F. ) ;
#1716 = FACE_OUTER_BOUND ( 'NONE', #661, .T. ) ;
#1717 = DIRECTION ( 'NONE',  ( -0.0000000000000000000, 1.000000000000000000, 0.0000000000000000000 ) ) ;
#1718 = EDGE_CURVE ( 'NONE', #514, #5791, #3693, .T. ) ;
#1719 = AXIS2_PLACEMENT_3D ( 'NONE', #1888, #5648, #3803 ) ;
#1720 = DIRECTION ( 'NONE',  ( 0.7071067811865435759, 0.7071067811865515695, 2.468850131082278754E-15 ) ) ;
#1721 = VERTEX_POINT ( 'NONE', #2624 ) ;
#1722 = CARTESIAN_POINT ( 'NONE',  ( 0.0000000000000000000, 29.50000000000000000, 0.0000000000000000000 ) ) ;
#1723 = EDGE_LOOP ( 'NONE', ( #3344, #2826, #3080, #194 ) ) ;
#1724 = ORIENTED_EDGE ( 'NONE', *, *, #1609, .F. ) ;
#1725 = SHAPE_REPRESENTATION ( 'User Library-PTV09A-4', ( #3165, #805 ), #2965 ) ;
#1726 = EDGE_CURVE ( 'NONE', #79, #5512, #4869, .T. ) ;
#1727 = ADVANCED_FACE ( 'NONE', ( #3000 ), #3524, .F. ) ;
#1728 = VECTOR ( 'NONE', #1354, 1000.000000000000000 ) ;
#1729 = ORIENTED_EDGE ( 'NONE', *, *, #4138, .T. ) ;
#1730 = CARTESIAN_POINT ( 'NONE',  ( -0.7500000000000000000, -0.2000000000000000111, -9.000000000000000000 ) ) ;
#1731 = CARTESIAN_POINT ( 'NONE',  ( -0.4000000000000000222, -2.871681469282044930, -6.700000000000000178 ) ) ;
#1732 = ORIENTED_EDGE ( 'NONE', *, *, #1583, .F. ) ;
#1733 = ORIENTED_EDGE ( 'NONE', *, *, #786, .F. ) ;
#1734 = SURFACE_STYLE_USAGE ( .BOTH. , #2130 ) ;
#1735 = CARTESIAN_POINT ( 'NONE',  ( 0.0000000000000000000, -6.871681469282040489, -6.500000000000000000 ) ) ;
#1736 = EDGE_CURVE ( 'NONE', #5894, #2193, #1643, .T. ) ;
#1737 = ORIENTED_EDGE ( 'NONE', *, *, #1138, .F. ) ;
#1738 = CARTESIAN_POINT ( 'NONE',  ( -3.106858347057730008, -5.599999999999999645, -4.125000000000000000 ) ) ;
#1739 = FACE_OUTER_BOUND ( 'NONE', #3966, .T. ) ;
#1740 = LINE ( 'NONE', #4514, #3926 ) ;
#1741 = DIRECTION ( 'NONE',  ( 1.000000000000000000, -1.066132136277412956E-14, 0.0000000000000000000 ) ) ;
#1742 = DIRECTION ( 'NONE',  ( -0.5000000000000011102, -0.8660254037844379305, 0.0000000000000000000 ) ) ;
#1743 = FACE_OUTER_BOUND ( 'NONE', #5247, .T. ) ;
#1744 = DIRECTION ( 'NONE',  ( 0.0000000000000000000, 0.0000000000000000000, 1.000000000000000000 ) ) ;
#1745 = DIRECTION ( 'NONE',  ( 1.000000000000000000, 0.0000000000000000000, 0.0000000000000000000 ) ) ;
#1746 = ORIENTED_EDGE ( 'NONE', *, *, #3968, .T. ) ;
#1747 = CARTESIAN_POINT ( 'NONE',  ( 5.000000000000000000, -5.000000000000000000, -2.750000000000000000 ) ) ;
#1748 = CIRCLE ( 'NONE', #2531, 0.4999999999999995559 ) ;
#1749 = CARTESIAN_POINT ( 'NONE',  ( -4.657400382248190418, -10.46336191054080622, 1.200153863164407923E-15 ) ) ;
#1750 = CARTESIAN_POINT ( 'NONE',  ( -10.10685834705772024, -5.599999999999999645, -5.000000000000000000 ) ) ;
#1751 = ORIENTED_EDGE ( 'NONE', *, *, #4469, .F. ) ;
#1752 = VECTOR ( 'NONE', #2777, 1000.000000000000000 ) ;
#1753 = FACE_OUTER_BOUND ( 'NONE', #2006, .T. ) ;
#1754 = VERTEX_POINT ( 'NONE', #2658 ) ;
#1755 = ORIENTED_EDGE ( 'NONE', *, *, #3855, .F. ) ;
#1756 = VECTOR ( 'NONE', #4416, 1000.000000000000000 ) ;
#1757 = FACE_OUTER_BOUND ( 'NONE', #5620, .T. ) ;
#1758 = ORIENTED_EDGE ( 'NONE', *, *, #3909, .T. ) ;
#1759 = DIRECTION ( 'NONE',  ( 0.0000000000000000000, 0.0000000000000000000, -1.000000000000000000 ) ) ;
#1760 = DIRECTION ( 'NONE',  ( 0.0000000000000000000, 0.0000000000000000000, -1.000000000000000000 ) ) ;
#1761 = ORIENTED_EDGE ( 'NONE', *, *, #1099, .T. ) ;
#1762 = EDGE_CURVE ( 'NONE', #5434, #425, #784, .T. ) ;
#1763 = ORIENTED_EDGE ( 'NONE', *, *, #4306, .T. ) ;
#1764 = CARTESIAN_POINT ( 'NONE',  ( -4.400000000000000355, -5.599999999999999645, 5.390033657499349461E-15 ) ) ;
#1765 = ORIENTED_EDGE ( 'NONE', *, *, #2413, .T. ) ;
#1766 = CARTESIAN_POINT ( 'NONE',  ( -4.549999999999999822, 5.000000000000000000, -5.500000000000000000 ) ) ;
#1767 = CARTESIAN_POINT ( 'NONE',  ( 4.400000000000000355, -5.599999999999999645, -3.529208196107890002E-15 ) ) ;
#1768 = EDGE_CURVE ( 'NONE', #58, #3649, #3120, .T. ) ;
#1769 = AXIS2_PLACEMENT_3D ( 'NONE', #3822, #3883, #560 ) ;
#1770 = EDGE_CURVE ( 'NONE', #3297, #5925, #5116, .T. ) ;
#1771 = DIRECTION ( 'NONE',  ( -2.958228394578794971E-30, 9.912705577010330480E-16, 1.000000000000000000 ) ) ;
#1772 = DIRECTION ( 'NONE',  ( 0.0000000000000000000, -3.491481338843135327E-15, 1.000000000000000000 ) ) ;
#1773 = AXIS2_PLACEMENT_3D ( 'NONE', #73, #3823, #3389 ) ;
#1774 = DIRECTION ( 'NONE',  ( 0.0000000000000000000, -3.491481338843135327E-15, 1.000000000000000000 ) ) ;
#1775 = AXIS2_PLACEMENT_3D ( 'NONE', #2913, #523, #487 ) ;
#1776 = DIRECTION ( 'NONE',  ( 1.000000000000000000, 2.203438688951799857E-17, -9.912705577010369923E-16 ) ) ;
#1777 = CARTESIAN_POINT ( 'NONE',  ( 5.000000000000000000, -5.000000000000000000, 2.958228394578795321E-30 ) ) ;
#1778 = VECTOR ( 'NONE', #208, 1000.000000000000000 ) ;
#1779 = CARTESIAN_POINT ( 'NONE',  ( 4.400000000000000355, -5.299999999999999822, 5.000000000000000000 ) ) ;
#1780 = EDGE_CURVE ( 'NONE', #475, #85, #266, .T. ) ;
#1781 = VERTEX_POINT ( 'NONE', #2158 ) ;
#1782 = VERTEX_POINT ( 'NONE', #3494 ) ;
#1783 = DIRECTION ( 'NONE',  ( 0.0000000000000000000, 0.0000000000000000000, -1.000000000000000000 ) ) ;
#1784 = VECTOR ( 'NONE', #1374, 1000.000000000000000 ) ;
#1785 = VECTOR ( 'NONE', #2771, 1000.000000000000000 ) ;
#1786 = LINE ( 'NONE', #2800, #1343 ) ;
#1787 = CARTESIAN_POINT ( 'NONE',  ( 3.085872574535459822, 6.500000000000000000, 4.997339220468489884 ) ) ;
#1788 = EDGE_LOOP ( 'NONE', ( #362, #5655 ) ) ;
#1789 = FACE_OUTER_BOUND ( 'NONE', #5519, .T. ) ;
#1790 = VERTEX_POINT ( 'NONE', #3094 ) ;
#1791 = AXIS2_PLACEMENT_3D ( 'NONE', #1216, #1772, #3131 ) ;
#1792 = CARTESIAN_POINT ( 'NONE',  ( 5.000000000000000000, -5.000000000000000000, -3.250000000000000000 ) ) ;
#1793 = ORIENTED_EDGE ( 'NONE', *, *, #1886, .T. ) ;
#1794 = AXIS2_PLACEMENT_3D ( 'NONE', #1009, #5340, #5873 ) ;
#1795 = DIRECTION ( 'NONE',  ( 0.0000000000000000000, 0.0000000000000000000, -1.000000000000000000 ) ) ;
#1796 = DIRECTION ( 'NONE',  ( 0.0000000000000000000, 0.0000000000000000000, 1.000000000000000000 ) ) ;
#1797 = ORIENTED_EDGE ( 'NONE', *, *, #5832, .F. ) ;
#1798 = ORIENTED_EDGE ( 'NONE', *, *, #4412, .T. ) ;
#1799 = SURFACE_STYLE_FILL_AREA ( #4077 ) ;
#1800 = CARTESIAN_POINT ( 'NONE',  ( 5.000000000000000000, -6.299999999999999822, -1.000000000000000000 ) ) ;
#1801 = EDGE_CURVE ( 'NONE', #5764, #2927, #5363, .T. ) ;
#1802 = ORIENTED_EDGE ( 'NONE', *, *, #2297, .F. ) ;
#1803 = CARTESIAN_POINT ( 'NONE',  ( 5.750000000000000000, -2.521681469282039956, -6.700000000000000178 ) ) ;
#1804 = CARTESIAN_POINT ( 'NONE',  ( -5.650300081418220266, -5.000000000000000000, -8.673617379884008651E-15 ) ) ;
#1805 = FACE_OUTER_BOUND ( 'NONE', #3549, .T. ) ;
#1806 = DIRECTION ( 'NONE',  ( 0.0000000000000000000, -1.000000000000000000, -4.336808689942015369E-15 ) ) ;
#1807 = CARTESIAN_POINT ( 'NONE',  ( 4.250000000000000000, -2.521681469282039956, -6.500000000000000000 ) ) ;
#1808 = EDGE_CURVE ( 'NONE', #2846, #2871, #2129, .T. ) ;
#1809 = EDGE_CURVE ( 'NONE', #4981, #727, #4340, .T. ) ;
#1810 = FACE_OUTER_BOUND ( 'NONE', #1526, .T. ) ;
#1811 = PLANE ( 'NONE',  #5403 ) ;
#1812 = DIRECTION ( 'NONE',  ( 0.0000000000000000000, -4.336808689942015369E-15, 1.000000000000000000 ) ) ;
#1813 = ORIENTED_EDGE ( 'NONE', *, *, #4854, .T. ) ;
#1814 = CARTESIAN_POINT ( 'NONE',  ( -4.700000000000000178, -5.000000000000000000, 3.250000000000000000 ) ) ;
#1815 = LINE ( 'NONE', #1322, #4723 ) ;
#1816 = EDGE_CURVE ( 'NONE', #781, #1114, #666, .T. ) ;
#1817 = FACE_OUTER_BOUND ( 'NONE', #1998, .T. ) ;
#1818 = CARTESIAN_POINT ( 'NONE',  ( 5.750000000000000000, -0.2000000000000000111, -7.000000000000000000 ) ) ;
#1819 = VERTEX_POINT ( 'NONE', #1671 ) ;
#1820 = DIRECTION ( 'NONE',  ( 0.0000000000000000000, 0.0000000000000000000, 1.000000000000000000 ) ) ;
#1821 = ORIENTED_EDGE ( 'NONE', *, *, #5770, .F. ) ;
#1822 = DIRECTION ( 'NONE',  ( 0.0000000000000000000, 0.0000000000000000000, 1.000000000000000000 ) ) ;
#1823 = VERTEX_POINT ( 'NONE', #5394 ) ;
#1824 =( REPRESENTATION_RELATIONSHIP ('NONE','NONE', #3661, #320 ) REPRESENTATION_RELATIONSHIP_WITH_TRANSFORMATION ( #5246 )SHAPE_REPRESENTATION_RELATIONSHIP( ) );
#1825 = DIRECTION ( 'NONE',  ( 0.0000000000000000000, 1.000000000000000000, 0.0000000000000000000 ) ) ;
#1826 = ORIENTED_EDGE ( 'NONE', *, *, #117, .F. ) ;
#1827 = ORIENTED_EDGE ( 'NONE', *, *, #117, .T. ) ;
#1828 = DIRECTION ( 'NONE',  ( -1.000000000000000000, 0.0000000000000000000, 0.0000000000000000000 ) ) ;
#1829 = VECTOR ( 'NONE', #2154, 1000.000000000000000 ) ;
#1830 = ORIENTED_EDGE ( 'NONE', *, *, #2227, .T. ) ;
#1831 = PLANE ( 'NONE',  #4135 ) ;
#1832 = CARTESIAN_POINT ( 'NONE',  ( 5.750000000000000000, -0.2000000000000000111, -4.349999999999999645 ) ) ;
#1833 = VECTOR ( 'NONE', #2586, 1000.000000000000000 ) ;
#1834 = EDGE_CURVE ( 'NONE', #2024, #5649, #2464, .T. ) ;
#1835 = DIRECTION ( 'NONE',  ( 0.0000000000000000000, -1.000000000000000000, 0.0000000000000000000 ) ) ;
#1836 = LINE ( 'NONE', #1900, #329 ) ;
#1837 = CARTESIAN_POINT ( 'NONE',  ( 5.000000000000000000, -6.799999999999999822, 2.958228394578795321E-30 ) ) ;
#1838 = DIRECTION ( 'NONE',  ( 0.0000000000000000000, -1.000000000000000000, -4.336808689942015369E-15 ) ) ;
#1839 = PRESENTATION_STYLE_ASSIGNMENT (( #3758 ) ) ;
#1840 = ORIENTED_EDGE ( 'NONE', *, *, #1816, .F. ) ;
#1841 = ADVANCED_FACE ( 'NONE', ( #1210 ), #2563, .T. ) ;
#1842 = ADVANCED_FACE ( 'NONE', ( #3590 ), #4448, .T. ) ;
#1843 = ORIENTED_EDGE ( 'NONE', *, *, #2177, .T. ) ;
#1844 = CARTESIAN_POINT ( 'NONE',  ( 4.700000000000000178, -5.000000000000000000, -3.250000000000000000 ) ) ;
#1845 = LINE ( 'NONE', #5574, #4092 ) ;
#1846 = CARTESIAN_POINT ( 'NONE',  ( 2.899999999999999911, -6.871681469282040489, -6.500000000000000000 ) ) ;
#1847 = ORIENTED_EDGE ( 'NONE', *, *, #4405, .F. ) ;
#1848 = EDGE_CURVE ( 'NONE', #4858, #3678, #1119, .T. ) ;
#1849 = ADVANCED_FACE ( 'NONE', ( #5839 ), #3985, .F. ) ;
#1850 = FACE_OUTER_BOUND ( 'NONE', #2120, .T. ) ;
#1851 = ORIENTED_EDGE ( 'NONE', *, *, #4300, .F. ) ;
#1852 = VECTOR ( 'NONE', #4579, 1000.000000000000000 ) ;
#1853 = CARTESIAN_POINT ( 'NONE',  ( 4.163799117101000559E-16, -0.2999999999999999889, -3.399999999999999911 ) ) ;
#1854 = ORIENTED_EDGE ( 'NONE', *, *, #5235, .F. ) ;
#1855 = DIRECTION ( 'NONE',  ( 0.7071067811865435759, 0.7071067811865515695, 2.468850131082278754E-15 ) ) ;
#1856 = ORIENTED_EDGE ( 'NONE', *, *, #547, .F. ) ;
#1857 = ORIENTED_EDGE ( 'NONE', *, *, #4251, .T. ) ;
#1858 = CIRCLE ( 'NONE', #974, 0.4000000000000001887 ) ;
#1859 = VECTOR ( 'NONE', #2418, 1000.000000000000000 ) ;
#1860 = CARTESIAN_POINT ( 'NONE',  ( -0.7500000000000000000, -2.521681469282039956, -6.700000000000000178 ) ) ;
#1861 = ORIENTED_EDGE ( 'NONE', *, *, #877, .F. ) ;
#1862 = CARTESIAN_POINT ( 'NONE',  ( 0.0000000000000000000, -0.2000000000000000111, 0.0000000000000000000 ) ) ;
#1863 = STYLED_ITEM ( 'NONE', ( #2348 ), #734 ) ;
#1864 = CARTESIAN_POINT ( 'NONE',  ( 3.250000000000000000, -2.521681469282039956, -6.700000000000000178 ) ) ;
#1865 = PLANE ( 'NONE',  #2748 ) ;
#1866 = CARTESIAN_POINT ( 'NONE',  ( 2.100000000000000089, -6.871681469282040489, -6.700000000000000178 ) ) ;
#1867 = DIRECTION ( 'NONE',  ( 0.0000000000000000000, 0.0000000000000000000, 1.000000000000000000 ) ) ;
#1868 = ORIENTED_EDGE ( 'NONE', *, *, #1495, .F. ) ;
#1869 = AXIS2_PLACEMENT_3D ( 'NONE', #1223, #773, #2644 ) ;
#1870 = CARTESIAN_POINT ( 'NONE',  ( -0.7500000000000000000, -0.2000000000000000111, -7.000000000000000000 ) ) ;
#1871 = FILL_AREA_STYLE_COLOUR ( '', #4982 ) ;
#1872 = AXIS2_PLACEMENT_3D ( 'NONE', #4395, #1158, #769 ) ;
#1873 = ORIENTED_EDGE ( 'NONE', *, *, #4030, .F. ) ;
#1874 = DIRECTION ( 'NONE',  ( -0.9396926207859092051, -0.3420201433256665480, 0.0000000000000000000 ) ) ;
#1875 = VECTOR ( 'NONE', #945, 1000.000000000000000 ) ;
#1876 = DIRECTION ( 'NONE',  ( -3.439160614977209983E-30, 1.445602896647340100E-15, 1.000000000000000000 ) ) ;
#1877 = ADVANCED_FACE ( 'NONE', ( #1408 ), #1925, .T. ) ;
#1878 = LINE ( 'NONE', #473, #2424 ) ;
#1879 = FACE_OUTER_BOUND ( 'NONE', #4381, .T. ) ;
#1880 = VERTEX_POINT ( 'NONE', #4727 ) ;
#1881 = LINE ( 'NONE', #4196, #1752 ) ;
#1882 = VECTOR ( 'NONE', #1759, 1000.000000000000000 ) ;
#1883 = ORIENTED_EDGE ( 'NONE', *, *, #3046, .T. ) ;
#1884 = AXIS2_PLACEMENT_3D ( 'NONE', #1642, #1176, #608 ) ;
#1885 = ADVANCED_FACE ( 'NONE', ( #1034 ), #3319, .F. ) ;
#1886 = EDGE_CURVE ( 'NONE', #3377, #2904, #4205, .T. ) ;
#1887 = ORIENTED_EDGE ( 'NONE', *, *, #4668, .F. ) ;
#1888 = CARTESIAN_POINT ( 'NONE',  ( -4.400000000000000355, -0.5999999999999999778, 5.500000000000000000 ) ) ;
#1889 = ORIENTED_EDGE ( 'NONE', *, *, #3570, .F. ) ;
#1890 = VECTOR ( 'NONE', #3729, 1000.000000000000000 ) ;
#1891 = ORIENTED_EDGE ( 'NONE', *, *, #3779, .T. ) ;
#1892 =( NAMED_UNIT ( * ) SI_UNIT ( $, .STERADIAN. ) SOLID_ANGLE_UNIT ( ) );
#1893 = LINE ( 'NONE', #4174, #2186 ) ;
#1894 = EDGE_CURVE ( 'NONE', #5893, #4098, #1434, .T. ) ;
#1895 = ORIENTED_EDGE ( 'NONE', *, *, #2604, .F. ) ;
#1896 = CARTESIAN_POINT ( 'NONE',  ( 3.106858347057719794, 5.050300081418249931, 5.000000000000000000 ) ) ;
#1897 = DIRECTION ( 'NONE',  ( 0.0000000000000000000, -1.000000000000000000, 0.0000000000000000000 ) ) ;
#1898 = AXIS2_PLACEMENT_3D ( 'NONE', #2293, #5175, #3254 ) ;
#1899 = FACE_OUTER_BOUND ( 'NONE', #5037, .T. ) ;
#1900 = CARTESIAN_POINT ( 'NONE',  ( -4.400000000000000355, 4.400000000000045652, -5.000000000000000000 ) ) ;
#1901 = LINE ( 'NONE', #4273, #3802 ) ;
#1902 = CARTESIAN_POINT ( 'NONE',  ( 4.700000000000000178, -5.000000000000000000, -5.000000000000000000 ) ) ;
#1903 = DIRECTION ( 'NONE',  ( 0.9396926207859092051, -0.3420201433256665480, 5.916456789157592044E-31 ) ) ;
#1904 = ORIENTED_EDGE ( 'NONE', *, *, #3811, .F. ) ;
#1905 = CARTESIAN_POINT ( 'NONE',  ( -2.231858347057730008, 4.400000000000045652, -4.125000000000000888 ) ) ;
#1906 = CARTESIAN_POINT ( 'NONE',  ( -8.633125716401169214, -0.4172876490506605140, -1.000000000000000000 ) ) ;
#1907 = CARTESIAN_POINT ( 'NONE',  ( -5.050300081418200193, -8.506737538911771423, -1.000000000000000000 ) ) ;
#1908 = DIRECTION ( 'NONE',  ( 1.000000000000000000, 0.0000000000000000000, 0.0000000000000000000 ) ) ;
#1909 = DIRECTION ( 'NONE',  ( 0.0000000000000000000, 0.0000000000000000000, 1.000000000000000000 ) ) ;
#1910 = ORIENTED_EDGE ( 'NONE', *, *, #3743, .F. ) ;
#1911 = CARTESIAN_POINT ( 'NONE',  ( -3.106858347057725123, -5.599999999999999645, 3.250000000000000000 ) ) ;
#1912 = EDGE_LOOP ( 'NONE', ( #2153, #5927, #3364, #4720 ) ) ;
#1913 = EDGE_CURVE ( 'NONE', #760, #5586, #973, .T. ) ;
#1914 = DIRECTION ( 'NONE',  ( -1.000000000000000000, 0.0000000000000000000, 0.0000000000000000000 ) ) ;
#1915 = ORIENTED_EDGE ( 'NONE', *, *, #3656, .T. ) ;
#1916 = CYLINDRICAL_SURFACE ( 'NONE', #909, 0.2999999999999999334 ) ;
#1917 = VERTEX_POINT ( 'NONE', #2849 ) ;
#1918 = ORIENTED_EDGE ( 'NONE', *, *, #1106, .F. ) ;
#1919 = EDGE_CURVE ( 'NONE', #4389, #4818, #4238, .T. ) ;
#1920 = EDGE_CURVE ( 'NONE', #3942, #1656, #3750, .T. ) ;
#1921 = CARTESIAN_POINT ( 'NONE',  ( 4.250000000000000000, -0.2000000000000000111, -4.349999999999999645 ) ) ;
#1922 = VECTOR ( 'NONE', #1516, 1000.000000000000000 ) ;
#1923 = VERTEX_POINT ( 'NONE', #2941 ) ;
#1924 = DIRECTION ( 'NONE',  ( 1.000000000000000000, 2.331617575237644893E-16, 8.140799253260911791E-31 ) ) ;
#1925 = CYLINDRICAL_SURFACE ( 'NONE', #207, 0.5999999999999998668 ) ;
#1926 = LINE ( 'NONE', #2850, #1859 ) ;
#1927 = EDGE_CURVE ( 'NONE', #2970, #3367, #120, .T. ) ;
#1928 = STYLED_ITEM ( 'NONE', ( #963 ), #2985 ) ;
#1929 = DIRECTION ( 'NONE',  ( 0.0000000000000000000, 0.0000000000000000000, 1.000000000000000000 ) ) ;
#1930 = FILL_AREA_STYLE_COLOUR ( '', #3993 ) ;
#1931 = ORIENTED_EDGE ( 'NONE', *, *, #1985, .T. ) ;
#1932 = CARTESIAN_POINT ( 'NONE',  ( -3.085872574535459822, 5.000000000000000000, -3.497339220468490328 ) ) ;
#1933 = AXIS2_PLACEMENT_3D ( 'NONE', #3516, #745, #3607 ) ;
#1934 = CYLINDRICAL_SURFACE ( 'NONE', #4989, 0.8749999999999998890 ) ;
#1935 = ORIENTED_EDGE ( 'NONE', *, *, #5840, .F. ) ;
#1936 = CARTESIAN_POINT ( 'NONE',  ( 4.700000000000000178, -5.000000000000000000, -1.141219178958010079E-60 ) ) ;
#1937 = DIRECTION ( 'NONE',  ( 3.469446951953614978E-15, -1.000000000000000000, 8.260587980841940012E-17 ) ) ;
#1938 = CARTESIAN_POINT ( 'NONE',  ( 2.899999999999999911, -6.871681469282040489, -6.700000000000000178 ) ) ;
#1939 = DIRECTION ( 'NONE',  ( 1.000000000000000000, -3.452604976458695348E-15, 0.0000000000000000000 ) ) ;
#1940 = ORIENTED_EDGE ( 'NONE', *, *, #4670, .T. ) ;
#1941 = CARTESIAN_POINT ( 'NONE',  ( 2.100000000000000089, -2.871681469282044930, -6.700000000000000178 ) ) ;
#1942 = ORIENTED_EDGE ( 'NONE', *, *, #3331, .T. ) ;
#1943 = CARTESIAN_POINT ( 'NONE',  ( -0.4000000000000000222, -2.871681469282044930, -6.700000000000000178 ) ) ;
#1944 = ORIENTED_EDGE ( 'NONE', *, *, #4025, .T. ) ;
#1945 = EDGE_CURVE ( 'NONE', #4574, #1352, #3157, .T. ) ;
#1946 = ORIENTED_EDGE ( 'NONE', *, *, #3855, .T. ) ;
#1947 = ORIENTED_EDGE ( 'NONE', *, *, #190, .F. ) ;
#1948 = VECTOR ( 'NONE', #5316, 1000.000000000000000 ) ;
#1949 = ORIENTED_EDGE ( 'NONE', *, *, #1443, .T. ) ;
#1950 = EDGE_CURVE ( 'NONE', #5140, #24, #2556, .T. ) ;
#1951 = DIRECTION ( 'NONE',  ( -3.887636238444034343E-17, -1.000000000000000000, 9.912705577010330480E-16 ) ) ;
#1952 = DIRECTION ( 'NONE',  ( 9.912705577010369923E-16, 9.912705577010340341E-16, 1.000000000000000000 ) ) ;
#1953 = VECTOR ( 'NONE', #5372, 1000.000000000000000 ) ;
#1954 = PLANE ( 'NONE',  #3242 ) ;
#1955 = CARTESIAN_POINT ( 'NONE',  ( 1.352767412084380005, -0.9024230929799009759, -1.000000000000000000 ) ) ;
#1956 = VECTOR ( 'NONE', #6041, 1000.000000000000000 ) ;
#1957 = EDGE_CURVE ( 'NONE', #2074, #2957, #3358, .T. ) ;
#1958 = CARTESIAN_POINT ( 'NONE',  ( 4.549999999999999822, 5.000000000000000000, 6.000000000000000000 ) ) ;
#1959 = EDGE_CURVE ( 'NONE', #4733, #5645, #2388, .T. ) ;
#1960 = CARTESIAN_POINT ( 'NONE',  ( -4.400000000000000355, 4.400000000000054534, 5.000000000000000000 ) ) ;
#1961 = VERTEX_POINT ( 'NONE', #5749 ) ;
#1962 = DIRECTION ( 'NONE',  ( 1.000000000000000000, 0.0000000000000000000, 0.0000000000000000000 ) ) ;
#1963 = LINE ( 'NONE', #5161, #3644 ) ;
#1964 = CARTESIAN_POINT ( 'NONE',  ( 4.549999999999999822, 5.000000000000000000, -5.500000000000000000 ) ) ;
#1965 = EDGE_CURVE ( 'NONE', #1126, #2627, #1462, .T. ) ;
#1966 = CARTESIAN_POINT ( 'NONE',  ( 5.000000000000000000, -6.799999999999999822, 5.898059818321149643E-15 ) ) ;
#1967 = EDGE_LOOP ( 'NONE', ( #3834, #1889, #3277, #3503, #6049, #1295, #198, #5480, #5647, #2415 ) ) ;
#1968 = VECTOR ( 'NONE', #101, 1000.000000000000000 ) ;
#1969 = DIRECTION ( 'NONE',  ( -1.000000000000000000, 0.0000000000000000000, 0.0000000000000000000 ) ) ;
#1970 = ORIENTED_EDGE ( 'NONE', *, *, #1321, .F. ) ;
#1971 = VECTOR ( 'NONE', #1982, 1000.000000000000000 ) ;
#1972 = VECTOR ( 'NONE', #794, 1000.000000000000000 ) ;
#1973 = DIRECTION ( 'NONE',  ( 0.0000000000000000000, 0.0000000000000000000, -1.000000000000000000 ) ) ;
#1974 = EDGE_LOOP ( 'NONE', ( #324, #5481, #1054, #3687 ) ) ;
#1975 = CIRCLE ( 'NONE', #4828, 0.7499999999999997780 ) ;
#1976 = ORIENTED_EDGE ( 'NONE', *, *, #4560, .T. ) ;
#1977 = ORIENTED_EDGE ( 'NONE', *, *, #5888, .F. ) ;
#1978 = AXIS2_PLACEMENT_3D ( 'NONE', #1703, #3589, #818 ) ;
#1979 = VECTOR ( 'NONE', #218, 1000.000000000000114 ) ;
#1980 = EDGE_LOOP ( 'NONE', ( #3079, #3643, #3675, #3897 ) ) ;
#1981 = VECTOR ( 'NONE', #2605, 1000.000000000000000 ) ;
#1982 = DIRECTION ( 'NONE',  ( -1.000000000000000000, -3.469446951953614978E-15, 4.173738610409510416E-33 ) ) ;
#1983 = DIRECTION ( 'NONE',  ( 0.5000000000000011102, 0.8660254037844379305, 0.0000000000000000000 ) ) ;
#1984 = CARTESIAN_POINT ( 'NONE',  ( 1.750000000000000000, -0.2000000000000000111, -7.000000000000000000 ) ) ;
#1985 = EDGE_CURVE ( 'NONE', #1340, #3759, #5213, .T. ) ;
#1986 = VECTOR ( 'NONE', #6042, 1000.000000000000000 ) ;
#1987 = ORIENTED_EDGE ( 'NONE', *, *, #2630, .F. ) ;
#1988 = DIRECTION ( 'NONE',  ( 0.0000000000000000000, 0.0000000000000000000, -1.000000000000000000 ) ) ;
#1989 = DIRECTION ( 'NONE',  ( -1.000000000000000000, 3.957894949482710110E-17, 9.293161478446758963E-17 ) ) ;
#1990 = AXIS2_PLACEMENT_3D ( 'NONE', #3224, #2131, #5935 ) ;
#1991 = VERTEX_POINT ( 'NONE', #32 ) ;
#1992 = CARTESIAN_POINT ( 'NONE',  ( 4.115597896049495219, -6.206073899495919477, 1.200153863164407923E-15 ) ) ;
#1993 = ADVANCED_FACE ( 'NONE', ( #2353 ), #4298, .F. ) ;
#1994 = DIRECTION ( 'NONE',  ( 0.0000000000000000000, 0.0000000000000000000, 1.000000000000000000 ) ) ;
#1995 = EDGE_CURVE ( 'NONE', #12, #4857, #5279, .T. ) ;
#1996 = CARTESIAN_POINT ( 'NONE',  ( -4.700000000000000178, 1.734723475976804570E-14, 1.750000000000000000 ) ) ;
#1997 = FACE_OUTER_BOUND ( 'NONE', #1153, .T. ) ;
#1998 = EDGE_LOOP ( 'NONE', ( #4691, #481, #2983, #2124 ) ) ;
#1999 = ORIENTED_EDGE ( 'NONE', *, *, #10, .F. ) ;
#2000 = EDGE_CURVE ( 'NONE', #3491, #2114, #1494, .T. ) ;
#2001 = UNCERTAINTY_MEASURE_WITH_UNIT (LENGTH_MEASURE( 1.000000000000000082E-05 ), #5066, 'distance_accuracy_value', 'NONE');
#2002 = CARTESIAN_POINT ( 'NONE',  ( 5.000000000000000000, -7.139230484541309707, 0.0000000000000000000 ) ) ;
#2003 = ORIENTED_EDGE ( 'NONE', *, *, #3844, .T. ) ;
#2004 = ORIENTED_EDGE ( 'NONE', *, *, #5335, .T. ) ;
#2005 = ORIENTED_EDGE ( 'NONE', *, *, #987, .T. ) ;
#2006 = EDGE_LOOP ( 'NONE', ( #3457, #5444, #4338, #171 ) ) ;
#2007 = CARTESIAN_POINT ( 'NONE',  ( 4.549999999999999822, 4.700000000000000178, 6.000000000000000000 ) ) ;
#2008 = FACE_OUTER_BOUND ( 'NONE', #5159, .T. ) ;
#2009 = PLANE ( 'NONE',  #4018 ) ;
#2010 = PLANE ( 'NONE',  #3571 ) ;
#2011 = AXIS2_PLACEMENT_3D ( 'NONE', #412, #5421, #3112 ) ;
#2012 = VERTEX_POINT ( 'NONE', #637 ) ;
#2013 = DIRECTION ( 'NONE',  ( 0.0000000000000000000, 0.0000000000000000000, -1.000000000000000000 ) ) ;
#2014 = CARTESIAN_POINT ( 'NONE',  ( 0.0000000000000000000, 0.8000000000000000444, 0.0000000000000000000 ) ) ;
#2015 = PRODUCT_DEFINITION ( 'UNKNOWN', '', #5819, #4402 ) ;
#2016 = ORIENTED_EDGE ( 'NONE', *, *, #5653, .T. ) ;
#2017 = CARTESIAN_POINT ( 'NONE',  ( 5.000000000000000000, -6.299999999999999822, 2.958228394578795321E-30 ) ) ;
#2018 = DIRECTION ( 'NONE',  ( -7.918798803893749680E-76, 2.282438357916019743E-61, -1.000000000000000000 ) ) ;
#2019 = AXIS2_PLACEMENT_3D ( 'NONE', #2774, #3703, #4192 ) ;
#2020 = DIRECTION ( 'NONE',  ( -0.0000000000000000000, 1.000000000000000000, 0.0000000000000000000 ) ) ;
#2021 = DIRECTION ( 'NONE',  ( -0.0000000000000000000, 1.000000000000000000, 0.0000000000000000000 ) ) ;
#2022 = EDGE_CURVE ( 'NONE', #1351, #2074, #5429, .T. ) ;
#2023 = EDGE_CURVE ( 'NONE', #1168, #2706, #5337, .T. ) ;
#2024 = VERTEX_POINT ( 'NONE', #3064 ) ;
#2025 = ORIENTED_EDGE ( 'NONE', *, *, #3285, .T. ) ;
#2026 = DIRECTION ( 'NONE',  ( 0.0000000000000000000, -4.336808689942015369E-15, 1.000000000000000000 ) ) ;
#2027 = DIRECTION ( 'NONE',  ( 0.0000000000000000000, 0.0000000000000000000, 1.000000000000000000 ) ) ;
#2028 = EDGE_CURVE ( 'NONE', #1075, #335, #4474, .T. ) ;
#2029 = EDGE_CURVE ( 'NONE', #1114, #1646, #2069, .T. ) ;
#2030 = ORIENTED_EDGE ( 'NONE', *, *, #4344, .T. ) ;
#2031 = ORIENTED_EDGE ( 'NONE', *, *, #4985, .T. ) ;
#2032 = CONTEXT_DEPENDENT_SHAPE_REPRESENTATION ( #1513, #3390 ) ;
#2033 = ORIENTED_EDGE ( 'NONE', *, *, #2740, .T. ) ;
#2034 = DIRECTION ( 'NONE',  ( 1.000000000000000000, 0.0000000000000000000, 0.0000000000000000000 ) ) ;
#2035 = DIRECTION ( 'NONE',  ( 0.0000000000000000000, 0.0000000000000000000, -1.000000000000000000 ) ) ;
#2036 = LINE ( 'NONE', #3526, #5596 ) ;
#2037 = CARTESIAN_POINT ( 'NONE',  ( 4.700000000000000178, -5.000000000000000000, 5.000000000000000000 ) ) ;
#2038 = EDGE_LOOP ( 'NONE', ( #2512, #2005, #3711, #5540 ) ) ;
#2039 = CIRCLE ( 'NONE', #1361, 3.399999999999999911 ) ;
#2040 = CARTESIAN_POINT ( 'NONE',  ( 1.750000000000000000, -2.521681469282039956, -6.700000000000000178 ) ) ;
#2041 = DIRECTION ( 'NONE',  ( -1.000000000000000000, 0.0000000000000000000, 0.0000000000000000000 ) ) ;
#2042 = EDGE_LOOP ( 'NONE', ( #1655, #5044, #3372, #3414, #4331, #180, #2797, #2550, #1372 ) ) ;
#2043 = CYLINDRICAL_SURFACE ( 'NONE', #129, 0.7499999999999997780 ) ;
#2044 = AXIS2_PLACEMENT_3D ( 'NONE', #338, #302, #858 ) ;
#2045 = VECTOR ( 'NONE', #3596, 1000.000000000000000 ) ;
#2046 = CARTESIAN_POINT ( 'NONE',  ( -4.400000000000000355, -5.000000000000000000, -5.000000000000000000 ) ) ;
#2047 = FACE_OUTER_BOUND ( 'NONE', #2581, .T. ) ;
#2048 = DIRECTION ( 'NONE',  ( 0.0000000000000000000, -1.000000000000000000, 0.0000000000000000000 ) ) ;
#2049 = ORIENTED_EDGE ( 'NONE', *, *, #1056, .F. ) ;
#2050 = ORIENTED_EDGE ( 'NONE', *, *, #2216, .T. ) ;
#2051 = DIRECTION ( 'NONE',  ( 1.000000000000000000, 3.452604976458695348E-15, 0.0000000000000000000 ) ) ;
#2052 = EDGE_CURVE ( 'NONE', #4429, #5601, #612, .T. ) ;
#2053 = CARTESIAN_POINT ( 'NONE',  ( 3.106858347057719794, -5.599999999999999645, 5.000000000000000000 ) ) ;
#2054 = ORIENTED_EDGE ( 'NONE', *, *, #4559, .T. ) ;
#2055 = VECTOR ( 'NONE', #1937, 1000.000000000000000 ) ;
#2056 = CARTESIAN_POINT ( 'NONE',  ( 4.408728476930471151E-16, 0.8000000000000000444, 3.600000000000000089 ) ) ;
#2057 = ORIENTED_EDGE ( 'NONE', *, *, #3325, .F. ) ;
#2058 = AXIS2_PLACEMENT_3D ( 'NONE', #2203, #5501, #2795 ) ;
#2059 = ORIENTED_EDGE ( 'NONE', *, *, #3763, .T. ) ;
#2060 = DIRECTION ( 'NONE',  ( 0.0000000000000000000, 0.0000000000000000000, 1.000000000000000000 ) ) ;
#2061 = EDGE_CURVE ( 'NONE', #24, #5140, #3269, .T. ) ;
#2062 = AXIS2_PLACEMENT_3D ( 'NONE', #4583, #4613, #5533 ) ;
#2063 = EDGE_CURVE ( 'NONE', #4098, #1667, #3493, .T. ) ;
#2064 = VECTOR ( 'NONE', #2759, 1000.000000000000000 ) ;
#2065 = ORIENTED_EDGE ( 'NONE', *, *, #3531, .T. ) ;
#2066 = CARTESIAN_POINT ( 'NONE',  ( -3.085872574535459822, 0.0000000000000000000, -4.247339220468495213 ) ) ;
#2067 = DIRECTION ( 'NONE',  ( 1.000000000000000000, 0.0000000000000000000, 0.0000000000000000000 ) ) ;
#2068 = DIRECTION ( 'NONE',  ( -1.000000000000000000, 0.0000000000000000000, 0.0000000000000000000 ) ) ;
#2069 = CIRCLE ( 'NONE', #1884, 0.7499999999999997780 ) ;
#2070 = DIRECTION ( 'NONE',  ( 0.0000000000000000000, 0.0000000000000000000, -1.000000000000000000 ) ) ;
#2071 = CARTESIAN_POINT ( 'NONE',  ( 10.10685834705772024, -5.599999999999999645, 5.000000000000000000 ) ) ;
#2072 = ADVANCED_FACE ( 'NONE', ( #2008 ), #2096, .T. ) ;
#2073 = VECTOR ( 'NONE', #3761, 1000.000000000000000 ) ;
#2074 = VERTEX_POINT ( 'NONE', #2999 ) ;
#2075 = CARTESIAN_POINT ( 'NONE',  ( 5.310107702553530373, -8.356737538911771068, 1.000000000000000000 ) ) ;
#2076 = DIRECTION ( 'NONE',  ( 0.7071067811865435759, 0.7071067811865515695, 2.468850131082278754E-15 ) ) ;
#2077 = ORIENTED_EDGE ( 'NONE', *, *, #2028, .F. ) ;
#2078 = CIRCLE ( 'NONE', #3463, 0.4000000000000001887 ) ;
#2079 = CARTESIAN_POINT ( 'NONE',  ( 2.899999999999999911, -2.871681469282044930, -6.700000000000000178 ) ) ;
#2080 = CARTESIAN_POINT ( 'NONE',  ( -5.650300081418220266, -5.000000000000000000, 8.673617379884000762E-15 ) ) ;
#2081 = DIRECTION ( 'NONE',  ( 0.0000000000000000000, 0.0000000000000000000, 1.000000000000000000 ) ) ;
#2082 = VECTOR ( 'NONE', #2813, 1000.000000000000000 ) ;
#2083 = DIRECTION ( 'NONE',  ( 0.0000000000000000000, -3.491481338843135327E-15, 1.000000000000000000 ) ) ;
#2084 = CARTESIAN_POINT ( 'NONE',  ( 5.000000000000000000, -7.271681469282040844, -6.700000000000001954 ) ) ;
#2085 = ORIENTED_EDGE ( 'NONE', *, *, #5310, .T. ) ;
#2086 = ORIENTED_EDGE ( 'NONE', *, *, #2910, .T. ) ;
#2087 = AXIS2_PLACEMENT_3D ( 'NONE', #5382, #683, #1658 ) ;
#2088 = DIRECTION ( 'NONE',  ( 9.826173185649180890E-31, 1.000000000000000000, -9.912705577010330480E-16 ) ) ;
#2089 = CARTESIAN_POINT ( 'NONE',  ( 4.250000000000000000, -0.2000000000000000111, -9.000000000000000000 ) ) ;
#2090 = ORIENTED_EDGE ( 'NONE', *, *, #1995, .T. ) ;
#2091 = ORIENTED_EDGE ( 'NONE', *, *, #5376, .T. ) ;
#2092 = EDGE_CURVE ( 'NONE', #2347, #2012, #4536, .T. ) ;
#2093 = PLANE ( 'NONE',  #655 ) ;
#2094 = ORIENTED_EDGE ( 'NONE', *, *, #1435, .T. ) ;
#2095 = CARTESIAN_POINT ( 'NONE',  ( -10.10685834705772024, -5.599999999999999645, 5.000000000000000000 ) ) ;
#2096 = CYLINDRICAL_SURFACE ( 'NONE', #4732, 0.4000000000000001887 ) ;
#2097 = CARTESIAN_POINT ( 'NONE',  ( 10.10685834705772024, -5.299999999999999822, -3.250000000000000000 ) ) ;
#2098 = ADVANCED_FACE ( 'NONE', ( #4843 ), #5899, .T. ) ;
#2099 = EDGE_CURVE ( 'NONE', #3540, #228, #4011, .T. ) ;
#2100 = LINE ( 'NONE', #2914, #1369 ) ;
#2101 = EDGE_LOOP ( 'NONE', ( #4261, #5684, #966, #2185 ) ) ;
#2102 = DIRECTION ( 'NONE',  ( 0.0000000000000000000, 0.0000000000000000000, -1.000000000000000000 ) ) ;
#2103 = DIRECTION ( 'NONE',  ( 0.0000000000000000000, 0.0000000000000000000, 1.000000000000000000 ) ) ;
#2104 = EDGE_CURVE ( 'NONE', #2560, #291, #5628, .T. ) ;
#2105 = ORIENTED_EDGE ( 'NONE', *, *, #749, .F. ) ;
#2106 = AXIS2_PLACEMENT_3D ( 'NONE', #4684, #2310, #6082 ) ;
#2107 = DIRECTION ( 'NONE',  ( 0.0000000000000000000, 0.0000000000000000000, -1.000000000000000000 ) ) ;
#2108 = CARTESIAN_POINT ( 'NONE',  ( 5.050300081418200193, -8.506737538911771423, 1.000000000000000000 ) ) ;
#2109 = CARTESIAN_POINT ( 'NONE',  ( 4.250000000000000000, -0.5000000000000000000, -6.700000000000000178 ) ) ;
#2110 = VECTOR ( 'NONE', #3815, 1000.000000000000000 ) ;
#2111 = DIRECTION ( 'NONE',  ( 0.0000000000000000000, 0.0000000000000000000, -1.000000000000000000 ) ) ;
#2112 = CARTESIAN_POINT ( 'NONE',  ( 3.620061658979704777, -12.28923048454135980, 1.000000000000000000 ) ) ;
#2113 = ADVANCED_FACE ( 'NONE', ( #2593 ), #2472, .T. ) ;
#2114 = VERTEX_POINT ( 'NONE', #4385 ) ;
#2115 = ORIENTED_EDGE ( 'NONE', *, *, #3584, .T. ) ;
#2116 = CARTESIAN_POINT ( 'NONE',  ( 2.500000000000000000, -0.2000000000000000111, 0.0000000000000000000 ) ) ;
#2117 = VECTOR ( 'NONE', #492, 1000.000000000000000 ) ;
#2118 = UNCERTAINTY_MEASURE_WITH_UNIT (LENGTH_MEASURE( 1.000000000000000082E-05 ), #3679, 'distance_accuracy_value', 'NONE');
#2119 = LINE ( 'NONE', #4004, #2719 ) ;
#2120 = EDGE_LOOP ( 'NONE', ( #2840, #2720, #5025, #4944 ) ) ;
#2121 = AXIS2_PLACEMENT_3D ( 'NONE', #2963, #3917, #2407 ) ;
#2122 = CARTESIAN_POINT ( 'NONE',  ( -0.7500000000000000000, -0.5000000000000000000, -7.000000000000000000 ) ) ;
#2123 = ORIENTED_EDGE ( 'NONE', *, *, #4175, .F. ) ;
#2124 = ORIENTED_EDGE ( 'NONE', *, *, #733, .T. ) ;
#2125 = PLANE ( 'NONE',  #5162 ) ;
#2126 = EDGE_LOOP ( 'NONE', ( #1552, #3748, #3374, #2150 ) ) ;
#2127 = CARTESIAN_POINT ( 'NONE',  ( 2.100000000000000089, -2.871681469282044930, -6.700000000000000178 ) ) ;
#2128 = CARTESIAN_POINT ( 'NONE',  ( 4.250000000000000000, -0.5000000000000000000, -7.000000000000000000 ) ) ;
#2129 = LINE ( 'NONE', #5430, #796 ) ;
#2130 = SURFACE_SIDE_STYLE ('',( #5967 ) ) ;
#2131 = DIRECTION ( 'NONE',  ( -0.9396926207859092051, -0.3420201433256665480, -7.888609052210112799E-31 ) ) ;
#2132 = EDGE_CURVE ( 'NONE', #3337, #3592, #5804, .T. ) ;
#2133 = ORIENTED_EDGE ( 'NONE', *, *, #5075, .T. ) ;
#2134 = CARTESIAN_POINT ( 'NONE',  ( 3.106858347057730008, -5.599999999999999645, -5.000000000000000000 ) ) ;
#2135 = LINE ( 'NONE', #3530, #5386 ) ;
#2136 = DIRECTION ( 'NONE',  ( -9.826173185649170380E-31, -1.000000000000000000, 9.912705577010330480E-16 ) ) ;
#2137 = DIRECTION ( 'NONE',  ( 1.000000000000000000, 3.452604976458695348E-15, 0.0000000000000000000 ) ) ;
#2138 = FACE_OUTER_BOUND ( 'NONE', #3575, .T. ) ;
#2139 = AXIS2_PLACEMENT_3D ( 'NONE', #704, #3036, #1183 ) ;
#2140 = EDGE_CURVE ( 'NONE', #169, #854, #4868, .T. ) ;
#2141 = ADVANCED_FACE ( 'NONE', ( #5362 ), #1147, .F. ) ;
#2142 = CARTESIAN_POINT ( 'NONE',  ( 4.400000000000000355, -5.299999999999999822, -3.250000000000000000 ) ) ;
#2143 = DIRECTION ( 'NONE',  ( 6.579741790498679796E-30, 1.734723475976805122E-15, 1.000000000000000000 ) ) ;
#2144 = AXIS2_PLACEMENT_3D ( 'NONE', #3642, #5644, #2282 ) ;
#2145 = ORIENTED_EDGE ( 'NONE', *, *, #1394, .F. ) ;
#2146 = AXIS2_PLACEMENT_3D ( 'NONE', #2975, #2944, #4899 ) ;
#2147 = VERTEX_POINT ( 'NONE', #1611 ) ;
#2148 = DIRECTION ( 'NONE',  ( 0.0000000000000000000, 1.000000000000000000, 0.0000000000000000000 ) ) ;
#2149 = LINE ( 'NONE', #1691, #1728 ) ;
#2150 = ORIENTED_EDGE ( 'NONE', *, *, #5303, .T. ) ;
#2151 = CARTESIAN_POINT ( 'NONE',  ( 0.0000000000000000000, -6.871681469282040489, -6.700000000000000178 ) ) ;
#2152 = EDGE_LOOP ( 'NONE', ( #4071, #1460 ) ) ;
#2153 = ORIENTED_EDGE ( 'NONE', *, *, #4182, .F. ) ;
#2154 = DIRECTION ( 'NONE',  ( 0.0000000000000000000, 0.0000000000000000000, 1.000000000000000000 ) ) ;
#2155 = ORIENTED_EDGE ( 'NONE', *, *, #1886, .F. ) ;
#2156 = CARTESIAN_POINT ( 'NONE',  ( 0.7500000000000000000, 0.0000000000000000000, -4.349999999999999645 ) ) ;
#2157 = CARTESIAN_POINT ( 'NONE',  ( -3.106858347057719794, -5.299999999999999822, 4.125000000000000000 ) ) ;
#2158 = CARTESIAN_POINT ( 'NONE',  ( 5.281328311809639686, -9.626275332752589620, 1.000000000000000000 ) ) ;
#2159 =( LENGTH_UNIT ( ) NAMED_UNIT ( * ) SI_UNIT ( .MILLI., .METRE. ) );
#2160 = CIRCLE ( 'NONE', #4910, 0.8749999999999998890 ) ;
#2161 = PLANE ( 'NONE',  #529 ) ;
#2162 = VECTOR ( 'NONE', #4964, 1000.000000000000000 ) ;
#2163 = ORIENTED_EDGE ( 'NONE', *, *, #4190, .F. ) ;
#2164 = LINE ( 'NONE', #4993, #3453 ) ;
#2165 = PLANE ( 'NONE',  #1458 ) ;
#2166 = AXIS2_PLACEMENT_3D ( 'NONE', #4634, #1457, #25 ) ;
#2167 = AXIS2_PLACEMENT_3D ( 'NONE', #607, #3464, #4929 ) ;
#2168 = EDGE_CURVE ( 'NONE', #1168, #1880, #695, .T. ) ;
#2169 = PLANE ( 'NONE',  #3343 ) ;
#2170 = CARTESIAN_POINT ( 'NONE',  ( 4.700000000000000178, 1.734723475976804570E-14, 1.750000000000000000 ) ) ;
#2171 = VECTOR ( 'NONE', #2417, 1000.000000000000000 ) ;
#2172 = DIRECTION ( 'NONE',  ( 0.0000000000000000000, 0.0000000000000000000, -1.000000000000000000 ) ) ;
#2173 = CARTESIAN_POINT ( 'NONE',  ( 5.000000000000000000, -6.871681469282040489, -6.700000000000000178 ) ) ;
#2174 = DIRECTION ( 'NONE',  ( 0.0000000000000000000, 0.0000000000000000000, 1.000000000000000000 ) ) ;
#2175 = DIRECTION ( 'NONE',  ( 0.0000000000000000000, 0.0000000000000000000, 1.000000000000000000 ) ) ;
#2176 = ORIENTED_EDGE ( 'NONE', *, *, #5841, .F. ) ;
#2177 = EDGE_CURVE ( 'NONE', #2970, #79, #321, .T. ) ;
#2178 = EDGE_CURVE ( 'NONE', #2393, #4312, #4074, .T. ) ;
#2179 = LINE ( 'NONE', #4188, #6031 ) ;
#2180 = DIRECTION ( 'NONE',  ( 0.0000000000000000000, 0.0000000000000000000, -1.000000000000000000 ) ) ;
#2181 = UNCERTAINTY_MEASURE_WITH_UNIT (LENGTH_MEASURE( 1.000000000000000082E-05 ), #3383, 'distance_accuracy_value', 'NONE');
#2182 = CARTESIAN_POINT ( 'NONE',  ( 0.7500000000000000000, -0.5000000000000000000, -6.700000000000000178 ) ) ;
#2183 = ORIENTED_EDGE ( 'NONE', *, *, #3894, .F. ) ;
#2184 = DIRECTION ( 'NONE',  ( 1.000000000000000000, 0.0000000000000000000, 0.0000000000000000000 ) ) ;
#2185 = ORIENTED_EDGE ( 'NONE', *, *, #2936, .T. ) ;
#2186 = VECTOR ( 'NONE', #2384, 1000.000000000000000 ) ;
#2187 = ADVANCED_FACE ( 'NONE', ( #879 ), #4504, .F. ) ;
#2188 = ORIENTED_EDGE ( 'NONE', *, *, #2304, .F. ) ;
#2189 = FACE_BOUND ( 'NONE', #936, .T. ) ;
#2190 = ORIENTED_EDGE ( 'NONE', *, *, #1762, .F. ) ;
#2191 = DIRECTION ( 'NONE',  ( 0.0000000000000000000, 0.0000000000000000000, 1.000000000000000000 ) ) ;
#2192 = FACE_OUTER_BOUND ( 'NONE', #1980, .T. ) ;
#2193 = VERTEX_POINT ( 'NONE', #5521 ) ;
#2194 = FILL_AREA_STYLE ('',( #1704 ) ) ;
#2195 = FACE_OUTER_BOUND ( 'NONE', #5697, .T. ) ;
#2196 = VERTEX_POINT ( 'NONE', #4541 ) ;
#2197 = PLANE ( 'NONE',  #2366 ) ;
#2198 = DIRECTION ( 'NONE',  ( 0.0000000000000000000, 1.322726650432316514E-14, 1.000000000000000000 ) ) ;
#2199 = DIRECTION ( 'NONE',  ( 0.0000000000000000000, 0.0000000000000000000, 1.000000000000000000 ) ) ;
#2200 = CARTESIAN_POINT ( 'NONE',  ( 4.400000000000000355, -0.5999999999999999778, -5.500000000000000000 ) ) ;
#2201 = CARTESIAN_POINT ( 'NONE',  ( 4.400000000000000355, -5.599999999999999645, -5.000000000000000000 ) ) ;
#2202 = DIRECTION ( 'NONE',  ( 0.0000000000000000000, -1.000000000000000000, 0.0000000000000000000 ) ) ;
#2203 = CARTESIAN_POINT ( 'NONE',  ( -4.400000000000000355, -5.000000000000000000, 3.250000000000000000 ) ) ;
#2204 =( NAMED_UNIT ( * ) SI_UNIT ( $, .STERADIAN. ) SOLID_ANGLE_UNIT ( ) );
#2205 = ORIENTED_EDGE ( 'NONE', *, *, #1057, .F. ) ;
#2206 = DIRECTION ( 'NONE',  ( 1.427704000175248097E-32, 1.000000000000000000, 6.123233995736769734E-17 ) ) ;
#2207 = CARTESIAN_POINT ( 'NONE',  ( -3.085872574535459822, -0.2999999999999999889, -4.247339220468495213 ) ) ;
#2208 = AXIS2_PLACEMENT_3D ( 'NONE', #2743, #2649, #3182 ) ;
#2209 = EDGE_CURVE ( 'NONE', #3678, #1031, #331, .T. ) ;
#2210 = CARTESIAN_POINT ( 'NONE',  ( 4.250000000000000000, 0.0000000000000000000, -9.000000000000000000 ) ) ;
#2211 = ORIENTED_EDGE ( 'NONE', *, *, #877, .T. ) ;
#2212 = DIRECTION ( 'NONE',  ( 0.0000000000000000000, 0.0000000000000000000, -1.000000000000000000 ) ) ;
#2213 = ORIENTED_EDGE ( 'NONE', *, *, #3819, .T. ) ;
#2214 = CIRCLE ( 'NONE', #3502, 0.2999999999999999334 ) ;
#2215 = ORIENTED_EDGE ( 'NONE', *, *, #3323, .T. ) ;
#2216 = EDGE_CURVE ( 'NONE', #1259, #4962, #1490, .T. ) ;
#2217 = DIRECTION ( 'NONE',  ( 3.452604976458695348E-15, -1.000000000000000000, -2.282438357916019743E-61 ) ) ;
#2218 = EDGE_CURVE ( 'NONE', #475, #83, #360, .T. ) ;
#2219 = VECTOR ( 'NONE', #5102, 1000.000000000000000 ) ;
#2220 = ORIENTED_EDGE ( 'NONE', *, *, #4840, .F. ) ;
#2221 = CARTESIAN_POINT ( 'NONE',  ( -3.106858347057730008, -5.599999999999999645, -5.000000000000000000 ) ) ;
#2222 = DIRECTION ( 'NONE',  ( -1.000000000000000000, 0.0000000000000000000, 0.0000000000000000000 ) ) ;
#2223 = ORIENTED_EDGE ( 'NONE', *, *, #2971, .F. ) ;
#2224 = VERTEX_POINT ( 'NONE', #1731 ) ;
#2225 = LINE ( 'NONE', #1764, #2486 ) ;
#2226 = VECTOR ( 'NONE', #3696, 1000.000000000000000 ) ;
#2227 = EDGE_CURVE ( 'NONE', #3981, #1688, #2370, .T. ) ;
#2228 = EDGE_LOOP ( 'NONE', ( #5557, #5298, #5098, #2776 ) ) ;
#2229 = FACE_OUTER_BOUND ( 'NONE', #5053, .T. ) ;
#2230 = CARTESIAN_POINT ( 'NONE',  ( -5.000000000000000000, 1.750732958616679758E-14, 1.000000000000000000 ) ) ;
#2231 = LINE ( 'NONE', #6003, #5493 ) ;
#2232 = DIRECTION ( 'NONE',  ( -1.000000000000000000, 0.0000000000000000000, 0.0000000000000000000 ) ) ;
#2233 = CARTESIAN_POINT ( 'NONE',  ( 1.750000000000000000, -0.2000000000000000111, -7.000000000000000000 ) ) ;
#2234 = CARTESIAN_POINT ( 'NONE',  ( -3.085872574535459822, -0.2999999999999999889, -3.497339220468495213 ) ) ;
#2235 = LINE ( 'NONE', #2676, #5207 ) ;
#2236 = ORIENTED_EDGE ( 'NONE', *, *, #1657, .F. ) ;
#2237 = PLANE ( 'NONE',  #4153 ) ;
#2238 = AXIS2_PLACEMENT_3D ( 'NONE', #4965, #762, #3501 ) ;
#2239 = CARTESIAN_POINT ( 'NONE',  ( -0.4000000000000000222, -6.871681469282040489, -6.700000000000000178 ) ) ;
#2240 = CARTESIAN_POINT ( 'NONE',  ( 5.400000000000000355, -6.871681469282040489, -6.700000000000000178 ) ) ;
#2241 = AXIS2_PLACEMENT_3D ( 'NONE', #2261, #1273, #1244 ) ;
#2242 = DIRECTION ( 'NONE',  ( 0.0000000000000000000, 1.000000000000000000, 0.0000000000000000000 ) ) ;
#2243 = ORIENTED_EDGE ( 'NONE', *, *, #543, .F. ) ;
#2244 = DIRECTION ( 'NONE',  ( 1.000000000000000000, 0.0000000000000000000, 0.0000000000000000000 ) ) ;
#2245 = ORIENTED_EDGE ( 'NONE', *, *, #3019, .F. ) ;
#2246 = EDGE_CURVE ( 'NONE', #5387, #1721, #5817, .T. ) ;
#2247 = VECTOR ( 'NONE', #2143, 1000.000000000000000 ) ;
#2248 = AXIS2_PLACEMENT_3D ( 'NONE', #5934, #4575, #2659 ) ;
#2249 = FACE_OUTER_BOUND ( 'NONE', #597, .T. ) ;
#2250 = VERTEX_POINT ( 'NONE', #5485 ) ;
#2251 = LINE ( 'NONE', #2156, #4735 ) ;
#2252 = LINE ( 'NONE', #4987, #518 ) ;
#2253 = ORIENTED_EDGE ( 'NONE', *, *, #3922, .T. ) ;
#2254 = VERTEX_POINT ( 'NONE', #1236 ) ;
#2255 = EDGE_CURVE ( 'NONE', #4617, #5586, #2252, .T. ) ;
#2256 = EDGE_CURVE ( 'NONE', #1823, #1923, #1287, .T. ) ;
#2257 = DIRECTION ( 'NONE',  ( 1.000000000000000000, 3.452604976458695348E-15, 0.0000000000000000000 ) ) ;
#2258 = VECTOR ( 'NONE', #3695, 1000.000000000000000 ) ;
#2259 = ORIENTED_EDGE ( 'NONE', *, *, #3577, .F. ) ;
#2260 = LINE ( 'NONE', #5558, #1971 ) ;
#2261 = CARTESIAN_POINT ( 'NONE',  ( 4.400000000000000355, -5.000000000000000000, -3.250000000000000000 ) ) ;
#2262 = CIRCLE ( 'NONE', #5613, 0.5999999999999998668 ) ;
#2263 = CARTESIAN_POINT ( 'NONE',  ( -0.4000000000000000222, -2.871681469282044930, -6.500000000000000000 ) ) ;
#2264 = EDGE_CURVE ( 'NONE', #1470, #3491, #3190, .T. ) ;
#2265 = LINE ( 'NONE', #4152, #1986 ) ;
#2266 = AXIS2_PLACEMENT_3D ( 'NONE', #1554, #4453, #2013 ) ;
#2267 = PLANE ( 'NONE',  #5411 ) ;
#2268 = AXIS2_PLACEMENT_3D ( 'NONE', #5805, #2530, #294 ) ;
#2269 = DIRECTION ( 'NONE',  ( 0.0000000000000000000, 0.0000000000000000000, -1.000000000000000000 ) ) ;
#2270 = FACE_OUTER_BOUND ( 'NONE', #5616, .T. ) ;
#2271 = AXIS2_PLACEMENT_3D ( 'NONE', #5427, #1208, #387 ) ;
#2272 =( NAMED_UNIT ( * ) PLANE_ANGLE_UNIT ( ) SI_UNIT ( $, .RADIAN. ) );
#2273 = ORIENTED_EDGE ( 'NONE', *, *, #1033, .T. ) ;
#2274 = VECTOR ( 'NONE', #4696, 1000.000000000000000 ) ;
#2275 = ORIENTED_EDGE ( 'NONE', *, *, #240, .F. ) ;
#2276 = CARTESIAN_POINT ( 'NONE',  ( 0.0000000000000000000, -0.5000000000000000000, -6.500000000000000000 ) ) ;
#2277 = AXIS2_PLACEMENT_3D ( 'NONE', #1536, #2021, #1908 ) ;
#2278 = VECTOR ( 'NONE', #3821, 1000.000000000000000 ) ;
#2279 = CARTESIAN_POINT ( 'NONE',  ( 3.106858347057730008, 5.050300081418240161, -3.250000000000000000 ) ) ;
#2280 = PLANE ( 'NONE',  #1431 ) ;
#2281 = ORIENTED_EDGE ( 'NONE', *, *, #4206, .T. ) ;
#2282 = DIRECTION ( 'NONE',  ( -3.469446951953614978E-15, 1.000000000000000000, 0.0000000000000000000 ) ) ;
#2283 = VERTEX_POINT ( 'NONE', #388 ) ;
#2284 = VECTOR ( 'NONE', #5153, 1000.000000000000000 ) ;
#2285 = CARTESIAN_POINT ( 'NONE',  ( -5.650300081418220266, -6.299999999999999822, 2.958228394578795321E-30 ) ) ;
#2286 = ORIENTED_EDGE ( 'NONE', *, *, #763, .T. ) ;
#2287 = ADVANCED_FACE ( 'NONE', ( #4136 ), #6029, .F. ) ;
#2288 = VECTOR ( 'NONE', #1644, 1000.000000000000114 ) ;
#2289 = DIRECTION ( 'NONE',  ( -0.3420201433256665480, 0.9396926207859092051, 1.776356839400250070E-15 ) ) ;
#2290 = EDGE_LOOP ( 'NONE', ( #4320, #1428, #2439, #967 ) ) ;
#2291 = ORIENTED_EDGE ( 'NONE', *, *, #1574, .F. ) ;
#2292 =( NAMED_UNIT ( * ) SI_UNIT ( $, .STERADIAN. ) SOLID_ANGLE_UNIT ( ) );
#2293 = CARTESIAN_POINT ( 'NONE',  ( 3.250000000000000000, -0.5000000000000000000, -7.000000000000000000 ) ) ;
#2294 = VERTEX_POINT ( 'NONE', #4170 ) ;
#2295 = ADVANCED_FACE ( 'NONE', ( #2192 ), #1365, .T. ) ;
#2296 = PLANE ( 'NONE',  #700 ) ;
#2297 = EDGE_CURVE ( 'NONE', #5772, #3645, #421, .T. ) ;
#2298 = CARTESIAN_POINT ( 'NONE',  ( 5.000000000000000000, -5.000000000000000000, -5.000000000000000000 ) ) ;
#2299 = DIRECTION ( 'NONE',  ( 0.0000000000000000000, 0.0000000000000000000, 1.000000000000000000 ) ) ;
#2300 = PLANE ( 'NONE',  #1101 ) ;
#2301 = DIRECTION ( 'NONE',  ( 0.0000000000000000000, 0.0000000000000000000, -1.000000000000000000 ) ) ;
#2302 = ADVANCED_FACE ( 'NONE', ( #5932 ), #2657, .F. ) ;
#2303 = DIRECTION ( 'NONE',  ( -1.000000000000000000, 0.0000000000000000000, 0.0000000000000000000 ) ) ;
#2304 = EDGE_CURVE ( 'NONE', #4357, #5893, #5458, .T. ) ;
#2305 = CARTESIAN_POINT ( 'NONE',  ( -4.549999999999999822, 5.000000000000000000, -5.500000000000000000 ) ) ;
#2306 = ORIENTED_EDGE ( 'NONE', *, *, #2951, .T. ) ;
#2307 = CARTESIAN_POINT ( 'NONE',  ( 5.569915323688860553, -8.206737538911768937, 1.000000000000000000 ) ) ;
#2308 = LINE ( 'NONE', #4562, #2461 ) ;
#2309 = DIRECTION ( 'NONE',  ( -1.000000000000000000, -3.957894949482604723E-17, 9.912705577010369923E-16 ) ) ;
#2310 = DIRECTION ( 'NONE',  ( 0.0000000000000000000, 0.0000000000000000000, 1.000000000000000000 ) ) ;
#2311 = ORIENTED_EDGE ( 'NONE', *, *, #272, .T. ) ;
#2312 = DIRECTION ( 'NONE',  ( 1.000000000000000000, 0.0000000000000000000, -9.912705577010326536E-16 ) ) ;
#2313 = ORIENTED_EDGE ( 'NONE', *, *, #4492, .T. ) ;
#2314 = AXIS2_PLACEMENT_3D ( 'NONE', #870, #2242, #474 ) ;
#2315 = CARTESIAN_POINT ( 'NONE',  ( -5.000000000000000000, -5.000000000000000000, 2.958228394578795321E-30 ) ) ;
#2316 = ORIENTED_EDGE ( 'NONE', *, *, #4846, .T. ) ;
#2317 = MECHANICAL_DESIGN_GEOMETRIC_PRESENTATION_REPRESENTATION (  '', ( #4291 ), #3309 ) ;
#2318 = ORIENTED_EDGE ( 'NONE', *, *, #2867, .T. ) ;
#2319 = ORIENTED_EDGE ( 'NONE', *, *, #1543, .T. ) ;
#2320 = DIRECTION ( 'NONE',  ( 0.0000000000000000000, 0.0000000000000000000, 1.000000000000000000 ) ) ;
#2321 = LINE ( 'NONE', #165, #4057 ) ;
#2322 = CIRCLE ( 'NONE', #4296, 0.2999999999999999334 ) ;
#2323 = VERTEX_POINT ( 'NONE', #2381 ) ;
#2324 = DIRECTION ( 'NONE',  ( 0.0000000000000000000, 0.0000000000000000000, -1.000000000000000000 ) ) ;
#2325 = DIRECTION ( 'NONE',  ( 0.0000000000000000000, 0.0000000000000000000, 1.000000000000000000 ) ) ;
#2326 = CARTESIAN_POINT ( 'NONE',  ( 4.599999999999999645, -2.871681469282044930, -6.700000000000000178 ) ) ;
#2327 = CARTESIAN_POINT ( 'NONE',  ( 5.000000000000000000, -0.5000000000000000000, -6.500000000000000000 ) ) ;
#2328 = EDGE_CURVE ( 'NONE', #4962, #1328, #52, .T. ) ;
#2329 = DIRECTION ( 'NONE',  ( 0.0000000000000000000, 0.0000000000000000000, -1.000000000000000000 ) ) ;
#2330 = FACE_OUTER_BOUND ( 'NONE', #4436, .T. ) ;
#2331 = CARTESIAN_POINT ( 'NONE',  ( -5.000000000000000000, 1.725951194674155159E-14, -2.750000000000000000 ) ) ;
#2332 = EDGE_LOOP ( 'NONE', ( #3801, #2253, #1970, #2030 ) ) ;
#2333 = DIRECTION ( 'NONE',  ( 0.0000000000000000000, 0.0000000000000000000, -1.000000000000000000 ) ) ;
#2334 = ADVANCED_FACE ( 'NONE', ( #965 ), #1916, .F. ) ;
#2335 = LINE ( 'NONE', #4215, #1079 ) ;
#2336 = EDGE_CURVE ( 'NONE', #390, #5960, #5744, .T. ) ;
#2337 = LINE ( 'NONE', #2240, #1533 ) ;
#2338 = CARTESIAN_POINT ( 'NONE',  ( 4.250000000000000000, -0.2000000000000000111, -4.349999999999999645 ) ) ;
#2339 = VERTEX_POINT ( 'NONE', #112 ) ;
#2340 = FACE_OUTER_BOUND ( 'NONE', #48, .T. ) ;
#2341 = ORIENTED_EDGE ( 'NONE', *, *, #662, .T. ) ;
#2342 = EDGE_CURVE ( 'NONE', #1455, #2990, #1682, .T. ) ;
#2343 = AXIS2_PLACEMENT_3D ( 'NONE', #273, #4454, #3007 ) ;
#2344 = DIRECTION ( 'NONE',  ( 0.0000000000000000000, 0.0000000000000000000, 1.000000000000000000 ) ) ;
#2345 = ORIENTED_EDGE ( 'NONE', *, *, #4635, .T. ) ;
#2346 = ORIENTED_EDGE ( 'NONE', *, *, #3968, .F. ) ;
#2347 = VERTEX_POINT ( 'NONE', #2436 ) ;
#2348 = PRESENTATION_STYLE_ASSIGNMENT (( #426 ) ) ;
#2349 = DIRECTION ( 'NONE',  ( -3.452604976458695348E-15, 1.000000000000000000, 2.282438357916019743E-61 ) ) ;
#2350 = EDGE_LOOP ( 'NONE', ( #2508, #5833, #5455, #5341 ) ) ;
#2351 = CARTESIAN_POINT ( 'NONE',  ( -0.7500000000000000000, -0.5000000000000000000, -6.700000000000000178 ) ) ;
#2352 =( GEOMETRIC_REPRESENTATION_CONTEXT ( 3 ) GLOBAL_UNCERTAINTY_ASSIGNED_CONTEXT ( ( #6013 ) ) GLOBAL_UNIT_ASSIGNED_CONTEXT ( ( #3123, #3559, #3156 ) ) REPRESENTATION_CONTEXT ( 'NONE', 'WORKASPACE' ) );
#2353 = FACE_OUTER_BOUND ( 'NONE', #3826, .T. ) ;
#2354 = CYLINDRICAL_SURFACE ( 'NONE', #1070, 0.2999999999999999334 ) ;
#2355 = CARTESIAN_POINT ( 'NONE',  ( 0.0000000000000000000, 30.00000000000000000, 0.0000000000000000000 ) ) ;
#2356 = CARTESIAN_POINT ( 'NONE',  ( -5.000000000000000000, -0.2999999999999999889, 5.500000000000000000 ) ) ;
#2357 = AXIS2_PLACEMENT_3D ( 'NONE', #2207, #3638, #1385 ) ;
#2358 = CARTESIAN_POINT ( 'NONE',  ( -5.050300081418200193, -8.506737538911771423, 1.000000000000000000 ) ) ;
#2359 = CARTESIAN_POINT ( 'NONE',  ( 4.700000000000000178, -6.299999999999999822, -1.000000000000000000 ) ) ;
#2360 = EDGE_CURVE ( 'NONE', #425, #3429, #2841, .T. ) ;
#2361 = VECTOR ( 'NONE', #402, 1000.000000000000000 ) ;
#2362 = ORIENTED_EDGE ( 'NONE', *, *, #4768, .F. ) ;
#2363 = DIRECTION ( 'NONE',  ( -1.000000000000000000, 0.0000000000000000000, 0.0000000000000000000 ) ) ;
#2364 = VECTOR ( 'NONE', #4326, 1000.000000000000000 ) ;
#2365 = FACE_OUTER_BOUND ( 'NONE', #2588, .T. ) ;
#2366 = AXIS2_PLACEMENT_3D ( 'NONE', #1766, #5464, #3688 ) ;
#2367 = DIRECTION ( 'NONE',  ( 1.000000000000000000, 0.0000000000000000000, 0.0000000000000000000 ) ) ;
#2368 = FACE_OUTER_BOUND ( 'NONE', #4524, .T. ) ;
#2369 = EDGE_CURVE ( 'NONE', #3086, #570, #5171, .T. ) ;
#2370 = CIRCLE ( 'NONE', #417, 0.4000000000000001887 ) ;
#2371 = ADVANCED_FACE ( 'NONE', ( #5680 ), #2809, .F. ) ;
#2372 = DIRECTION ( 'NONE',  ( 1.445602896647339508E-15, -1.000000000000000000, 7.228014483236697541E-16 ) ) ;
#2373 = ORIENTED_EDGE ( 'NONE', *, *, #5119, .F. ) ;
#2374 = LINE ( 'NONE', #4224, #3338 ) ;
#2375 = PRODUCT_DEFINITION_FORMATION_WITH_SPECIFIED_SOURCE ( 'ANY', '', #1418, .NOT_KNOWN. ) ;
#2376 = VECTOR ( 'NONE', #1508, 1000.000000000000000 ) ;
#2377 = ORIENTED_EDGE ( 'NONE', *, *, #5350, .T. ) ;
#2378 = DIRECTION ( 'NONE',  ( 1.000000000000000000, 0.0000000000000000000, 0.0000000000000000000 ) ) ;
#2379 = ORIENTED_EDGE ( 'NONE', *, *, #1240, .F. ) ;
#2380 = ADVANCED_FACE ( 'NONE', ( #999 ), #5710, .T. ) ;
#2381 = CARTESIAN_POINT ( 'NONE',  ( 3.250000000000000000, -0.2000000000000000111, -7.000000000000000000 ) ) ;
#2382 = ORIENTED_EDGE ( 'NONE', *, *, #2893, .F. ) ;
#2383 = ORIENTED_EDGE ( 'NONE', *, *, #5693, .F. ) ;
#2384 = DIRECTION ( 'NONE',  ( 3.887636238444034343E-17, -1.000000000000000000, 9.912705577010340341E-16 ) ) ;
#2385 = VECTOR ( 'NONE', #62, 1000.000000000000114 ) ;
#2386 = VERTEX_POINT ( 'NONE', #3056 ) ;
#2387 = DIRECTION ( 'NONE',  ( -0.9396926207859092051, -0.3420201433256665480, 0.0000000000000000000 ) ) ;
#2388 = LINE ( 'NONE', #4760, #411 ) ;
#2389 = CIRCLE ( 'NONE', #1018, 0.5999999999999998668 ) ;
#2390 = DIRECTION ( 'NONE',  ( -0.7071067811865510144, -0.7071067811865441310, -2.468850131082250750E-15 ) ) ;
#2391 = DIRECTION ( 'NONE',  ( 1.000000000000000000, 3.452604976458695348E-15, 0.0000000000000000000 ) ) ;
#2392 = CARTESIAN_POINT ( 'NONE',  ( 4.700000000000000178, 1.734723475976804570E-14, -1.750000000000000000 ) ) ;
#2393 = VERTEX_POINT ( 'NONE', #1167 ) ;
#2394 = CYLINDRICAL_SURFACE ( 'NONE', #1277, 0.5999999999999998668 ) ;
#2395 = DIRECTION ( 'NONE',  ( 1.000000000000000000, 0.0000000000000000000, -9.912705577010326536E-16 ) ) ;
#2396 = EDGE_LOOP ( 'NONE', ( #4991, #53, #6060, #2802 ) ) ;
#2397 = DIRECTION ( 'NONE',  ( -1.000000000000000000, 0.0000000000000000000, 0.0000000000000000000 ) ) ;
#2398 = DIRECTION ( 'NONE',  ( 0.0000000000000000000, 1.000000000000000000, 0.0000000000000000000 ) ) ;
#2399 = EDGE_CURVE ( 'NONE', #3304, #5608, #5858, .T. ) ;
#2400 = CARTESIAN_POINT ( 'NONE',  ( 4.400000000000000355, -5.000000000000000000, -6.036059581176139943 ) ) ;
#2401 = CARTESIAN_POINT ( 'NONE',  ( 3.085872574535459822, 6.500000000000000000, 4.247339220468489884 ) ) ;
#2402 = PLANE ( 'NONE',  #5357 ) ;
#2403 = ORIENTED_EDGE ( 'NONE', *, *, #2951, .F. ) ;
#2404 = CARTESIAN_POINT ( 'NONE',  ( 5.000000000000000000, -6.799999999999999822, 1.750000000000000000 ) ) ;
#2405 = ORIENTED_EDGE ( 'NONE', *, *, #640, .F. ) ;
#2406 = EDGE_CURVE ( 'NONE', #413, #1819, #3004, .T. ) ;
#2407 = DIRECTION ( 'NONE',  ( -0.3420201433256665480, -0.9396926207859092051, 0.0000000000000000000 ) ) ;
#2408 = ORIENTED_EDGE ( 'NONE', *, *, #4959, .T. ) ;
#2409 = VERTEX_POINT ( 'NONE', #2056 ) ;
#2410 = VERTEX_POINT ( 'NONE', #5830 ) ;
#2411 = FILL_AREA_STYLE_COLOUR ( '', #497 ) ;
#2412 = EDGE_CURVE ( 'NONE', #2283, #1456, #4922, .T. ) ;
#2413 = EDGE_CURVE ( 'NONE', #2957, #228, #5962, .T. ) ;
#2414 = AXIS2_PLACEMENT_3D ( 'NONE', #3322, #5154, #5634 ) ;
#2415 = ORIENTED_EDGE ( 'NONE', *, *, #3734, .F. ) ;
#2416 = DIRECTION ( 'NONE',  ( 1.427704000175248097E-32, -3.552713678800500140E-15, 1.000000000000000000 ) ) ;
#2417 = DIRECTION ( 'NONE',  ( 0.0000000000000000000, 0.0000000000000000000, 1.000000000000000000 ) ) ;
#2418 = DIRECTION ( 'NONE',  ( 3.451902389348305348E-15, 1.000000000000000000, 0.0000000000000000000 ) ) ;
#2419 = VECTOR ( 'NONE', #5989, 1000.000000000000000 ) ;
#2420 = DIRECTION ( 'NONE',  ( 0.0000000000000000000, 0.0000000000000000000, -1.000000000000000000 ) ) ;
#2421 = ADVANCED_FACE ( 'NONE', ( #3212 ), #2280, .F. ) ;
#2422 = SURFACE_STYLE_USAGE ( .BOTH. , #979 ) ;
#2423 = DIRECTION ( 'NONE',  ( 0.0000000000000000000, 0.0000000000000000000, 1.000000000000000000 ) ) ;
#2424 = VECTOR ( 'NONE', #4162, 1000.000000000000000 ) ;
#2425 = LINE ( 'NONE', #3296, #2938 ) ;
#2426 = VERTEX_POINT ( 'NONE', #1787 ) ;
#2427 = LINE ( 'NONE', #39, #5523 ) ;
#2428 = LINE ( 'NONE', #3359, #5110 ) ;
#2429 = CARTESIAN_POINT ( 'NONE',  ( -5.000000000000000000, 0.0000000000000000000, -5.500000000000000000 ) ) ;
#2430 = DIRECTION ( 'NONE',  ( -0.5000000000000011102, 0.8660254037844379305, -2.478176394252575717E-16 ) ) ;
#2431 = ORIENTED_EDGE ( 'NONE', *, *, #1651, .T. ) ;
#2432 = CARTESIAN_POINT ( 'NONE',  ( 4.400000000000000355, -5.000000000000000000, 5.000000000000000000 ) ) ;
#2433 = ORIENTED_EDGE ( 'NONE', *, *, #31, .T. ) ;
#2434 = DIRECTION ( 'NONE',  ( 0.0000000000000000000, 0.0000000000000000000, -1.000000000000000000 ) ) ;
#2435 = VERTEX_POINT ( 'NONE', #747 ) ;
#2436 = CARTESIAN_POINT ( 'NONE',  ( 4.250000000000000000, -0.5000000000000000000, -6.700000000000000178 ) ) ;
#2437 = ORIENTED_EDGE ( 'NONE', *, *, #723, .F. ) ;
#2438 = ADVANCED_FACE ( 'NONE', ( #4979 ), #776, .T. ) ;
#2439 = ORIENTED_EDGE ( 'NONE', *, *, #1106, .T. ) ;
#2440 = AXIS2_PLACEMENT_3D ( 'NONE', #3905, #4246, #127 ) ;
#2441 = ORIENTED_EDGE ( 'NONE', *, *, #2513, .F. ) ;
#2442 = DIRECTION ( 'NONE',  ( 0.3420201433256661039, 0.9396926207859093161, 0.0000000000000000000 ) ) ;
#2443 = DIRECTION ( 'NONE',  ( -3.451902389348305348E-15, 1.000000000000000000, 0.0000000000000000000 ) ) ;
#2444 = VECTOR ( 'NONE', #5236, 1000.000000000000000 ) ;
#2445 = EDGE_CURVE ( 'NONE', #5829, #1646, #1201, .T. ) ;
#2446 = CIRCLE ( 'NONE', #4322, 3.399999999999999911 ) ;
#2447 = EDGE_CURVE ( 'NONE', #4346, #5586, #1621, .T. ) ;
#2448 = LINE ( 'NONE', #609, #3928 ) ;
#2449 = CARTESIAN_POINT ( 'NONE',  ( 3.250000000000000000, 0.0000000000000000000, -9.000000000000000000 ) ) ;
#2450 = VERTEX_POINT ( 'NONE', #379 ) ;
#2451 = DIRECTION ( 'NONE',  ( -1.000000000000000000, 5.782411586589358033E-15, 0.0000000000000000000 ) ) ;
#2452 = FACE_OUTER_BOUND ( 'NONE', #2487, .T. ) ;
#2453 = ADVANCED_FACE ( 'NONE', ( #3545 ), #6017, .T. ) ;
#2454 = ORIENTED_EDGE ( 'NONE', *, *, #5335, .F. ) ;
#2455 = CARTESIAN_POINT ( 'NONE',  ( -5.050300081418200193, -8.506737538911771423, 2.109091035788495105 ) ) ;
#2456 = LINE ( 'NONE', #4369, #4424 ) ;
#2457 = CARTESIAN_POINT ( 'NONE',  ( -1.092959790949050047, -1.052423092979900110, 1.000000000000000000 ) ) ;
#2458 = VECTOR ( 'NONE', #2111, 1000.000000000000000 ) ;
#2459 = CARTESIAN_POINT ( 'NONE',  ( 5.332207867653970368, -8.609343581909470799, -1.000000000000000000 ) ) ;
#2460 = ORIENTED_EDGE ( 'NONE', *, *, #2029, .T. ) ;
#2461 = VECTOR ( 'NONE', #5100, 1000.000000000000000 ) ;
#2462 = CARTESIAN_POINT ( 'NONE',  ( 5.000000000000000000, 1.750732958616679758E-14, 1.000000000000000000 ) ) ;
#2463 = ORIENTED_EDGE ( 'NONE', *, *, #573, .F. ) ;
#2464 = CIRCLE ( 'NONE', #2268, 3.600000000000000089 ) ;
#2465 = LINE ( 'NONE', #4350, #3315 ) ;
#2466 = VERTEX_POINT ( 'NONE', #4035 ) ;
#2467 =( GEOMETRIC_REPRESENTATION_CONTEXT ( 3 ) GLOBAL_UNCERTAINTY_ASSIGNED_CONTEXT ( ( #5767 ) ) GLOBAL_UNIT_ASSIGNED_CONTEXT ( ( #6062, #3715, #1892 ) ) REPRESENTATION_CONTEXT ( 'NONE', 'WORKASPACE' ) );
#2468 = AXIS2_PLACEMENT_3D ( 'NONE', #1668, #3301, #358 ) ;
#2469 = DIRECTION ( 'NONE',  ( 0.0000000000000000000, 0.0000000000000000000, -1.000000000000000000 ) ) ;
#2470 = EDGE_LOOP ( 'NONE', ( #2313, #4890, #850, #29 ) ) ;
#2471 = EDGE_LOOP ( 'NONE', ( #2694, #4316, #1005, #3707 ) ) ;
#2472 = CONICAL_SURFACE ( 'NONE', #2969, 2.899999999999999911, 0.7853981633974518317 ) ;
#2473 = EDGE_CURVE ( 'NONE', #2294, #4733, #3497, .T. ) ;
#2474 = ORIENTED_EDGE ( 'NONE', *, *, #2369, .F. ) ;
#2475 = CIRCLE ( 'NONE', #5928, 2.899999999999999911 ) ;
#2476 = DIRECTION ( 'NONE',  ( 0.7071067811865514585, -0.7071067811865435759, -2.468850131082253116E-15 ) ) ;
#2477 = DIRECTION ( 'NONE',  ( 0.0000000000000000000, -4.336808689942015369E-15, 1.000000000000000000 ) ) ;
#2478 = DIRECTION ( 'NONE',  ( 0.0000000000000000000, 0.0000000000000000000, 1.000000000000000000 ) ) ;
#2479 = DIRECTION ( 'NONE',  ( 0.0000000000000000000, 1.000000000000000000, 0.0000000000000000000 ) ) ;
#2480 = AXIS2_PLACEMENT_3D ( 'NONE', #1497, #2886, #2851 ) ;
#2481 = EDGE_CURVE ( 'NONE', #3337, #3342, #5892, .T. ) ;
#2482 = ADVANCED_FACE ( 'NONE', ( #4532 ), #5043, .T. ) ;
#2483 = EDGE_LOOP ( 'NONE', ( #2866, #4714, #4101, #230 ) ) ;
#2484 = CARTESIAN_POINT ( 'NONE',  ( 3.106858347057719794, -5.299999999999999822, 4.125000000000000000 ) ) ;
#2485 = CARTESIAN_POINT ( 'NONE',  ( 4.700000000000000178, -0.5999999999999999778, -5.500000000000000000 ) ) ;
#2486 = VECTOR ( 'NONE', #6034, 1000.000000000000000 ) ;
#2487 = EDGE_LOOP ( 'NONE', ( #652, #3009, #1545, #546 ) ) ;
#2488 = CARTESIAN_POINT ( 'NONE',  ( 0.0000000000000000000, -0.2999999999999999889, 3.399999999999999911 ) ) ;
#2489 = CARTESIAN_POINT ( 'NONE',  ( 4.700000000000000178, 1.689290242082174614E-14, -5.500000000000000000 ) ) ;
#2490 = ADVANCED_FACE ( 'NONE', ( #3609 ), #4949, .F. ) ;
#2491 = EDGE_CURVE ( 'NONE', #1259, #211, #3581, .T. ) ;
#2492 = CARTESIAN_POINT ( 'NONE',  ( 4.549999999999999822, 0.2999999999999999889, 6.000000000000000000 ) ) ;
#2493 = CYLINDRICAL_SURFACE ( 'NONE', #5420, 1.000000000000000222 ) ;
#2494 = ORIENTED_EDGE ( 'NONE', *, *, #2406, .T. ) ;
#2495 = ORIENTED_EDGE ( 'NONE', *, *, #5418, .T. ) ;
#2496 = CARTESIAN_POINT ( 'NONE',  ( -8.633125716401169214, -0.4172876490506590708, 0.0000000000000000000 ) ) ;
#2497 = UNCERTAINTY_MEASURE_WITH_UNIT (LENGTH_MEASURE( 1.000000000000000082E-05 ), #4478, 'distance_accuracy_value', 'NONE');
#2498 = CARTESIAN_POINT ( 'NONE',  ( 5.750000000000000000, -0.5000000000000000000, -7.000000000000000000 ) ) ;
#2499 = ORIENTED_EDGE ( 'NONE', *, *, #5119, .T. ) ;
#2500 = EDGE_LOOP ( 'NONE', ( #4928, #5147, #2306, #2259 ) ) ;
#2501 = PRODUCT_DEFINITION_SHAPE ( 'NONE', 'NONE',  #568 ) ;
#2502 = ORIENTED_EDGE ( 'NONE', *, *, #97, .T. ) ;
#2503 = ORIENTED_EDGE ( 'NONE', *, *, #5039, .F. ) ;
#2504 = FACE_OUTER_BOUND ( 'NONE', #3268, .T. ) ;
#2505 = DIRECTION ( 'NONE',  ( 0.0000000000000000000, 0.0000000000000000000, -1.000000000000000000 ) ) ;
#2506 = CARTESIAN_POINT ( 'NONE',  ( 0.0000000000000000000, 0.8000000000000000444, 3.399999999999999911 ) ) ;
#2507 = CYLINDRICAL_SURFACE ( 'NONE', #4161, 0.2999999999999999334 ) ;
#2508 = ORIENTED_EDGE ( 'NONE', *, *, #2092, .T. ) ;
#2509 = CARTESIAN_POINT ( 'NONE',  ( -4.700000000000000178, -6.299999999999999822, -1.750000000000000000 ) ) ;
#2510 = PLANE ( 'NONE',  #874 ) ;
#2511 = COLOUR_RGB ( '',0.7921568627450980005, 0.8196078431372548767, 0.9333333333333333481 ) ;
#2512 = ORIENTED_EDGE ( 'NONE', *, *, #2945, .T. ) ;
#2513 = EDGE_CURVE ( 'NONE', #1309, #3981, #2616, .T. ) ;
#2514 = FACE_OUTER_BOUND ( 'NONE', #1112, .T. ) ;
#2515 = DIRECTION ( 'NONE',  ( 3.451902389348305348E-15, -1.000000000000000000, 0.0000000000000000000 ) ) ;
#2516 = CARTESIAN_POINT ( 'NONE',  ( -4.780384757729359890, -7.439230484541309529, -1.000000000000000000 ) ) ;
#2517 = VERTEX_POINT ( 'NONE', #5924 ) ;
#2518 = ADVANCED_FACE ( 'NONE', ( #1753 ), #286, .T. ) ;
#2519 = EDGE_CURVE ( 'NONE', #2323, #1629, #839, .T. ) ;
#2520 = ORIENTED_EDGE ( 'NONE', *, *, #5503, .T. ) ;
#2521 = DIRECTION ( 'NONE',  ( 0.0000000000000000000, 0.0000000000000000000, -1.000000000000000000 ) ) ;
#2522 = ORIENTED_EDGE ( 'NONE', *, *, #4116, .F. ) ;
#2523 = ORIENTED_EDGE ( 'NONE', *, *, #5047, .F. ) ;
#2524 = EDGE_CURVE ( 'NONE', #1309, #2435, #553, .T. ) ;
#2525 = ORIENTED_EDGE ( 'NONE', *, *, #2447, .F. ) ;
#2526 = APPLICATION_PROTOCOL_DEFINITION ( 'draft international standard', 'automotive_design', 1998, #1331 ) ;
#2527 = ORIENTED_EDGE ( 'NONE', *, *, #2023, .F. ) ;
#2528 = CARTESIAN_POINT ( 'NONE',  ( 5.750000000000000000, 0.0000000000000000000, -4.349999999999999645 ) ) ;
#2529 = DIRECTION ( 'NONE',  ( 1.000000000000000000, -3.957894949482604723E-17, 9.912705577010360062E-16 ) ) ;
#2530 = DIRECTION ( 'NONE',  ( 0.0000000000000000000, 1.000000000000000000, 0.0000000000000000000 ) ) ;
#2531 = AXIS2_PLACEMENT_3D ( 'NONE', #3197, #6040, #2198 ) ;
#2532 = DIRECTION ( 'NONE',  ( 0.0000000000000000000, 0.0000000000000000000, 1.000000000000000000 ) ) ;
#2533 = ORIENTED_EDGE ( 'NONE', *, *, #1913, .F. ) ;
#2534 = LINE ( 'NONE', #4902, #604 ) ;
#2535 = CARTESIAN_POINT ( 'NONE',  ( 4.700000000000000178, -0.5999999999999999778, -5.500000000000000000 ) ) ;
#2536 = ORIENTED_EDGE ( 'NONE', *, *, #2980, .T. ) ;
#2537 = DIRECTION ( 'NONE',  ( -3.452604976458695348E-15, 1.000000000000000000, -1.734723475976805122E-15 ) ) ;
#2538 = AXIS2_PLACEMENT_3D ( 'NONE', #2632, #5497, #274 ) ;
#2539 = CARTESIAN_POINT ( 'NONE',  ( -0.4000000000000000222, -2.871681469282044930, -6.700000000000000178 ) ) ;
#2540 = EDGE_CURVE ( 'NONE', #1646, #1114, #3697, .T. ) ;
#2541 = DIRECTION ( 'NONE',  ( 0.0000000000000000000, -1.000000000000000000, 0.0000000000000000000 ) ) ;
#2542 = CARTESIAN_POINT ( 'NONE',  ( 3.250000000000000000, -0.2000000000000000111, -9.000000000000000000 ) ) ;
#2543 = ORIENTED_EDGE ( 'NONE', *, *, #862, .F. ) ;
#2544 = ORIENTED_EDGE ( 'NONE', *, *, #4737, .T. ) ;
#2545 = CARTESIAN_POINT ( 'NONE',  ( 3.085872574535459822, 0.0000000000000000000, 3.497339220468490328 ) ) ;
#2546 = AXIS2_PLACEMENT_3D ( 'NONE', #1379, #3234, #4586 ) ;
#2547 = EDGE_CURVE ( 'NONE', #5739, #4389, #4193, .T. ) ;
#2548 = CARTESIAN_POINT ( 'NONE',  ( 4.700000000000000178, -5.000000000000000000, -1.141219178958010079E-60 ) ) ;
#2549 = EDGE_CURVE ( 'NONE', #58, #4456, #444, .T. ) ;
#2550 = ORIENTED_EDGE ( 'NONE', *, *, #1541, .F. ) ;
#2551 = AXIS2_PLACEMENT_3D ( 'NONE', #3419, #1044, #4250 ) ;
#2552 = ORIENTED_EDGE ( 'NONE', *, *, #2740, .F. ) ;
#2553 = AXIS2_PLACEMENT_3D ( 'NONE', #4911, #711, #2579 ) ;
#2554 = ORIENTED_EDGE ( 'NONE', *, *, #1627, .F. ) ;
#2555 = APPLICATION_PROTOCOL_DEFINITION ( 'draft international standard', 'automotive_design', 1998, #1371 ) ;
#2556 = CIRCLE ( 'NONE', #6016, 0.7499999999999997780 ) ;
#2557 =( NAMED_UNIT ( * ) PLANE_ANGLE_UNIT ( ) SI_UNIT ( $, .RADIAN. ) );
#2558 = ADVANCED_FACE ( 'NONE', ( #3243 ), #4163, .T. ) ;
#2559 = AXIS2_PLACEMENT_3D ( 'NONE', #5725, #5254, #4676 ) ;
#2560 = VERTEX_POINT ( 'NONE', #6053 ) ;
#2561 = CARTESIAN_POINT ( 'NONE',  ( -0.7500000000000000000, -0.2000000000000000111, -9.000000000000000000 ) ) ;
#2562 = DIRECTION ( 'NONE',  ( 9.826173185649180890E-31, -1.000000000000000000, 9.912705577010340341E-16 ) ) ;
#2563 = CYLINDRICAL_SURFACE ( 'NONE', #4039, 0.5999999999999998668 ) ;
#2564 = VECTOR ( 'NONE', #200, 1000.000000000000000 ) ;
#2565 = FACE_OUTER_BOUND ( 'NONE', #538, .T. ) ;
#2566 = AXIS2_PLACEMENT_3D ( 'NONE', #5621, #2320, #452 ) ;
#2567 = CARTESIAN_POINT ( 'NONE',  ( 3.250000000000000000, -0.5000000000000000000, -6.700000000000000178 ) ) ;
#2568 = VECTOR ( 'NONE', #4867, 1000.000000000000000 ) ;
#2569 = VECTOR ( 'NONE', #531, 1000.000000000000000 ) ;
#2570 = ORIENTED_EDGE ( 'NONE', *, *, #884, .T. ) ;
#2571 = DIRECTION ( 'NONE',  ( -1.000000000000000000, 0.0000000000000000000, 0.0000000000000000000 ) ) ;
#2572 = CARTESIAN_POINT ( 'NONE',  ( -4.250000000000000000, 4.700000000000000178, 0.0000000000000000000 ) ) ;
#2573 = ORIENTED_EDGE ( 'NONE', *, *, #5543, .T. ) ;
#2574 = VECTOR ( 'NONE', #5468, 1000.000000000000000 ) ;
#2575 = DIRECTION ( 'NONE',  ( 0.0000000000000000000, 0.0000000000000000000, -1.000000000000000000 ) ) ;
#2576 = CARTESIAN_POINT ( 'NONE',  ( 0.7500000000000000000, -0.5000000000000000000, -6.500000000000000000 ) ) ;
#2577 = DIRECTION ( 'NONE',  ( 0.0000000000000000000, 0.0000000000000000000, -1.000000000000000000 ) ) ;
#2578 = CIRCLE ( 'NONE', #822, 0.2999999999999999334 ) ;
#2579 = DIRECTION ( 'NONE',  ( -1.000000000000000000, 0.0000000000000000000, 0.0000000000000000000 ) ) ;
#2580 = CARTESIAN_POINT ( 'NONE',  ( -5.000000000000000000, -5.000000000000000000, 8.673617379884000762E-15 ) ) ;
#2581 = EDGE_LOOP ( 'NONE', ( #689, #2155, #2382, #2853 ) ) ;
#2582 = EDGE_LOOP ( 'NONE', ( #2318, #2003, #5291, #1856 ) ) ;
#2583 = ADVANCED_FACE ( 'NONE', ( #5642 ), #959, .F. ) ;
#2584 = CIRCLE ( 'NONE', #1308, 0.8749999999999998890 ) ;
#2585 = DIRECTION ( 'NONE',  ( 1.137714153567779879E-16, 1.445602896647340100E-15, 1.000000000000000000 ) ) ;
#2586 = DIRECTION ( 'NONE',  ( -2.331617575237644893E-16, 1.000000000000000000, 3.491481338843135327E-15 ) ) ;
#2587 = ORIENTED_EDGE ( 'NONE', *, *, #4476, .T. ) ;
#2588 = EDGE_LOOP ( 'NONE', ( #2474, #1847, #3580, #3892 ) ) ;
#2589 = ORIENTED_EDGE ( 'NONE', *, *, #581, .F. ) ;
#2590 = LINE ( 'NONE', #3585, #2612 ) ;
#2591 = ORIENTED_EDGE ( 'NONE', *, *, #868, .F. ) ;
#2592 = CARTESIAN_POINT ( 'NONE',  ( 5.750000000000000000, -2.521681469282039956, -6.700000000000000178 ) ) ;
#2593 = FACE_OUTER_BOUND ( 'NONE', #5273, .T. ) ;
#2594 = CARTESIAN_POINT ( 'NONE',  ( 0.0000000000000000000, -0.2999999999999999889, 0.0000000000000000000 ) ) ;
#2595 = ADVANCED_FACE ( 'NONE', ( #1879 ), #2833, .T. ) ;
#2596 = PRESENTATION_STYLE_ASSIGNMENT (( #1734 ) ) ;
#2597 = EDGE_CURVE ( 'NONE', #1336, #2769, #5556, .T. ) ;
#2598 = DIRECTION ( 'NONE',  ( 8.131516293641278325E-17, 1.000000000000000000, 3.491481338843135327E-15 ) ) ;
#2599 = EDGE_LOOP ( 'NONE', ( #748, #787, #1696, #2405 ) ) ;
#2600 = DIRECTION ( 'NONE',  ( -1.000000000000000000, 0.0000000000000000000, 0.0000000000000000000 ) ) ;
#2601 = CYLINDRICAL_SURFACE ( 'NONE', #3525, 0.2999999999999999334 ) ;
#2602 = VECTOR ( 'NONE', #3674, 1000.000000000000000 ) ;
#2603 = CYLINDRICAL_SURFACE ( 'NONE', #1159, 0.2999999999999999334 ) ;
#2604 = EDGE_CURVE ( 'NONE', #4923, #3920, #2775, .T. ) ;
#2605 = DIRECTION ( 'NONE',  ( 0.0000000000000000000, 1.000000000000000000, 0.0000000000000000000 ) ) ;
#2606 = CARTESIAN_POINT ( 'NONE',  ( 4.700000000000000178, -6.799999999999999822, -2.750000000000000000 ) ) ;
#2607 = DIRECTION ( 'NONE',  ( 0.0000000000000000000, 1.000000000000000000, 0.0000000000000000000 ) ) ;
#2608 = CARTESIAN_POINT ( 'NONE',  ( -0.7500000000000000000, -0.2000000000000000111, -4.349999999999999645 ) ) ;
#2609 = ORIENTED_EDGE ( 'NONE', *, *, #4443, .T. ) ;
#2610 = ORIENTED_EDGE ( 'NONE', *, *, #3507, .T. ) ;
#2611 = CARTESIAN_POINT ( 'NONE',  ( -4.400000000000000355, -5.000000000000000000, 3.250000000000000000 ) ) ;
#2612 = VECTOR ( 'NONE', #1172, 1000.000000000000000 ) ;
#2613 = DIRECTION ( 'NONE',  ( -1.000000000000000000, 0.0000000000000000000, 0.0000000000000000000 ) ) ;
#2614 = VERTEX_POINT ( 'NONE', #1846 ) ;
#2615 = AXIS2_PLACEMENT_3D ( 'NONE', #598, #1973, #2931 ) ;
#2616 = LINE ( 'NONE', #4498, #157 ) ;
#2617 = VERTEX_POINT ( 'NONE', #502 ) ;
#2618 = VERTEX_POINT ( 'NONE', #3737 ) ;
#2619 = FACE_OUTER_BOUND ( 'NONE', #2332, .T. ) ;
#2620 = ORIENTED_EDGE ( 'NONE', *, *, #4884, .F. ) ;
#2621 = EDGE_CURVE ( 'NONE', #2254, #5745, #4280, .T. ) ;
#2622 = DIRECTION ( 'NONE',  ( 2.839103739574740393E-31, 0.0000000000000000000, 1.000000000000000000 ) ) ;
#2623 = CARTESIAN_POINT ( 'NONE',  ( -5.000000000000000000, -5.000000000000000000, -8.673617379884008651E-15 ) ) ;
#2624 = CARTESIAN_POINT ( 'NONE',  ( -5.650300081418199838, -8.506737538911771423, -1.000000000000000000 ) ) ;
#2625 =( NAMED_UNIT ( * ) SI_UNIT ( $, .STERADIAN. ) SOLID_ANGLE_UNIT ( ) );
#2626 = LINE ( 'NONE', #5792, #139 ) ;
#2627 = VERTEX_POINT ( 'NONE', #5137 ) ;
#2628 = EDGE_CURVE ( 'NONE', #2617, #2012, #3302, .T. ) ;
#2629 = DIRECTION ( 'NONE',  ( 0.0000000000000000000, 0.0000000000000000000, 1.000000000000000000 ) ) ;
#2630 = EDGE_CURVE ( 'NONE', #3650, #1444, #931, .T. ) ;
#2631 = FACE_OUTER_BOUND ( 'NONE', #2996, .T. ) ;
#2632 = CARTESIAN_POINT ( 'NONE',  ( 1.750000000000000000, -0.5000000000000000000, -7.000000000000000000 ) ) ;
#2633 = DIRECTION ( 'NONE',  ( -1.000000000000000000, 3.452604976458695348E-15, 0.0000000000000000000 ) ) ;
#2634 = CARTESIAN_POINT ( 'NONE',  ( -3.085872574535459822, -10.56696795353849971, -4.997339220468495213 ) ) ;
#2635 = AXIS2_PLACEMENT_3D ( 'NONE', #1804, #5971, #3227 ) ;
#2636 = CYLINDRICAL_SURFACE ( 'NONE', #4288, 0.7499999999999997780 ) ;
#2637 = CARTESIAN_POINT ( 'NONE',  ( -4.400000000000000355, -5.000000000000000000, -3.250000000000000000 ) ) ;
#2638 = ADVANCED_FACE ( 'NONE', ( #4220 ), #2402, .F. ) ;
#2639 = DIRECTION ( 'NONE',  ( 1.000000000000000000, 0.0000000000000000000, 0.0000000000000000000 ) ) ;
#2640 = CIRCLE ( 'NONE', #1558, 0.2999999999999999334 ) ;
#2641 = ORIENTED_EDGE ( 'NONE', *, *, #2722, .F. ) ;
#2642 = AXIS2_PLACEMENT_3D ( 'NONE', #2700, #2136, #1680 ) ;
#2643 = ORIENTED_EDGE ( 'NONE', *, *, #993, .F. ) ;
#2644 = DIRECTION ( 'NONE',  ( -1.000000000000000000, 0.0000000000000000000, 0.0000000000000000000 ) ) ;
#2645 = AXIS2_PLACEMENT_3D ( 'NONE', #4973, #770, #2639 ) ;
#2646 = LINE ( 'NONE', #718, #1833 ) ;
#2647 = MECHANICAL_DESIGN_GEOMETRIC_PRESENTATION_REPRESENTATION (  '', ( #1863 ), #5624 ) ;
#2648 = ORIENTED_EDGE ( 'NONE', *, *, #2168, .F. ) ;
#2649 = DIRECTION ( 'NONE',  ( -3.439160614977209983E-30, 7.228014483236700500E-16, 1.000000000000000000 ) ) ;
#2650 = ORIENTED_EDGE ( 'NONE', *, *, #1238, .F. ) ;
#2651 = EDGE_LOOP ( 'NONE', ( #2033, #4832, #564, #4604 ) ) ;
#2652 = AXIS2_PLACEMENT_3D ( 'NONE', #3762, #2398, #1994 ) ;
#2653 = CARTESIAN_POINT ( 'NONE',  ( 4.163799117101000559E-16, 29.50000000000000000, 3.399999999999999911 ) ) ;
#2654 = ORIENTED_EDGE ( 'NONE', *, *, #3489, .T. ) ;
#2655 = DIRECTION ( 'NONE',  ( 0.0000000000000000000, 1.000000000000000000, 0.0000000000000000000 ) ) ;
#2656 = VECTOR ( 'NONE', #372, 1000.000000000000000 ) ;
#2657 = CYLINDRICAL_SURFACE ( 'NONE', #1978, 0.7499999999999997780 ) ;
#2658 = CARTESIAN_POINT ( 'NONE',  ( 4.400000000000000355, -0.2999999999999999889, -5.500000000000000000 ) ) ;
#2659 = DIRECTION ( 'NONE',  ( 1.000000000000000000, 0.0000000000000000000, 0.0000000000000000000 ) ) ;
#2660 = VECTOR ( 'NONE', #4488, 1000.000000000000000 ) ;
#2661 = FACE_OUTER_BOUND ( 'NONE', #4230, .T. ) ;
#2662 = EDGE_CURVE ( 'NONE', #1605, #2517, #5165, .T. ) ;
#2663 = AXIS2_PLACEMENT_3D ( 'NONE', #1738, #5492, #1271 ) ;
#2664 = EDGE_LOOP ( 'NONE', ( #567, #1940, #618, #964, #5211 ) ) ;
#2665 = VECTOR ( 'NONE', #2529, 1000.000000000000000 ) ;
#2666 = FACE_OUTER_BOUND ( 'NONE', #3895, .T. ) ;
#2667 = DIRECTION ( 'NONE',  ( 1.000000000000000000, 0.0000000000000000000, -2.331617575237644893E-16 ) ) ;
#2668 = AXIS2_PLACEMENT_3D ( 'NONE', #4173, #1337, #5174 ) ;
#2669 = VECTOR ( 'NONE', #3433, 1000.000000000000000 ) ;
#2670 = DIRECTION ( 'NONE',  ( 0.0000000000000000000, 0.0000000000000000000, 1.000000000000000000 ) ) ;
#2671 = CARTESIAN_POINT ( 'NONE',  ( -4.400000000000000355, 0.0000000000000000000, 5.500000000000000000 ) ) ;
#2672 = EDGE_CURVE ( 'NONE', #2410, #4885, #75, .T. ) ;
#2673 = AXIS2_PLACEMENT_3D ( 'NONE', #2108, #3995, #1650 ) ;
#2674 = CARTESIAN_POINT ( 'NONE',  ( 4.700000000000000178, -5.000000000000000000, -5.500000000000000000 ) ) ;
#2675 = CARTESIAN_POINT ( 'NONE',  ( -4.700000000000000178, -6.799999999999999822, 0.0000000000000000000 ) ) ;
#2676 = CARTESIAN_POINT ( 'NONE',  ( -5.000000000000000000, -6.299999999999999822, 2.958228394578795321E-30 ) ) ;
#2677 = SURFACE_SIDE_STYLE ('',( #5036 ) ) ;
#2678 = CLOSED_SHELL ( 'NONE', ( #1842, #4782, #515, #4573, #4258, #2791, #3292, #2900, #4108, #2595, #5874, #1616, #5269, #3845, #4927, #5755, #4518, #5151, #2113, #5259, #5244, #2683, #1404 ) ) ;
#2679 = ORIENTED_EDGE ( 'NONE', *, *, #3819, .F. ) ;
#2680 = CARTESIAN_POINT ( 'NONE',  ( 5.299999999999999822, -7.139230484541309707, -2.036054155654050124 ) ) ;
#2681 = EDGE_CURVE ( 'NONE', #3540, #1351, #2865, .T. ) ;
#2682 = CARTESIAN_POINT ( 'NONE',  ( -3.106858347057730008, -5.299999999999999822, -4.125000000000000000 ) ) ;
#2683 = ADVANCED_FACE ( 'NONE', ( #4183 ), #2636, .T. ) ;
#2684 = VECTOR ( 'NONE', #2731, 1000.000000000000000 ) ;
#2685 = DIRECTION ( 'NONE',  ( 0.0000000000000000000, -1.000000000000000000, 0.0000000000000000000 ) ) ;
#2686 = ORIENTED_EDGE ( 'NONE', *, *, #3180, .T. ) ;
#2687 = DIRECTION ( 'NONE',  ( -1.000000000000000000, 0.0000000000000000000, 0.0000000000000000000 ) ) ;
#2688 = EDGE_LOOP ( 'NONE', ( #5993, #1135, #5581, #4290 ) ) ;
#2689 = AXIS2_PLACEMENT_3D ( 'NONE', #2916, #1929, #3814 ) ;
#2690 = ORIENTED_EDGE ( 'NONE', *, *, #1894, .F. ) ;
#2691 = CARTESIAN_POINT ( 'NONE',  ( -5.650300081418210496, -6.799999999999999822, 1.750000000000000000 ) ) ;
#2692 = ORIENTED_EDGE ( 'NONE', *, *, #1013, .T. ) ;
#2693 = DIRECTION ( 'NONE',  ( 0.0000000000000000000, 0.0000000000000000000, 1.000000000000000000 ) ) ;
#2694 = ORIENTED_EDGE ( 'NONE', *, *, #1199, .F. ) ;
#2695 = ORIENTED_EDGE ( 'NONE', *, *, #63, .F. ) ;
#2696 = DIRECTION ( 'NONE',  ( 0.0000000000000000000, 1.000000000000000000, 0.0000000000000000000 ) ) ;
#2697 = EDGE_LOOP ( 'NONE', ( #5133, #1194, #2932, #4089 ) ) ;
#2698 = CARTESIAN_POINT ( 'NONE',  ( -5.000000000000000000, -5.000000000000000000, 3.250000000000000000 ) ) ;
#2699 = DIRECTION ( 'NONE',  ( -2.203438688951874737E-17, 1.000000000000000000, -9.912705577010340341E-16 ) ) ;
#2700 = CARTESIAN_POINT ( 'NONE',  ( 3.106858347057730008, -5.299999999999999822, -4.125000000000000000 ) ) ;
#2701 = DIRECTION ( 'NONE',  ( -6.579741790498679796E-30, 1.734723475976805122E-15, 1.000000000000000000 ) ) ;
#2702 = DIRECTION ( 'NONE',  ( 1.000000000000000000, 3.452604976458695348E-15, 0.0000000000000000000 ) ) ;
#2703 = LINE ( 'NONE', #863, #2361 ) ;
#2704 = CARTESIAN_POINT ( 'NONE',  ( -4.400000000000000355, -5.000000000000000000, 5.000000000000000000 ) ) ;
#2705 = ADVANCED_FACE ( 'NONE', ( #1347 ), #3134, .F. ) ;
#2706 = VERTEX_POINT ( 'NONE', #3202 ) ;
#2707 = LINE ( 'NONE', #375, #3864 ) ;
#2708 = LINE ( 'NONE', #376, #3445 ) ;
#2709 = AXIS2_PLACEMENT_3D ( 'NONE', #2933, #258, #3401 ) ;
#2710 = DIRECTION ( 'NONE',  ( 0.0000000000000000000, 0.0000000000000000000, -1.000000000000000000 ) ) ;
#2711 = EDGE_CURVE ( 'NONE', #2614, #4974, #5033, .T. ) ;
#2712 = ADVANCED_FACE ( 'NONE', ( #1810 ), #436, .T. ) ;
#2713 = DIRECTION ( 'NONE',  ( 0.0000000000000000000, -1.000000000000000000, 0.0000000000000000000 ) ) ;
#2714 = ORIENTED_EDGE ( 'NONE', *, *, #624, .F. ) ;
#2715 = CIRCLE ( 'NONE', #72, 0.5999999999999998668 ) ;
#2716 = DIRECTION ( 'NONE',  ( -1.000000000000000000, 0.0000000000000000000, 0.0000000000000000000 ) ) ;
#2717 = EDGE_LOOP ( 'NONE', ( #5855, #5144, #3684, #3402, #3562, #2281, #361, #2654 ) ) ;
#2718 = LINE ( 'NONE', #2750, #5271 ) ;
#2719 = VECTOR ( 'NONE', #5828, 1000.000000000000000 ) ;
#2720 = ORIENTED_EDGE ( 'NONE', *, *, #3959, .T. ) ;
#2721 = FACE_OUTER_BOUND ( 'NONE', #2880, .T. ) ;
#2722 = EDGE_CURVE ( 'NONE', #38, #1470, #798, .T. ) ;
#2723 = DIRECTION ( 'NONE',  ( 3.469446951953614978E-15, 1.000000000000000000, 0.0000000000000000000 ) ) ;
#2724 = ORIENTED_EDGE ( 'NONE', *, *, #6077, .T. ) ;
#2725 = EDGE_LOOP ( 'NONE', ( #195, #4076, #4137, #5385 ) ) ;
#2726 = CARTESIAN_POINT ( 'NONE',  ( -4.250000000000000000, 0.2999999999999999889, -5.500000000000000000 ) ) ;
#2727 = EDGE_LOOP ( 'NONE', ( #4378, #15, #5897, #260 ) ) ;
#2728 = FACE_BOUND ( 'NONE', #1123, .T. ) ;
#2729 = CARTESIAN_POINT ( 'NONE',  ( -5.614115653889740543, -8.711949624907170175, -1.000000000000000000 ) ) ;
#2730 = LINE ( 'NONE', #1709, #2045 ) ;
#2731 = DIRECTION ( 'NONE',  ( -1.000000000000000000, 3.452604976458695348E-15, 0.0000000000000000000 ) ) ;
#2732 = DIRECTION ( 'NONE',  ( -8.556164151338879078E-31, 2.478176394252570294E-16, 1.000000000000000000 ) ) ;
#2733 = PLANE ( 'NONE',  #5862 ) ;
#2734 = CARTESIAN_POINT ( 'NONE',  ( 10.10685834705772024, 5.050300081418240161, -3.250000000000000000 ) ) ;
#2735 = DIRECTION ( 'NONE',  ( -1.486905836551554009E-15, -9.912705577010340341E-16, -1.000000000000000000 ) ) ;
#2736 = VERTEX_POINT ( 'NONE', #4647 ) ;
#2737 = CARTESIAN_POINT ( 'NONE',  ( 5.000000000000000000, -6.799999999999999822, 2.750000000000000000 ) ) ;
#2738 = VECTOR ( 'NONE', #3353, 1000.000000000000000 ) ;
#2739 = PLANE ( 'NONE',  #898 ) ;
#2740 = EDGE_CURVE ( 'NONE', #1470, #4632, #4086, .T. ) ;
#2741 = LINE ( 'NONE', #2279, #2219 ) ;
#2742 = AXIS2_PLACEMENT_3D ( 'NONE', #961, #5168, #2716 ) ;
#2743 = CARTESIAN_POINT ( 'NONE',  ( 4.400000000000000355, -5.000000000000000000, 2.213940418823854728 ) ) ;
#2744 = ORIENTED_EDGE ( 'NONE', *, *, #3285, .F. ) ;
#2745 = PLANE ( 'NONE',  #5489 ) ;
#2746 = ORIENTED_EDGE ( 'NONE', *, *, #1503, .F. ) ;
#2747 = ADVANCED_FACE ( 'NONE', ( #2767, #3569, #5440, #1218 ), #4117, .T. ) ;
#2748 = AXIS2_PLACEMENT_3D ( 'NONE', #2326, #2390, #551 ) ;
#2749 = ADVANCED_FACE ( 'NONE', ( #308 ), #401, .T. ) ;
#2750 = CARTESIAN_POINT ( 'NONE',  ( 3.250000000000000000, -0.2000000000000000111, -4.349999999999999645 ) ) ;
#2751 = ORIENTED_EDGE ( 'NONE', *, *, #5150, .F. ) ;
#2752 = DIRECTION ( 'NONE',  ( 0.0000000000000000000, 0.0000000000000000000, 1.000000000000000000 ) ) ;
#2753 = VERTEX_POINT ( 'NONE', #2234 ) ;
#2754 = ORIENTED_EDGE ( 'NONE', *, *, #573, .T. ) ;
#2755 = DIRECTION ( 'NONE',  ( 0.9396926207859094271, 0.3420201433256661039, 0.0000000000000000000 ) ) ;
#2756 = ADVANCED_FACE ( 'NONE', ( #1743 ), #3632, .T. ) ;
#2757 = EDGE_CURVE ( 'NONE', #4172, #1721, #5095, .T. ) ;
#2758 = ORIENTED_EDGE ( 'NONE', *, *, #2796, .T. ) ;
#2759 = DIRECTION ( 'NONE',  ( 0.0000000000000000000, 3.552713678800500140E-15, -1.000000000000000000 ) ) ;
#2760 = DIRECTION ( 'NONE',  ( -3.451902389348305348E-15, -1.000000000000000000, 2.478176394252570294E-16 ) ) ;
#2761 = VECTOR ( 'NONE', #3937, 1000.000000000000000 ) ;
#2762 = DIRECTION ( 'NONE',  ( 9.912705577010360062E-16, -9.912705577010330480E-16, -1.000000000000000000 ) ) ;
#2763 = DIRECTION ( 'NONE',  ( 1.000000000000000000, 0.0000000000000000000, -6.846053866033490793E-16 ) ) ;
#2764 = CIRCLE ( 'NONE', #4534, 0.8749999999999998890 ) ;
#2765 = LINE ( 'NONE', #6043, #4141 ) ;
#2766 = VECTOR ( 'NONE', #4024, 1000.000000000000000 ) ;
#2767 = FACE_OUTER_BOUND ( 'NONE', #4984, .T. ) ;
#2768 = CARTESIAN_POINT ( 'NONE',  ( 0.0000000000000000000, 30.00000000000000000, 0.0000000000000000000 ) ) ;
#2769 = VERTEX_POINT ( 'NONE', #5063 ) ;
#2770 = VECTOR ( 'NONE', #4263, 1000.000000000000114 ) ;
#2771 = DIRECTION ( 'NONE',  ( 0.7071067811865435759, -0.7071067811865515695, -2.468850131082278754E-15 ) ) ;
#2772 = VECTOR ( 'NONE', #1251, 1000.000000000000114 ) ;
#2773 = VECTOR ( 'NONE', #644, 1000.000000000000000 ) ;
#2774 = CARTESIAN_POINT ( 'NONE',  ( -4.400000000000000355, -0.5999999999999999778, -5.500000000000000000 ) ) ;
#2775 = LINE ( 'NONE', #1420, #1037 ) ;
#2776 = ORIENTED_EDGE ( 'NONE', *, *, #3013, .F. ) ;
#2777 = DIRECTION ( 'NONE',  ( 0.0000000000000000000, 0.0000000000000000000, -1.000000000000000000 ) ) ;
#2778 = VERTEX_POINT ( 'NONE', #5500 ) ;
#2779 = DIRECTION ( 'NONE',  ( 3.614007241618350250E-16, 1.725046345278389866E-16, 1.000000000000000000 ) ) ;
#2780 = ORIENTED_EDGE ( 'NONE', *, *, #5762, .T. ) ;
#2781 = AXIS2_PLACEMENT_3D ( 'NONE', #1735, #5968, #4106 ) ;
#2782 = ORIENTED_EDGE ( 'NONE', *, *, #5626, .T. ) ;
#2783 = EDGE_CURVE ( 'NONE', #3367, #1923, #3173, .T. ) ;
#2784 = ORIENTED_EDGE ( 'NONE', *, *, #472, .T. ) ;
#2785 = DIRECTION ( 'NONE',  ( 0.0000000000000000000, 0.0000000000000000000, 1.000000000000000000 ) ) ;
#2786 = FACE_OUTER_BOUND ( 'NONE', #440, .T. ) ;
#2787 = EDGE_LOOP ( 'NONE', ( #5083, #5665, #3161, #4494, #4915, #1042, #1078, #2059 ) ) ;
#2788 = DIRECTION ( 'NONE',  ( 0.3420201433256665480, -0.9396926207859092051, 0.0000000000000000000 ) ) ;
#2789 = LINE ( 'NONE', #5058, #2834 ) ;
#2790 = EDGE_CURVE ( 'NONE', #5332, #1664, #3664, .T. ) ;
#2791 = ADVANCED_FACE ( 'NONE', ( #861 ), #2733, .F. ) ;
#2792 = DIRECTION ( 'NONE',  ( 0.0000000000000000000, 0.0000000000000000000, -1.000000000000000000 ) ) ;
#2793 = DIRECTION ( 'NONE',  ( 0.0000000000000000000, 0.0000000000000000000, 1.000000000000000000 ) ) ;
#2794 = LINE ( 'NONE', #1837, #2117 ) ;
#2795 = DIRECTION ( 'NONE',  ( 0.0000000000000000000, 1.000000000000000000, -7.228014483236697541E-16 ) ) ;
#2796 = EDGE_CURVE ( 'NONE', #5371, #1502, #892, .T. ) ;
#2797 = ORIENTED_EDGE ( 'NONE', *, *, #5543, .F. ) ;
#2798 = LINE ( 'NONE', #5638, #4925 ) ;
#2799 = DIRECTION ( 'NONE',  ( -9.826173185649180890E-31, 1.000000000000000000, -9.912705577010340341E-16 ) ) ;
#2800 = CARTESIAN_POINT ( 'NONE',  ( 5.750000000000000000, -0.2000000000000000111, -9.000000000000000000 ) ) ;
#2801 = DIRECTION ( 'NONE',  ( -1.000000000000000000, 0.0000000000000000000, 0.0000000000000000000 ) ) ;
#2802 = ORIENTED_EDGE ( 'NONE', *, *, #3180, .F. ) ;
#2803 = CARTESIAN_POINT ( 'NONE',  ( -0.4000000000000000222, -2.871681469282044930, -6.700000000000000178 ) ) ;
#2804 = VERTEX_POINT ( 'NONE', #1 ) ;
#2805 = AXIS2_PLACEMENT_3D ( 'NONE', #1258, #5545, #4621 ) ;
#2806 = CARTESIAN_POINT ( 'NONE',  ( 4.400000000000000355, -5.000000000000000000, -3.250000000000000000 ) ) ;
#2807 = ORIENTED_EDGE ( 'NONE', *, *, #343, .T. ) ;
#2808 = CIRCLE ( 'NONE', #166, 0.2999999999999999334 ) ;
#2809 = PLANE ( 'NONE',  #4472 ) ;
#2810 = ORIENTED_EDGE ( 'NONE', *, *, #5108, .T. ) ;
#2811 = EDGE_LOOP ( 'NONE', ( #3219, #4257, #2897, #2522 ) ) ;
#2812 =( NAMED_UNIT ( * ) PLANE_ANGLE_UNIT ( ) SI_UNIT ( $, .RADIAN. ) );
#2813 = DIRECTION ( 'NONE',  ( 1.000000000000000000, 0.0000000000000000000, 0.0000000000000000000 ) ) ;
#2814 = CIRCLE ( 'NONE', #4784, 0.2999999999999999334 ) ;
#2815 = ADVANCED_FACE ( 'NONE', ( #5221 ), #5597, .F. ) ;
#2816 = ORIENTED_EDGE ( 'NONE', *, *, #1693, .F. ) ;
#2817 = FACE_OUTER_BOUND ( 'NONE', #1576, .T. ) ;
#2818 = DIRECTION ( 'NONE',  ( 0.0000000000000000000, 1.000000000000000000, 0.0000000000000000000 ) ) ;
#2819 = CARTESIAN_POINT ( 'NONE',  ( 1.750000000000000000, -0.2000000000000000111, -9.000000000000000000 ) ) ;
#2820 = DIRECTION ( 'NONE',  ( 0.0000000000000000000, 0.0000000000000000000, -1.000000000000000000 ) ) ;
#2821 = EDGE_CURVE ( 'NONE', #760, #5764, #4791, .T. ) ;
#2822 = EDGE_CURVE ( 'NONE', #2426, #3244, #1333, .T. ) ;
#2823 =( NAMED_UNIT ( * ) SI_UNIT ( $, .STERADIAN. ) SOLID_ANGLE_UNIT ( ) );
#2824 = CARTESIAN_POINT ( 'NONE',  ( -4.700000000000000178, -6.299999999999999822, 1.750000000000000000 ) ) ;
#2825 = LINE ( 'NONE', #1960, #3626 ) ;
#2826 = ORIENTED_EDGE ( 'NONE', *, *, #2672, .F. ) ;
#2827 = FACE_OUTER_BOUND ( 'NONE', #2126, .T. ) ;
#2828 = DIRECTION ( 'NONE',  ( 3.439160614977209983E-30, 9.912705577010340341E-16, 1.000000000000000000 ) ) ;
#2829 = MECHANICAL_DESIGN_GEOMETRIC_PRESENTATION_REPRESENTATION (  '', ( #4400 ), #3127 ) ;
#2830 = EDGE_CURVE ( 'NONE', #5104, #6036, #4674, .T. ) ;
#2831 = CARTESIAN_POINT ( 'NONE',  ( 5.000000000000000000, -6.799999999999999822, 5.898059818321149643E-15 ) ) ;
#2832 = FACE_OUTER_BOUND ( 'NONE', #4392, .T. ) ;
#2833 = CYLINDRICAL_SURFACE ( 'NONE', #3100, 0.2999999999999999334 ) ;
#2834 = VECTOR ( 'NONE', #825, 1000.000000000000000 ) ;
#2835 = ORIENTED_EDGE ( 'NONE', *, *, #5763, .F. ) ;
#2836 = CYLINDRICAL_SURFACE ( 'NONE', #5094, 0.4000000000000001887 ) ;
#2837 = EDGE_LOOP ( 'NONE', ( #5747, #5422, #1520, #5999 ) ) ;
#2838 = MANIFOLD_SOLID_BREP ( 'NONE', #1587 ) ;
#2839 = CARTESIAN_POINT ( 'NONE',  ( -4.700000000000000178, -7.139230484541309707, 0.0000000000000000000 ) ) ;
#2840 = ORIENTED_EDGE ( 'NONE', *, *, #4992, .F. ) ;
#2841 = LINE ( 'NONE', #5618, #5664 ) ;
#2842 = EDGE_LOOP ( 'NONE', ( #4810, #2215, #820, #2843 ) ) ;
#2843 = ORIENTED_EDGE ( 'NONE', *, *, #3207, .F. ) ;
#2844 = AXIS2_PLACEMENT_3D ( 'NONE', #1437, #3752, #5658 ) ;
#2845 = CARTESIAN_POINT ( 'NONE',  ( 4.400000000000000355, -5.599999999999999645, -3.250000000000000000 ) ) ;
#2846 = VERTEX_POINT ( 'NONE', #1038 ) ;
#2847 = LINE ( 'NONE', #3345, #1486 ) ;
#2848 = PRESENTATION_LAYER_ASSIGNMENT (  '', '', ( #5602 ) ) ;
#2849 = CARTESIAN_POINT ( 'NONE',  ( -5.000000000000000000, -6.799999999999999822, 1.750000000000000000 ) ) ;
#2850 = CARTESIAN_POINT ( 'NONE',  ( -5.000000000000000000, 1.725951194674155159E-14, 1.750000000000000000 ) ) ;
#2851 = DIRECTION ( 'NONE',  ( 1.000000000000000000, 0.0000000000000000000, 0.0000000000000000000 ) ) ;
#2852 = PRESENTATION_STYLE_ASSIGNMENT (( #2422 ) ) ;
#2853 = ORIENTED_EDGE ( 'NONE', *, *, #454, .F. ) ;
#2854 = CIRCLE ( 'NONE', #5005, 3.600000000000000089 ) ;
#2855 = FACE_OUTER_BOUND ( 'NONE', #6089, .T. ) ;
#2856 = DIRECTION ( 'NONE',  ( 0.0000000000000000000, -1.000000000000000000, 8.260587980841940012E-17 ) ) ;
#2857 = VECTOR ( 'NONE', #1040, 1000.000000000000114 ) ;
#2858 = ORIENTED_EDGE ( 'NONE', *, *, #1726, .T. ) ;
#2859 = EDGE_CURVE ( 'NONE', #2517, #4493, #2794, .T. ) ;
#2860 = DIRECTION ( 'NONE',  ( 0.3420201433256665480, -0.9396926207859092051, 0.0000000000000000000 ) ) ;
#2861 = DIRECTION ( 'NONE',  ( -0.0000000000000000000, 1.000000000000000000, 0.0000000000000000000 ) ) ;
#2862 = DIRECTION ( 'NONE',  ( -9.826173185649180890E-31, 1.000000000000000000, -9.912705577010340341E-16 ) ) ;
#2863 = LINE ( 'NONE', #593, #5726 ) ;
#2864 = VECTOR ( 'NONE', #665, 1000.000000000000000 ) ;
#2865 = LINE ( 'NONE', #341, #5055 ) ;
#2866 = ORIENTED_EDGE ( 'NONE', *, *, #2988, .T. ) ;
#2867 = EDGE_CURVE ( 'NONE', #2736, #5627, #3294, .T. ) ;
#2868 = ADVANCED_FACE ( 'NONE', ( #5129 ), #3722, .F. ) ;
#2869 = DIRECTION ( 'NONE',  ( 0.0000000000000000000, 0.0000000000000000000, -1.000000000000000000 ) ) ;
#2870 = VECTOR ( 'NONE', #3378, 1000.000000000000000 ) ;
#2871 = VERTEX_POINT ( 'NONE', #4243 ) ;
#2872 = LINE ( 'NONE', #1025, #561 ) ;
#2873 = ORIENTED_EDGE ( 'NONE', *, *, #5118, .T. ) ;
#2874 = CARTESIAN_POINT ( 'NONE',  ( -1.092959790949050047, -1.052423092979900110, 0.0000000000000000000 ) ) ;
#2875 = EDGE_LOOP ( 'NONE', ( #5673, #3252, #4379, #914 ) ) ;
#2876 = CIRCLE ( 'NONE', #4353, 0.4000000000000001887 ) ;
#2877 = EDGE_CURVE ( 'NONE', #3216, #2347, #1901, .T. ) ;
#2878 = ORIENTED_EDGE ( 'NONE', *, *, #1913, .T. ) ;
#2879 = CIRCLE ( 'NONE', #1697, 0.5999999999999998668 ) ;
#2880 = EDGE_LOOP ( 'NONE', ( #1895, #1382, #572, #3740 ) ) ;
#2881 = PLANE ( 'NONE',  #3658 ) ;
#2882 = DIRECTION ( 'NONE',  ( 0.0000000000000000000, 0.0000000000000000000, -1.000000000000000000 ) ) ;
#2883 = MANIFOLD_SOLID_BREP ( 'NONE', #4441 ) ;
#2884 = VECTOR ( 'NONE', #4976, 1000.000000000000114 ) ;
#2885 = FACE_OUTER_BOUND ( 'NONE', #3988, .T. ) ;
#2886 = DIRECTION ( 'NONE',  ( 0.0000000000000000000, 0.0000000000000000000, -1.000000000000000000 ) ) ;
#2887 =( LENGTH_UNIT ( ) NAMED_UNIT ( * ) SI_UNIT ( .MILLI., .METRE. ) );
#2888 = DIRECTION ( 'NONE',  ( 0.0000000000000000000, 0.0000000000000000000, 1.000000000000000000 ) ) ;
#2889 = LINE ( 'NONE', #2485, #4701 ) ;
#2890 = ORIENTED_EDGE ( 'NONE', *, *, #3013, .T. ) ;
#2891 = CARTESIAN_POINT ( 'NONE',  ( 4.700000000000000178, -5.000000000000000000, -2.478176394252590016E-15 ) ) ;
#2892 = DIRECTION ( 'NONE',  ( 1.000000000000000000, 0.0000000000000000000, 0.0000000000000000000 ) ) ;
#2893 = EDGE_CURVE ( 'NONE', #2804, #3377, #64, .T. ) ;
#2894 = PLANE ( 'NONE',  #304 ) ;
#2895 = PRODUCT ( '______2.STEP', '______2.STEP', '', ( #4440 ) ) ;
#2896 = DIRECTION ( 'NONE',  ( 0.9396926207859092051, -0.3420201433256665480, 0.0000000000000000000 ) ) ;
#2897 = ORIENTED_EDGE ( 'NONE', *, *, #4477, .F. ) ;
#2898 = LINE ( 'NONE', #2079, #4510 ) ;
#2899 = ORIENTED_EDGE ( 'NONE', *, *, #5915, .T. ) ;
#2900 = ADVANCED_FACE ( 'NONE', ( #3953, #2189, #5865, #5016 ), #2125, .F. ) ;
#2901 = MANIFOLD_SOLID_BREP ( 'NONE', #3069 ) ;
#2902 = PLANE ( 'NONE',  #4779 ) ;
#2903 = EDGE_CURVE ( 'NONE', #1222, #911, #1607, .T. ) ;
#2904 = VERTEX_POINT ( 'NONE', #4893 ) ;
#2905 = ORIENTED_EDGE ( 'NONE', *, *, #2621, .F. ) ;
#2906 = AXIS2_PLACEMENT_3D ( 'NONE', #1722, #2713, #3085 ) ;
#2907 = EDGE_LOOP ( 'NONE', ( #5930, #5550, #516, #5815 ) ) ;
#2908 =( NAMED_UNIT ( * ) SI_UNIT ( $, .STERADIAN. ) SOLID_ANGLE_UNIT ( ) );
#2909 = STYLED_ITEM ( 'NONE', ( #2852 ), #2838 ) ;
#2910 = EDGE_CURVE ( 'NONE', #465, #3773, #1045, .T. ) ;
#2911 = ORIENTED_EDGE ( 'NONE', *, *, #5526, .T. ) ;
#2912 = LINE ( 'NONE', #4786, #4917 ) ;
#2913 = CARTESIAN_POINT ( 'NONE',  ( 0.0000000000000000000, -0.2999999999999999889, 0.0000000000000000000 ) ) ;
#2914 = CARTESIAN_POINT ( 'NONE',  ( -0.7500000000000000000, 0.0000000000000000000, -9.000000000000000000 ) ) ;
#2915 = VECTOR ( 'NONE', #3787, 1000.000000000000000 ) ;
#2916 = CARTESIAN_POINT ( 'NONE',  ( -4.400000000000000355, -5.000000000000000000, -3.250000000000000000 ) ) ;
#2917 = DIRECTION ( 'NONE',  ( 1.719580307488605342E-30, -4.956352788505180031E-16, 1.000000000000000000 ) ) ;
#2918 = ORIENTED_EDGE ( 'NONE', *, *, #4251, .F. ) ;
#2919 = FACE_OUTER_BOUND ( 'NONE', #4201, .T. ) ;
#2920 = AXIS2_PLACEMENT_3D ( 'NONE', #623, #535, #1046 ) ;
#2921 = CARTESIAN_POINT ( 'NONE',  ( -5.614115653889740543, -8.711949624907170175, 1.000000000000000000 ) ) ;
#2922 = ORIENTED_EDGE ( 'NONE', *, *, #3331, .F. ) ;
#2923 = LINE ( 'NONE', #559, #1400 ) ;
#2924 = CARTESIAN_POINT ( 'NONE',  ( 3.085872574535459822, 5.000000000000000000, 4.247339220468489884 ) ) ;
#2925 = CARTESIAN_POINT ( 'NONE',  ( 5.000000000000000000, -5.000000000000000000, 4.956352788505170565E-15 ) ) ;
#2926 = CYLINDRICAL_SURFACE ( 'NONE', #1189, 3.600000000000000089 ) ;
#2927 = VERTEX_POINT ( 'NONE', #4070 ) ;
#2928 = LINE ( 'NONE', #108, #1953 ) ;
#2929 = ORIENTED_EDGE ( 'NONE', *, *, #2867, .F. ) ;
#2930 = ADVANCED_FACE ( 'NONE', ( #2619 ), #2093, .F. ) ;
#2931 = DIRECTION ( 'NONE',  ( -1.000000000000000000, 0.0000000000000000000, 0.0000000000000000000 ) ) ;
#2932 = ORIENTED_EDGE ( 'NONE', *, *, #2790, .F. ) ;
#2933 = CARTESIAN_POINT ( 'NONE',  ( 3.106858347057719794, -5.599999999999999645, 4.125000000000000000 ) ) ;
#2934 = ORIENTED_EDGE ( 'NONE', *, *, #654, .T. ) ;
#2935 = ORIENTED_EDGE ( 'NONE', *, *, #1509, .F. ) ;
#2936 = EDGE_CURVE ( 'NONE', #3455, #1782, #5482, .T. ) ;
#2937 = EDGE_CURVE ( 'NONE', #2114, #3057, #1639, .T. ) ;
#2938 = VECTOR ( 'NONE', #37, 1000.000000000000000 ) ;
#2939 = ORIENTED_EDGE ( 'NONE', *, *, #3771, .F. ) ;
#2940 = LINE ( 'NONE', #2095, #2568 ) ;
#2941 = CARTESIAN_POINT ( 'NONE',  ( -3.106858347057719794, -5.299999999999999822, 5.000000000000000000 ) ) ;
#2942 = VECTOR ( 'NONE', #4658, 1000.000000000000000 ) ;
#2943 = EDGE_CURVE ( 'NONE', #79, #4312, #2590, .T. ) ;
#2944 = DIRECTION ( 'NONE',  ( 0.0000000000000000000, 1.000000000000000000, 0.0000000000000000000 ) ) ;
#2945 = EDGE_CURVE ( 'NONE', #3954, #5346, #2214, .T. ) ;
#2946 = CARTESIAN_POINT ( 'NONE',  ( -4.400000000000000355, -5.599999999999999645, 5.000000000000000000 ) ) ;
#2947 = ORIENTED_EDGE ( 'NONE', *, *, #2447, .T. ) ;
#2948 = FACE_OUTER_BOUND ( 'NONE', #4558, .T. ) ;
#2949 = DIRECTION ( 'NONE',  ( -2.331617575237644893E-16, 0.0000000000000000000, -1.000000000000000000 ) ) ;
#2950 = VERTEX_POINT ( 'NONE', #4040 ) ;
#2951 = EDGE_CURVE ( 'NONE', #2990, #3759, #1232, .T. ) ;
#2952 = CARTESIAN_POINT ( 'NONE',  ( 2.856571371417135019, 30.00000000000000000, -0.4999999999999929501 ) ) ;
#2953 = CARTESIAN_POINT ( 'NONE',  ( 4.163799117101000559E-16, -0.2999999999999999889, -3.399999999999999911 ) ) ;
#2954 = AXIS2_PLACEMENT_3D ( 'NONE', #4681, #1783, #4591 ) ;
#2955 = DIRECTION ( 'NONE',  ( -1.000000000000000000, 0.0000000000000000000, 0.0000000000000000000 ) ) ;
#2956 = DIRECTION ( 'NONE',  ( -2.331617575237644893E-16, 0.0000000000000000000, -1.000000000000000000 ) ) ;
#2957 = VERTEX_POINT ( 'NONE', #2653 ) ;
#2958 = AXIS2_PLACEMENT_3D ( 'NONE', #2682, #2799, #3731 ) ;
#2959 = EDGE_LOOP ( 'NONE', ( #3950, #658, #5379, #1423 ) ) ;
#2960 = CARTESIAN_POINT ( 'NONE',  ( 5.000000000000000000, -6.871681469282040489, -6.500000000000000000 ) ) ;
#2961 = VECTOR ( 'NONE', #4110, 1000.000000000000000 ) ;
#2962 = VECTOR ( 'NONE', #370, 1000.000000000000000 ) ;
#2963 = CARTESIAN_POINT ( 'NONE',  ( 4.999420525573870400, -9.523669289754890244, 1.200153863164407923E-15 ) ) ;
#2964 = EDGE_LOOP ( 'NONE', ( #2403, #4268, #954, #3451 ) ) ;
#2965 =( GEOMETRIC_REPRESENTATION_CONTEXT ( 3 ) GLOBAL_UNCERTAINTY_ASSIGNED_CONTEXT ( ( #3915 ) ) GLOBAL_UNIT_ASSIGNED_CONTEXT ( ( #6090, #3460, #2908 ) ) REPRESENTATION_CONTEXT ( 'NONE', 'WORKASPACE' ) );
#2966 = ORIENTED_EDGE ( 'NONE', *, *, #1364, .F. ) ;
#2967 = VERTEX_POINT ( 'NONE', #5080 ) ;
#2968 = APPLICATION_PROTOCOL_DEFINITION ( 'draft international standard', 'automotive_design', 1998, #6033 ) ;
#2969 = AXIS2_PLACEMENT_3D ( 'NONE', #2974, #4413, #2505 ) ;
#2970 = VERTEX_POINT ( 'NONE', #3217 ) ;
#2971 = EDGE_CURVE ( 'NONE', #2323, #4210, #2718, .T. ) ;
#2972 = AXIS2_PLACEMENT_3D ( 'NONE', #2455, #130, #2397 ) ;
#2973 = CARTESIAN_POINT ( 'NONE',  ( 5.750000000000000000, 0.0000000000000000000, -7.000000000000000000 ) ) ;
#2974 = CARTESIAN_POINT ( 'NONE',  ( 0.0000000000000000000, 30.00000000000000000, 0.0000000000000000000 ) ) ;
#2975 = CARTESIAN_POINT ( 'NONE',  ( -3.085872574535459822, 0.0000000000000000000, -4.247339220468495213 ) ) ;
#2976 = LINE ( 'NONE', #3902, #5238 ) ;
#2977 = EDGE_LOOP ( 'NONE', ( #4747, #4980, #3806, #4109 ) ) ;
#2978 = EDGE_CURVE ( 'NONE', #2114, #3023, #4132, .T. ) ;
#2979 = DIRECTION ( 'NONE',  ( 0.0000000000000000000, 0.0000000000000000000, 1.000000000000000000 ) ) ;
#2980 = EDGE_CURVE ( 'NONE', #3023, #4158, #4599, .T. ) ;
#2981 = LINE ( 'NONE', #5436, #1948 ) ;
#2982 = AXIS2_PLACEMENT_3D ( 'NONE', #1860, #1828, #3314 ) ;
#2983 = ORIENTED_EDGE ( 'NONE', *, *, #3989, .T. ) ;
#2984 = CARTESIAN_POINT ( 'NONE',  ( 2.985158174559582989, 29.84695109141718916, -0.6530489085827979601 ) ) ;
#2985 = MANIFOLD_SOLID_BREP ( 'NONE', #1492 ) ;
#2986 = CARTESIAN_POINT ( 'NONE',  ( -3.106858347057730008, -5.599999999999999645, -4.125000000000000000 ) ) ;
#2987 = FACE_OUTER_BOUND ( 'NONE', #5504, .T. ) ;
#2988 = EDGE_CURVE ( 'NONE', #2323, #245, #3772, .T. ) ;
#2989 = CARTESIAN_POINT ( 'NONE',  ( 0.4000000000000000222, -2.871681469282044930, -6.700000000000000178 ) ) ;
#2990 = VERTEX_POINT ( 'NONE', #4569 ) ;
#2991 = LINE ( 'NONE', #4859, #2884 ) ;
#2992 = PRODUCT_DEFINITION_CONTEXT ( 'detailed design', #1331, 'design' ) ;
#2993 = CARTESIAN_POINT ( 'NONE',  ( -5.299999999999999822, -7.139230484541309707, -1.000000000000000000 ) ) ;
#2994 = ORIENTED_EDGE ( 'NONE', *, *, #132, .T. ) ;
#2995 = EDGE_LOOP ( 'NONE', ( #4095, #878, #2460, #5986 ) ) ;
#2996 = EDGE_LOOP ( 'NONE', ( #4685, #3033, #1761, #1517 ) ) ;
#2997 = ORIENTED_EDGE ( 'NONE', *, *, #5428, .F. ) ;
#2998 = DIRECTION ( 'NONE',  ( 1.000000000000000000, 0.0000000000000000000, 0.0000000000000000000 ) ) ;
#2999 = CARTESIAN_POINT ( 'NONE',  ( 3.249615361854385043, 29.50000000000000000, -1.000000000000000000 ) ) ;
#3000 = FACE_OUTER_BOUND ( 'NONE', #4471, .T. ) ;
#3001 = DIRECTION ( 'NONE',  ( -6.018531076210100130E-30, -1.734723475976805122E-15, -1.000000000000000000 ) ) ;
#3002 = CARTESIAN_POINT ( 'NONE',  ( 4.400000000000000355, -5.000000000000000000, 3.250000000000000000 ) ) ;
#3003 = EDGE_CURVE ( 'NONE', #3147, #1629, #3187, .T. ) ;
#3004 = CIRCLE ( 'NONE', #1131, 0.4999999999999995559 ) ;
#3005 = EDGE_LOOP ( 'NONE', ( #2935, #2463, #1485, #5463 ) ) ;
#3006 = CARTESIAN_POINT ( 'NONE',  ( -0.7500000000000000000, -2.521681469282039956, -6.500000000000000000 ) ) ;
#3007 = DIRECTION ( 'NONE',  ( 0.3420201433256665480, -0.9396926207859092051, 0.0000000000000000000 ) ) ;
#3008 = VECTOR ( 'NONE', #780, 1000.000000000000000 ) ;
#3009 = ORIENTED_EDGE ( 'NONE', *, *, #1686, .F. ) ;
#3010 = CARTESIAN_POINT ( 'NONE',  ( 5.000000000000000000, 1.839467916142100148E-14, 0.0000000000000000000 ) ) ;
#3011 = ADVANCED_FACE ( 'NONE', ( #2249 ), #3306, .T. ) ;
#3012 = CARTESIAN_POINT ( 'NONE',  ( 5.000000000000000000, -5.000000000000000000, -3.250000000000000000 ) ) ;
#3013 = EDGE_CURVE ( 'NONE', #3678, #1234, #2808, .T. ) ;
#3014 = LINE ( 'NONE', #4425, #4426 ) ;
#3015 = DIRECTION ( 'NONE',  ( -0.8660254037844379305, 0.5000000000000011102, -4.173738610409520680E-33 ) ) ;
#3016 = ORIENTED_EDGE ( 'NONE', *, *, #862, .T. ) ;
#3017 = VERTEX_POINT ( 'NONE', #478 ) ;
#3018 = PLANE ( 'NONE',  #3676 ) ;
#3019 = EDGE_CURVE ( 'NONE', #3717, #5104, #5111, .T. ) ;
#3020 = FACE_OUTER_BOUND ( 'NONE', #686, .T. ) ;
#3021 = ORIENTED_EDGE ( 'NONE', *, *, #2988, .F. ) ;
#3022 = ORIENTED_EDGE ( 'NONE', *, *, #3579, .T. ) ;
#3023 = VERTEX_POINT ( 'NONE', #845 ) ;
#3024 = CONTEXT_DEPENDENT_SHAPE_REPRESENTATION ( #5961, #4217 ) ;
#3025 = EDGE_CURVE ( 'NONE', #4780, #2193, #2715, .T. ) ;
#3026 = ORIENTED_EDGE ( 'NONE', *, *, #1927, .F. ) ;
#3027 = CARTESIAN_POINT ( 'NONE',  ( -4.700000000000000178, -0.5999999999999999778, -5.500000000000000000 ) ) ;
#3028 = DIRECTION ( 'NONE',  ( 1.000000000000000000, 0.0000000000000000000, -9.912705577010326536E-16 ) ) ;
#3029 = CARTESIAN_POINT ( 'NONE',  ( 1.092959790949050047, -1.052423092979900110, -1.000000000000000000 ) ) ;
#3030 = AXIS2_PLACEMENT_3D ( 'NONE', #4821, #1528, #2949 ) ;
#3031 = DIRECTION ( 'NONE',  ( 0.0000000000000000000, -1.000000000000000000, 8.260587980841940012E-17 ) ) ;
#3032 = CARTESIAN_POINT ( 'NONE',  ( -4.700000000000000178, -6.299999999999999822, 1.000000000000000000 ) ) ;
#3033 = ORIENTED_EDGE ( 'NONE', *, *, #1894, .T. ) ;
#3034 = VECTOR ( 'NONE', #476, 1000.000000000000000 ) ;
#3035 = DIRECTION ( 'NONE',  ( 1.000000000000000000, -8.673617379884037050E-15, 0.0000000000000000000 ) ) ;
#3036 = DIRECTION ( 'NONE',  ( -9.826173185649180890E-31, -1.000000000000000000, 9.912705577010330480E-16 ) ) ;
#3037 = PRODUCT_RELATED_PRODUCT_CATEGORY ( 'part', '', ( #103 ) ) ;
#3038 = VERTEX_POINT ( 'NONE', #4100 ) ;
#3039 = PLANE ( 'NONE',  #5295 ) ;
#3040 = DIRECTION ( 'NONE',  ( -4.915049848600954486E-14, -1.000000000000000000, 0.0000000000000000000 ) ) ;
#3041 = AXIS2_PLACEMENT_3D ( 'NONE', #4113, #4551, #3690 ) ;
#3042 = DIRECTION ( 'NONE',  ( 0.0000000000000000000, -1.000000000000000000, 0.0000000000000000000 ) ) ;
#3043 = DIRECTION ( 'NONE',  ( 1.000000000000000000, 0.0000000000000000000, 0.0000000000000000000 ) ) ;
#3044 = VECTOR ( 'NONE', #4881, 1000.000000000000000 ) ;
#3045 = DIRECTION ( 'NONE',  ( -1.000000000000000000, 0.0000000000000000000, 0.0000000000000000000 ) ) ;
#3046 = EDGE_CURVE ( 'NONE', #1352, #4663, #448, .T. ) ;
#3047 = ORIENTED_EDGE ( 'NONE', *, *, #1356, .T. ) ;
#3048 = ORIENTED_EDGE ( 'NONE', *, *, #439, .F. ) ;
#3049 = DIRECTION ( 'NONE',  ( 0.0000000000000000000, 0.0000000000000000000, 1.000000000000000000 ) ) ;
#3050 = AXIS2_PLACEMENT_3D ( 'NONE', #4856, #2020, #3043 ) ;
#3051 = CARTESIAN_POINT ( 'NONE',  ( 5.750000000000000000, -0.5000000000000000000, -6.700000000000000178 ) ) ;
#3052 = ORIENTED_EDGE ( 'NONE', *, *, #2000, .F. ) ;
#3053 = ADVANCED_FACE ( 'NONE', ( #1757 ), #5549, .T. ) ;
#3054 = VECTOR ( 'NONE', #5348, 1000.000000000000000 ) ;
#3055 = ADVANCED_FACE ( 'NONE', ( #1397 ), #18, .T. ) ;
#3056 = CARTESIAN_POINT ( 'NONE',  ( 5.000000000000000000, -5.000000000000000000, 5.500000000000000000 ) ) ;
#3057 = VERTEX_POINT ( 'NONE', #511 ) ;
#3058 = VECTOR ( 'NONE', #5155, 1000.000000000000000 ) ;
#3059 = ORIENTED_EDGE ( 'NONE', *, *, #3249, .T. ) ;
#3060 = VECTOR ( 'NONE', #3065, 1000.000000000000000 ) ;
#3061 = ORIENTED_EDGE ( 'NONE', *, *, #63, .T. ) ;
#3062 = DIRECTION ( 'NONE',  ( -3.439160614977209983E-30, -1.445602896647340100E-15, -1.000000000000000000 ) ) ;
#3063 = EDGE_CURVE ( 'NONE', #1100, #1053, #2872, .T. ) ;
#3064 = CARTESIAN_POINT ( 'NONE',  ( 4.408728476930471151E-16, 0.0000000000000000000, 3.600000000000000089 ) ) ;
#3065 = DIRECTION ( 'NONE',  ( 0.0000000000000000000, 0.0000000000000000000, 1.000000000000000000 ) ) ;
#3066 = AXIS2_PLACEMENT_3D ( 'NONE', #4631, #3153, #4956 ) ;
#3067 = PLANE ( 'NONE',  #3376 ) ;
#3068 = AXIS2_PLACEMENT_3D ( 'NONE', #2608, #3045, #2175 ) ;
#3069 = CLOSED_SHELL ( 'NONE', ( #5733, #2302, #2287, #2098, #1666, #1841, #616, #184, #1518, #423, #1727, #4212, #5461, #504, #1593, #305, #1427, #1849, #278, #2747, #197, #5702, #1293, #6047, #2868, #5176, #2756, #541, #2558, #679, #4148, #3430, #3646, #1659, #4376, #4093, #3888, #5226, #827, #2490, #5453, #3700, #4744, #4073, #1473, #1877, #5535, #2380, #5950, #193, #4707, #4332, #4397, #1022, #3393, #5916, #3837, #5957, #6004, #5996, #239, #951, #5276, #797, #3214, #2705, #5374, #3053, #1403, #3702, #3011, #1702, #2371, #5367, #359, #20, #4607, #4549, #350, #944, #462, #4717, #3916, #4809, #4699, #2930, #4267, #140, #1162, #1885, #2187, #4519, #2583, #1510, #687, #3368, #5569, #2438, #205, #4287, #3991, #5128, #5769, #4995, #3918, #1993, #9, #5659, #2334, #2453, #4099, #1130, #3958, #3515, #717, #5809, #5192, #5882, #56, #5293, #4677, #5793, #3122, #3786, #270, #5031, #4814, #4790 ) ) ;
#3070 = EDGE_LOOP ( 'NONE', ( #5861, #269, #281, #2054 ) ) ;
#3071 = FACE_OUTER_BOUND ( 'NONE', #2697, .T. ) ;
#3072 = FACE_OUTER_BOUND ( 'NONE', #834, .T. ) ;
#3073 = CIRCLE ( 'NONE', #1196, 0.7499999999999997780 ) ;
#3074 = CARTESIAN_POINT ( 'NONE',  ( -5.650300081418220266, -6.299999999999999822, 1.750000000000000000 ) ) ;
#3075 = LINE ( 'NONE', #2539, #2761 ) ;
#3076 = CIRCLE ( 'NONE', #1990, 1.000000000000000222 ) ;
#3077 = CARTESIAN_POINT ( 'NONE',  ( 10.10685834705772024, -5.299999999999999822, 3.250000000000000000 ) ) ;
#3078 = CARTESIAN_POINT ( 'NONE',  ( -3.116466489997014921, 29.68028442475054263, -0.8197155752494509340 ) ) ;
#3079 = ORIENTED_EDGE ( 'NONE', *, *, #5997, .F. ) ;
#3080 = ORIENTED_EDGE ( 'NONE', *, *, #841, .T. ) ;
#3081 = LINE ( 'NONE', #3483, #5537 ) ;
#3082 = ADVANCED_FACE ( 'NONE', ( #630 ), #2902, .T. ) ;
#3083 = CARTESIAN_POINT ( 'NONE',  ( 2.500000000000000000, 0.0000000000000000000, -7.000000000000000000 ) ) ;
#3084 = VERTEX_POINT ( 'NONE', #4289 ) ;
#3085 = DIRECTION ( 'NONE',  ( 0.0000000000000000000, 0.0000000000000000000, 1.000000000000000000 ) ) ;
#3086 = VERTEX_POINT ( 'NONE', #4777 ) ;
#3087 = ORIENTED_EDGE ( 'NONE', *, *, #5002, .F. ) ;
#3088 = EDGE_CURVE ( 'NONE', #1170, #3574, #5567, .T. ) ;
#3089 = EDGE_CURVE ( 'NONE', #1667, #4357, #5330, .T. ) ;
#3090 =( LENGTH_UNIT ( ) NAMED_UNIT ( * ) SI_UNIT ( .MILLI., .METRE. ) );
#3091 = ORIENTED_EDGE ( 'NONE', *, *, #5777, .F. ) ;
#3092 = DIRECTION ( 'NONE',  ( 1.000000000000000000, 0.0000000000000000000, 0.0000000000000000000 ) ) ;
#3093 = CARTESIAN_POINT ( 'NONE',  ( 10.10685834705772024, -5.599999999999999645, -5.000000000000000000 ) ) ;
#3094 = CARTESIAN_POINT ( 'NONE',  ( -5.040192378864690070, -7.289230484541310062, 1.000000000000000000 ) ) ;
#3095 = CARTESIAN_POINT ( 'NONE',  ( -5.650300081418210496, -6.799999999999999822, 2.958228394578795321E-30 ) ) ;
#3096 = EDGE_CURVE ( 'NONE', #226, #3981, #1077, .T. ) ;
#3097 = EDGE_LOOP ( 'NONE', ( #4716, #4480, #4410, #3052 ) ) ;
#3098 = DIRECTION ( 'NONE',  ( -0.9396926207859094271, 0.3420201433256661039, 0.0000000000000000000 ) ) ;
#3099 = FACE_OUTER_BOUND ( 'NONE', #4690, .T. ) ;
#3100 = AXIS2_PLACEMENT_3D ( 'NONE', #1390, #4746, #903 ) ;
#3101 = FACE_OUTER_BOUND ( 'NONE', #4921, .T. ) ;
#3102 = LINE ( 'NONE', #2170, #2574 ) ;
#3103 = DIRECTION ( 'NONE',  ( 1.000000000000000000, 0.0000000000000000000, -9.912705577010326536E-16 ) ) ;
#3104 = CARTESIAN_POINT ( 'NONE',  ( -5.650300081418220266, -5.000000000000000000, 2.958228394578795321E-30 ) ) ;
#3105 = DIRECTION ( 'NONE',  ( -0.8660254037844379305, 0.5000000000000011102, 0.0000000000000000000 ) ) ;
#3106 = ORIENTED_EDGE ( 'NONE', *, *, #1770, .F. ) ;
#3107 = ORIENTED_EDGE ( 'NONE', *, *, #977, .F. ) ;
#3108 = CARTESIAN_POINT ( 'NONE',  ( -5.299999999999999822, -7.139230484541309707, 1.000000000000000000 ) ) ;
#3109 = AXIS2_PLACEMENT_3D ( 'NONE', #8, #6052, #2685 ) ;
#3110 = DIRECTION ( 'NONE',  ( -2.203438688951874737E-17, -1.000000000000000000, 9.912705577010330480E-16 ) ) ;
#3111 = ORIENTED_EDGE ( 'NONE', *, *, #4368, .T. ) ;
#3112 = DIRECTION ( 'NONE',  ( 0.0000000000000000000, -9.912705577010340341E-16, -1.000000000000000000 ) ) ;
#3113 = ORIENTED_EDGE ( 'NONE', *, *, #3207, .T. ) ;
#3114 = EDGE_CURVE ( 'NONE', #4164, #38, #4805, .T. ) ;
#3115 = ORIENTED_EDGE ( 'NONE', *, *, #763, .F. ) ;
#3116 = DIRECTION ( 'NONE',  ( 1.000000000000000000, 0.0000000000000000000, 0.0000000000000000000 ) ) ;
#3117 = ORIENTED_EDGE ( 'NONE', *, *, #3498, .T. ) ;
#3118 = CYLINDRICAL_SURFACE ( 'NONE', #3456, 0.2999999999999999334 ) ;
#3119 = CARTESIAN_POINT ( 'NONE',  ( -4.999420525573859742, -9.523669289754890244, 1.200153863164407923E-15 ) ) ;
#3120 = LINE ( 'NONE', #3927, #5214 ) ;
#3121 = EDGE_CURVE ( 'NONE', #3084, #46, #857, .T. ) ;
#3122 = ADVANCED_FACE ( 'NONE', ( #5239 ), #5708, .F. ) ;
#3123 =( LENGTH_UNIT ( ) NAMED_UNIT ( * ) SI_UNIT ( .MILLI., .METRE. ) );
#3124 = ORIENTED_EDGE ( 'NONE', *, *, #5143, .F. ) ;
#3125 = CARTESIAN_POINT ( 'NONE',  ( -1.352767412084380005, -0.9024230929798999767, 1.000000000000000000 ) ) ;
#3126 = DIRECTION ( 'NONE',  ( 1.000000000000000000, 0.0000000000000000000, 0.0000000000000000000 ) ) ;
#3127 =( GEOMETRIC_REPRESENTATION_CONTEXT ( 3 ) GLOBAL_UNCERTAINTY_ASSIGNED_CONTEXT ( ( #2001 ) ) GLOBAL_UNIT_ASSIGNED_CONTEXT ( ( #5066, #2272, #2204 ) ) REPRESENTATION_CONTEXT ( 'NONE', 'WORKASPACE' ) );
#3128 = EDGE_CURVE ( 'NONE', #3017, #4429, #3606, .T. ) ;
#3129 = EDGE_CURVE ( 'NONE', #5709, #1100, #1052, .T. ) ;
#3130 = DIRECTION ( 'NONE',  ( 0.0000000000000000000, 1.000000000000000000, 0.0000000000000000000 ) ) ;
#3131 = DIRECTION ( 'NONE',  ( 0.0000000000000000000, -1.000000000000000000, -3.491481338843135327E-15 ) ) ;
#3132 = CARTESIAN_POINT ( 'NONE',  ( 0.0000000000000000000, -7.271681469282040844, -6.500000000000001776 ) ) ;
#3133 = VECTOR ( 'NONE', #737, 1000.000000000000000 ) ;
#3134 = PLANE ( 'NONE',  #844 ) ;
#3135 = CARTESIAN_POINT ( 'NONE',  ( 5.000000000000000000, -6.299999999999999822, 2.958228394578795321E-30 ) ) ;
#3136 = CARTESIAN_POINT ( 'NONE',  ( -10.10685834705772024, 4.400000000000045652, -3.250000000000000000 ) ) ;
#3137 = ADVANCED_FACE ( 'NONE', ( #1484 ), #167, .F. ) ;
#3138 = VECTOR ( 'NONE', #1511, 1000.000000000000000 ) ;
#3139 = ORIENTED_EDGE ( 'NONE', *, *, #1694, .F. ) ;
#3140 = VECTOR ( 'NONE', #4815, 1000.000000000000000 ) ;
#3141 = DIRECTION ( 'NONE',  ( 9.912705577010360062E-16, -9.912705577010330480E-16, -1.000000000000000000 ) ) ;
#3142 = DIRECTION ( 'NONE',  ( -1.000000000000000000, 0.0000000000000000000, 0.0000000000000000000 ) ) ;
#3143 = VECTOR ( 'NONE', #2048, 1000.000000000000000 ) ;
#3144 = CARTESIAN_POINT ( 'NONE',  ( 2.899999999999999911, -2.871681469282044930, -6.700000000000000178 ) ) ;
#3145 = EDGE_LOOP ( 'NONE', ( #1802, #4130, #2520, #3311 ) ) ;
#3146 = DIRECTION ( 'NONE',  ( -8.556164151338879078E-31, -2.478176394252570294E-16, -1.000000000000000000 ) ) ;
#3147 = VERTEX_POINT ( 'NONE', #1514 ) ;
#3148 = ORIENTED_EDGE ( 'NONE', *, *, #4484, .T. ) ;
#3149 = CIRCLE ( 'NONE', #505, 0.2999999999999999334 ) ;
#3150 = ORIENTED_EDGE ( 'NONE', *, *, #6086, .F. ) ;
#3151 = PLANE ( 'NONE',  #2271 ) ;
#3152 = VECTOR ( 'NONE', #3765, 1000.000000000000000 ) ;
#3153 = DIRECTION ( 'NONE',  ( 0.0000000000000000000, 0.0000000000000000000, -1.000000000000000000 ) ) ;
#3154 = ORIENTED_EDGE ( 'NONE', *, *, #4433, .T. ) ;
#3155 = ORIENTED_EDGE ( 'NONE', *, *, #1657, .T. ) ;
#3156 =( NAMED_UNIT ( * ) SI_UNIT ( $, .STERADIAN. ) SOLID_ANGLE_UNIT ( ) );
#3157 = CIRCLE ( 'NONE', #1775, 3.399999999999999911 ) ;
#3158 = CARTESIAN_POINT ( 'NONE',  ( 5.750000000000000000, -0.5000000000000000000, -6.500000000000000000 ) ) ;
#3159 = VECTOR ( 'NONE', #151, 1000.000000000000000 ) ;
#3160 = EDGE_CURVE ( 'NONE', #1265, #5334, #4315, .T. ) ;
#3161 = ORIENTED_EDGE ( 'NONE', *, *, #4025, .F. ) ;
#3162 = AXIS2_PLACEMENT_3D ( 'NONE', #3220, #1760, #2222 ) ;
#3163 = LINE ( 'NONE', #395, #4630 ) ;
#3164 = DIRECTION ( 'NONE',  ( 0.0000000000000000000, 0.0000000000000000000, 1.000000000000000000 ) ) ;
#3165 = AXIS2_PLACEMENT_3D ( 'NONE', #1030, #2060, #1489 ) ;
#3166 = AXIS2_PLACEMENT_3D ( 'NONE', #1966, #3391, #1939 ) ;
#3167 = DIRECTION ( 'NONE',  ( -2.203438688951894767E-17, 1.000000000000000000, -9.912705577010340341E-16 ) ) ;
#3168 = CARTESIAN_POINT ( 'NONE',  ( 4.700000000000000178, -5.000000000000000000, 5.500000000000000000 ) ) ;
#3169 = AXIS2_PLACEMENT_3D ( 'NONE', #766, #1681, #4582 ) ;
#3170 = LINE ( 'NONE', #4999, #1972 ) ;
#3171 = EDGE_CURVE ( 'NONE', #1721, #3723, #3412, .T. ) ;
#3172 = EDGE_CURVE ( 'NONE', #4894, #4694, #2465, .T. ) ;
#3173 = LINE ( 'NONE', #6006, #4082 ) ;
#3174 = LINE ( 'NONE', #3203, #3447 ) ;
#3175 = LINE ( 'NONE', #373, #4309 ) ;
#3176 = ORIENTED_EDGE ( 'NONE', *, *, #384, .F. ) ;
#3177 = ORIENTED_EDGE ( 'NONE', *, *, #2140, .F. ) ;
#3178 = DIRECTION ( 'NONE',  ( 0.0000000000000000000, 1.000000000000000000, 0.0000000000000000000 ) ) ;
#3179 = VECTOR ( 'NONE', #1705, 1000.000000000000000 ) ;
#3180 = EDGE_CURVE ( 'NONE', #6036, #3057, #2322, .T. ) ;
#3181 = CARTESIAN_POINT ( 'NONE',  ( 4.250000000000000000, 4.700000000000000178, -5.500000000000000000 ) ) ;
#3182 = DIRECTION ( 'NONE',  ( 0.0000000000000000000, -1.000000000000000000, 7.228014483236697541E-16 ) ) ;
#3183 = ORIENTED_EDGE ( 'NONE', *, *, #3437, .T. ) ;
#3184 = AXIS2_PLACEMENT_3D ( 'NONE', #5887, #2088, #5354 ) ;
#3185 = DIRECTION ( 'NONE',  ( -1.000000000000000000, 0.0000000000000000000, 0.0000000000000000000 ) ) ;
#3186 = EDGE_LOOP ( 'NONE', ( #1512, #896, #4725, #2163 ) ) ;
#3187 = LINE ( 'NONE', #418, #5065 ) ;
#3188 = ORIENTED_EDGE ( 'NONE', *, *, #1482, .F. ) ;
#3189 = DIRECTION ( 'NONE',  ( 0.0000000000000000000, -3.491481338843135327E-15, 1.000000000000000000 ) ) ;
#3190 = LINE ( 'NONE', #849, #4434 ) ;
#3191 = EDGE_LOOP ( 'NONE', ( #3979, #3371, #746, #992 ) ) ;
#3192 = ORIENTED_EDGE ( 'NONE', *, *, #2256, .F. ) ;
#3193 =( NAMED_UNIT ( * ) PLANE_ANGLE_UNIT ( ) SI_UNIT ( $, .RADIAN. ) );
#3194 = LINE ( 'NONE', #1800, #4750 ) ;
#3195 = EDGE_LOOP ( 'NONE', ( #673, #4500, #2573, #3257 ) ) ;
#3196 = DIRECTION ( 'NONE',  ( 0.0000000000000000000, 0.0000000000000000000, -1.000000000000000000 ) ) ;
#3197 = CARTESIAN_POINT ( 'NONE',  ( 3.250000000000000000, -0.5000000000000000000, -7.000000000000000000 ) ) ;
#3198 = EDGE_CURVE ( 'NONE', #5334, #4780, #4259, .T. ) ;
#3199 = CARTESIAN_POINT ( 'NONE',  ( -10.10685834705772024, -5.299999999999999822, 5.092652490189059959E-15 ) ) ;
#3200 = CYLINDRICAL_SURFACE ( 'NONE', #4445, 0.2999999999999999334 ) ;
#3201 = FACE_OUTER_BOUND ( 'NONE', #4104, .T. ) ;
#3202 = CARTESIAN_POINT ( 'NONE',  ( 5.614115653889750313, -8.711949624907170175, -1.000000000000000000 ) ) ;
#3203 = CARTESIAN_POINT ( 'NONE',  ( 5.000000000000000000, -0.5999999999999999778, -5.500000000000000000 ) ) ;
#3204 = CARTESIAN_POINT ( 'NONE',  ( 0.0000000000000000000, -7.271681469282040844, -6.700000000000001954 ) ) ;
#3205 = ORIENTED_EDGE ( 'NONE', *, *, #949, .T. ) ;
#3206 = EDGE_CURVE ( 'NONE', #641, #3608, #5768, .T. ) ;
#3207 = EDGE_CURVE ( 'NONE', #3649, #2617, #542, .T. ) ;
#3208 = LINE ( 'NONE', #5571, #3561 ) ;
#3209 = DIRECTION ( 'NONE',  ( 0.9396926207859093161, -0.3420201433256661039, 0.0000000000000000000 ) ) ;
#3210 = VECTOR ( 'NONE', #35, 1000.000000000000000 ) ;
#3211 = PLANE ( 'NONE',  #3109 ) ;
#3212 = FACE_OUTER_BOUND ( 'NONE', #5172, .T. ) ;
#3213 = ORIENTED_EDGE ( 'NONE', *, *, #2859, .F. ) ;
#3214 = ADVANCED_FACE ( 'NONE', ( #1225 ), #3976, .F. ) ;
#3215 = DIRECTION ( 'NONE',  ( 1.000000000000000000, -3.452604976458695348E-15, 0.0000000000000000000 ) ) ;
#3216 = VERTEX_POINT ( 'NONE', #3051 ) ;
#3217 = CARTESIAN_POINT ( 'NONE',  ( -4.400000000000000355, -5.299999999999999822, 3.250000000000000000 ) ) ;
#3218 = VECTOR ( 'NONE', #930, 1000.000000000000000 ) ;
#3219 = ORIENTED_EDGE ( 'NONE', *, *, #2893, .T. ) ;
#3220 = CARTESIAN_POINT ( 'NONE',  ( -5.050300081418200193, -8.506737538911771423, -1.000000000000000000 ) ) ;
#3221 = EDGE_LOOP ( 'NONE', ( #3610, #386, #1029, #1266 ) ) ;
#3222 = ORIENTED_EDGE ( 'NONE', *, *, #606, .F. ) ;
#3223 = DIRECTION ( 'NONE',  ( 0.0000000000000000000, 0.0000000000000000000, 1.000000000000000000 ) ) ;
#3224 = CARTESIAN_POINT ( 'NONE',  ( -4.999420525573859742, -9.523669289754890244, 1.200153863164407923E-15 ) ) ;
#3225 = ORIENTED_EDGE ( 'NONE', *, *, #3999, .F. ) ;
#3226 = LINE ( 'NONE', #1213, #2064 ) ;
#3227 = DIRECTION ( 'NONE',  ( 1.000000000000000000, 3.452604976458695348E-15, 0.0000000000000000000 ) ) ;
#3228 = DIRECTION ( 'NONE',  ( 0.0000000000000000000, -1.000000000000000000, 0.0000000000000000000 ) ) ;
#3229 = DIRECTION ( 'NONE',  ( 0.0000000000000000000, 0.0000000000000000000, 1.000000000000000000 ) ) ;
#3230 = CARTESIAN_POINT ( 'NONE',  ( 4.250000000000000000, 4.700000000000000178, 0.0000000000000000000 ) ) ;
#3231 = ADVANCED_BREP_SHAPE_REPRESENTATION ( '', ( #4963, #2248 ), #5201 ) ;
#3232 = CARTESIAN_POINT ( 'NONE',  ( -5.000000000000000000, -0.2999999999999999889, -5.500000000000000000 ) ) ;
#3233 = B_SPLINE_CURVE_WITH_KNOTS ( 'NONE', 3,
 ( #1068, #4487, #2984, #2952 ),
 .UNSPECIFIED., .F., .F.,
 ( 4, 4 ),
 ( 0.0000000000000000000, 1.000000000000000000 ),
 .UNSPECIFIED. ) ;
#3234 = DIRECTION ( 'NONE',  ( 0.0000000000000000000, 0.0000000000000000000, -1.000000000000000000 ) ) ;
#3235 = DIRECTION ( 'NONE',  ( 0.0000000000000000000, 0.0000000000000000000, -1.000000000000000000 ) ) ;
#3236 = ORIENTED_EDGE ( 'NONE', *, *, #431, .F. ) ;
#3237 = DIRECTION ( 'NONE',  ( 0.0000000000000000000, -1.000000000000000000, 0.0000000000000000000 ) ) ;
#3238 = VECTOR ( 'NONE', #403, 1000.000000000000000 ) ;
#3239 = LINE ( 'NONE', #6078, #5309 ) ;
#3240 = EDGE_CURVE ( 'NONE', #5334, #85, #5167, .T. ) ;
#3241 = CARTESIAN_POINT ( 'NONE',  ( -4.549999999999999822, 4.700000000000000178, 6.000000000000000000 ) ) ;
#3242 = AXIS2_PLACEMENT_3D ( 'NONE', #3784, #3720, #1835 ) ;
#3243 = FACE_OUTER_BOUND ( 'NONE', #2964, .T. ) ;
#3244 = VERTEX_POINT ( 'NONE', #4947 ) ;
#3245 = CYLINDRICAL_SURFACE ( 'NONE', #2742, 0.2999999999999999334 ) ;
#3246 = ORIENTED_EDGE ( 'NONE', *, *, #4182, .T. ) ;
#3247 = EDGE_CURVE ( 'NONE', #5355, #291, #774, .T. ) ;
#3248 =( NAMED_UNIT ( * ) PLANE_ANGLE_UNIT ( ) SI_UNIT ( $, .RADIAN. ) );
#3249 = EDGE_CURVE ( 'NONE', #4974, #4818, #5447, .T. ) ;
#3250 = ORIENTED_EDGE ( 'NONE', *, *, #2757, .T. ) ;
#3251 = DIRECTION ( 'NONE',  ( 1.000000000000000000, 0.0000000000000000000, 0.0000000000000000000 ) ) ;
#3252 = ORIENTED_EDGE ( 'NONE', *, *, #949, .F. ) ;
#3253 = EDGE_LOOP ( 'NONE', ( #4079, #2085, #5240, #2591 ) ) ;
#3254 = DIRECTION ( 'NONE',  ( 0.0000000000000000000, 0.0000000000000000000, 1.000000000000000000 ) ) ;
#3255 = ADVANCED_FACE ( 'NONE', ( #3020 ), #5889, .T. ) ;
#3256 = AXIS2_PLACEMENT_3D ( 'NONE', #5599, #4087, #1838 ) ;
#3257 = ORIENTED_EDGE ( 'NONE', *, *, #2513, .T. ) ;
#3258 = CARTESIAN_POINT ( 'NONE',  ( 4.400000000000000355, -5.299999999999999822, 3.250000000000000000 ) ) ;
#3259 = CARTESIAN_POINT ( 'NONE',  ( -5.281328311809639686, -9.626275332752589620, 1.200153863164407923E-15 ) ) ;
#3260 = AXIS2_PLACEMENT_3D ( 'NONE', #1472, #5732, #5758 ) ;
#3261 = DIRECTION ( 'NONE',  ( 3.887636238444034343E-17, -1.000000000000000000, 9.912705577010340341E-16 ) ) ;
#3262 = FACE_OUTER_BOUND ( 'NONE', #5014, .T. ) ;
#3263 = VECTOR ( 'NONE', #4874, 1000.000000000000000 ) ;
#3264 = VECTOR ( 'NONE', #4414, 1000.000000000000000 ) ;
#3265 = SURFACE_STYLE_USAGE ( .BOTH. , #1378 ) ;
#3266 = FACE_OUTER_BOUND ( 'NONE', #4924, .T. ) ;
#3267 = PLANE ( 'NONE',  #5287 ) ;
#3268 = EDGE_LOOP ( 'NONE', ( #242, #3312, #1055, #5802 ) ) ;
#3269 = CIRCLE ( 'NONE', #213, 0.7499999999999997780 ) ;
#3270 = CARTESIAN_POINT ( 'NONE',  ( 4.999420525573870400, -9.523669289754890244, 1.000000000000000000 ) ) ;
#3271 = CARTESIAN_POINT ( 'NONE',  ( -5.000000000000000000, -0.5999999999999999778, -5.500000000000000000 ) ) ;
#3272 = AXIS2_PLACEMENT_3D ( 'NONE', #6076, #3141, #345 ) ;
#3273 = CARTESIAN_POINT ( 'NONE',  ( -4.400000000000000355, -5.299999999999999822, 5.000000000000000000 ) ) ;
#3274 = CARTESIAN_POINT ( 'NONE',  ( 2.500000000000000000, -6.871681469282040489, -6.700000000000000178 ) ) ;
#3275 = ORIENTED_EDGE ( 'NONE', *, *, #1396, .F. ) ;
#3276 = LINE ( 'NONE', #933, #3034 ) ;
#3277 = ORIENTED_EDGE ( 'NONE', *, *, #5303, .F. ) ;
#3278 = EDGE_CURVE ( 'NONE', #3790, #3713, #5365, .T. ) ;
#3279 = CIRCLE ( 'NONE', #721, 3.600000000000000089 ) ;
#3280 = DIRECTION ( 'NONE',  ( -2.331617575237644893E-16, 0.0000000000000000000, -1.000000000000000000 ) ) ;
#3281 = VERTEX_POINT ( 'NONE', #657 ) ;
#3282 = AXIS2_PLACEMENT_3D ( 'NONE', #4636, #2349, #4202 ) ;
#3283 = ORIENTED_EDGE ( 'NONE', *, *, #2063, .T. ) ;
#3284 = ORIENTED_EDGE ( 'NONE', *, *, #2672, .T. ) ;
#3285 = EDGE_CURVE ( 'NONE', #4351, #5745, #4977, .T. ) ;
#3286 = EDGE_CURVE ( 'NONE', #1480, #1234, #3484, .T. ) ;
#3287 = LINE ( 'NONE', #629, #628 ) ;
#3288 = ORIENTED_EDGE ( 'NONE', *, *, #3779, .F. ) ;
#3289 = FACE_OUTER_BOUND ( 'NONE', #328, .T. ) ;
#3290 = CARTESIAN_POINT ( 'NONE',  ( 0.0000000000000000000, -0.2000000000000000111, -7.000000000000000000 ) ) ;
#3291 = CARTESIAN_POINT ( 'NONE',  ( 10.10685834705772024, -5.599999999999999645, 4.956352788505170565E-15 ) ) ;
#3292 = ADVANCED_FACE ( 'NONE', ( #684 ), #5384, .F. ) ;
#3293 = CYLINDRICAL_SURFACE ( 'NONE', #5028, 0.2999999999999999334 ) ;
#3294 = LINE ( 'NONE', #2392, #2915 ) ;
#3295 = CARTESIAN_POINT ( 'NONE',  ( 4.400000000000000355, -5.000000000000000000, -6.036059581176139943 ) ) ;
#3296 = CARTESIAN_POINT ( 'NONE',  ( -4.250000000000000000, 5.000000000000000000, 0.0000000000000000000 ) ) ;
#3297 = VERTEX_POINT ( 'NONE', #5922 ) ;
#3298 = CARTESIAN_POINT ( 'NONE',  ( -5.000000000000000000, -6.299999999999999822, 1.750000000000000000 ) ) ;
#3299 = FACE_OUTER_BOUND ( 'NONE', #4622, .T. ) ;
#3300 = FACE_OUTER_BOUND ( 'NONE', #2101, .T. ) ;
#3301 = DIRECTION ( 'NONE',  ( 2.203438688951894767E-17, 1.000000000000000000, -9.912705577010330480E-16 ) ) ;
#3302 = LINE ( 'NONE', #2338, #3403 ) ;
#3303 = CARTESIAN_POINT ( 'NONE',  ( -4.700000000000000178, -5.000000000000000000, 2.750000000000000000 ) ) ;
#3304 = VERTEX_POINT ( 'NONE', #2053 ) ;
#3305 = AXIS2_PLACEMENT_3D ( 'NONE', #2173, #4554, #5943 ) ;
#3306 = PLANE ( 'NONE',  #4682 ) ;
#3307 = VERTEX_POINT ( 'NONE', #5416 ) ;
#3308 = EDGE_CURVE ( 'NONE', #4389, #2618, #2646, .T. ) ;
#3309 =( GEOMETRIC_REPRESENTATION_CONTEXT ( 3 ) GLOBAL_UNCERTAINTY_ASSIGNED_CONTEXT ( ( #4465 ) ) GLOBAL_UNIT_ASSIGNED_CONTEXT ( ( #3090, #2557, #4926 ) ) REPRESENTATION_CONTEXT ( 'NONE', 'WORKASPACE' ) );
#3310 = DIRECTION ( 'NONE',  ( 1.000000000000000000, 3.452604976458695348E-15, 0.0000000000000000000 ) ) ;
#3311 = ORIENTED_EDGE ( 'NONE', *, *, #4066, .T. ) ;
#3312 = ORIENTED_EDGE ( 'NONE', *, *, #4822, .T. ) ;
#3313 = DIRECTION ( 'NONE',  ( 0.0000000000000000000, 0.0000000000000000000, 1.000000000000000000 ) ) ;
#3314 = DIRECTION ( 'NONE',  ( 0.0000000000000000000, 0.0000000000000000000, 1.000000000000000000 ) ) ;
#3315 = VECTOR ( 'NONE', #4718, 1000.000000000000000 ) ;
#3316 = ORIENTED_EDGE ( 'NONE', *, *, #2910, .F. ) ;
#3317 = EDGE_CURVE ( 'NONE', #5079, #4467, #4466, .T. ) ;
#3318 = CARTESIAN_POINT ( 'NONE',  ( 1.750000000000000000, -0.2000000000000000111, -4.349999999999999645 ) ) ;
#3319 = PLANE ( 'NONE',  #1090 ) ;
#3320 = PLANE ( 'NONE',  #5895 ) ;
#3321 = CARTESIAN_POINT ( 'NONE',  ( -4.183238049570950245, -12.61438052525045883, -1.000000000000000000 ) ) ;
#3322 = CARTESIAN_POINT ( 'NONE',  ( 1.638531103166359859, -0.5000000000000000000, -7.000000000000000000 ) ) ;
#3323 = EDGE_CURVE ( 'NONE', #58, #2012, #2119, .T. ) ;
#3324 = CARTESIAN_POINT ( 'NONE',  ( -5.000000000000000000, -5.000000000000000000, 5.000000000000000000 ) ) ;
#3325 = EDGE_CURVE ( 'NONE', #245, #4318, #1198, .T. ) ;
#3326 = CARTESIAN_POINT ( 'NONE',  ( -3.249615361854385043, 29.50000000000000000, -1.000000000000000000 ) ) ;
#3327 = ORIENTED_EDGE ( 'NONE', *, *, #1495, .T. ) ;
#3328 = FACE_OUTER_BOUND ( 'NONE', #871, .T. ) ;
#3329 = CARTESIAN_POINT ( 'NONE',  ( -4.700000000000000178, -5.000000000000000000, -5.500000000000000000 ) ) ;
#3330 = DIRECTION ( 'NONE',  ( -3.469446951953614978E-15, -1.000000000000000000, 0.0000000000000000000 ) ) ;
#3331 = EDGE_CURVE ( 'NONE', #3281, #2386, #1603, .T. ) ;
#3332 = DIRECTION ( 'NONE',  ( 0.0000000000000000000, 0.0000000000000000000, -1.000000000000000000 ) ) ;
#3333 = DIRECTION ( 'NONE',  ( 0.7071067811865435759, 0.7071067811865515695, 2.468850131082278754E-15 ) ) ;
#3334 = AXIS2_PLACEMENT_3D ( 'NONE', #4391, #5814, #4019 ) ;
#3335 = EDGE_LOOP ( 'NONE', ( #2091, #344, #5980, #1918, #3155, #3394 ) ) ;
#3336 = DIRECTION ( 'NONE',  ( 0.0000000000000000000, -1.000000000000000000, 0.0000000000000000000 ) ) ;
#3337 = VERTEX_POINT ( 'NONE', #283 ) ;
#3338 = VECTOR ( 'NONE', #1422, 1000.000000000000000 ) ;
#3339 = DIRECTION ( 'NONE',  ( 3.009265538105054969E-30, 8.673617379884029556E-16, 1.000000000000000000 ) ) ;
#3340 = ORIENTED_EDGE ( 'NONE', *, *, #2099, .F. ) ;
#3341 = ORIENTED_EDGE ( 'NONE', *, *, #349, .F. ) ;
#3342 = VERTEX_POINT ( 'NONE', #4032 ) ;
#3343 = AXIS2_PLACEMENT_3D ( 'NONE', #4053, #2199, #4967 ) ;
#3344 = ORIENTED_EDGE ( 'NONE', *, *, #84, .F. ) ;
#3345 = CARTESIAN_POINT ( 'NONE',  ( 5.750000000000000000, -0.5000000000000000000, -6.700000000000000178 ) ) ;
#3346 = CARTESIAN_POINT ( 'NONE',  ( 1.750000000000000000, -2.521681469282039956, -6.500000000000000000 ) ) ;
#3347 = DIRECTION ( 'NONE',  ( -0.9396926207859093161, 0.3420201433256661039, 0.0000000000000000000 ) ) ;
#3348 = PLANE ( 'NONE',  #1794 ) ;
#3349 = EDGE_CURVE ( 'NONE', #1126, #5965, #2149, .T. ) ;
#3350 = CIRCLE ( 'NONE', #4908, 0.5999999999999998668 ) ;
#3351 = AXIS2_PLACEMENT_3D ( 'NONE', #2924, #4797, #5286 ) ;
#3352 = CARTESIAN_POINT ( 'NONE',  ( 4.700000000000000178, 1.759505239919334848E-14, 1.000000000000000000 ) ) ;
#3353 = DIRECTION ( 'NONE',  ( 1.000000000000000000, 0.0000000000000000000, 0.0000000000000000000 ) ) ;
#3354 = CIRCLE ( 'NONE', #6020, 0.4999999999999995559 ) ;
#3355 = ORIENTED_EDGE ( 'NONE', *, *, #1718, .T. ) ;
#3356 = DIRECTION ( 'NONE',  ( 0.0000000000000000000, 1.000000000000000000, 0.0000000000000000000 ) ) ;
#3357 = EDGE_CURVE ( 'NONE', #5953, #5326, #2337, .T. ) ;
#3358 = CIRCLE ( 'NONE', #702, 3.399999999999999911 ) ;
#3359 = CARTESIAN_POINT ( 'NONE',  ( -5.000000000000000000, 1.725951194674155159E-14, -1.000000000000000000 ) ) ;
#3360 = EDGE_CURVE ( 'NONE', #3649, #1086, #1786, .T. ) ;
#3361 = CARTESIAN_POINT ( 'NONE',  ( 3.106858347057719794, -5.299999999999999822, 5.000000000000000000 ) ) ;
#3362 = PLANE ( 'NONE',  #3166 ) ;
#3363 = VECTOR ( 'NONE', #5869, 1000.000000000000114 ) ;
#3364 = ORIENTED_EDGE ( 'NONE', *, *, #1161, .F. ) ;
#3365 = LINE ( 'NONE', #2462, #3138 ) ;
#3366 = VECTOR ( 'NONE', #728, 1000.000000000000000 ) ;
#3367 = VERTEX_POINT ( 'NONE', #3273 ) ;
#3368 = ADVANCED_FACE ( 'NONE', ( #4216 ), #443, .T. ) ;
#3369 = AXIS2_PLACEMENT_3D ( 'NONE', #3882, #248, #620 ) ;
#3370 = DIRECTION ( 'NONE',  ( 2.203438688951874737E-17, 1.000000000000000000, -9.912705577010330480E-16 ) ) ;
#3371 = ORIENTED_EDGE ( 'NONE', *, *, #4406, .T. ) ;
#3372 = ORIENTED_EDGE ( 'NONE', *, *, #4709, .F. ) ;
#3373 = AXIS2_PLACEMENT_3D ( 'NONE', #3721, #582, #3842 ) ;
#3374 = ORIENTED_EDGE ( 'NONE', *, *, #4670, .F. ) ;
#3375 = PRODUCT_CONTEXT ( 'NONE', #975, 'mechanical' ) ;
#3376 = AXIS2_PLACEMENT_3D ( 'NONE', #4449, #1178, #4417 ) ;
#3377 = VERTEX_POINT ( 'NONE', #410 ) ;
#3378 = DIRECTION ( 'NONE',  ( 1.000000000000000000, 3.452604976458695348E-15, 0.0000000000000000000 ) ) ;
#3379 = DIRECTION ( 'NONE',  ( 0.0000000000000000000, 0.0000000000000000000, -1.000000000000000000 ) ) ;
#3380 = CIRCLE ( 'NONE', #4753, 0.7499999999999997780 ) ;
#3381 = CARTESIAN_POINT ( 'NONE',  ( -3.106858347057719794, 4.400000000000054534, 5.000000000000000000 ) ) ;
#3382 = CARTESIAN_POINT ( 'NONE',  ( -5.650300081418220266, -6.299999999999999822, -1.750000000000000000 ) ) ;
#3383 =( LENGTH_UNIT ( ) NAMED_UNIT ( * ) SI_UNIT ( .MILLI., .METRE. ) );
#3384 = LINE ( 'NONE', #3352, #4337 ) ;
#3385 = DIRECTION ( 'NONE',  ( -1.486905836551552037E-15, 9.912705577010330480E-16, 1.000000000000000000 ) ) ;
#3386 = ORIENTED_EDGE ( 'NONE', *, *, #2063, .F. ) ;
#3387 = FACE_OUTER_BOUND ( 'NONE', #1912, .T. ) ;
#3388 = DIRECTION ( 'NONE',  ( -1.000000000000000000, -1.066132136277412956E-14, 0.0000000000000000000 ) ) ;
#3389 = DIRECTION ( 'NONE',  ( 0.0000000000000000000, 0.0000000000000000000, -1.000000000000000000 ) ) ;
#3390 = PRODUCT_DEFINITION_SHAPE ( 'NONE', 'NONE',  #6095 ) ;
#3391 = DIRECTION ( 'NONE',  ( 3.452604976458695348E-15, 1.000000000000000000, -8.673617379884029556E-16 ) ) ;
#3392 = ADVANCED_FACE ( 'NONE', ( #4125 ), #6015, .T. ) ;
#3393 = ADVANCED_FACE ( 'NONE', ( #3673 ), #3211, .T. ) ;
#3394 = ORIENTED_EDGE ( 'NONE', *, *, #384, .T. ) ;
#3395 = DIRECTION ( 'NONE',  ( 0.0000000000000000000, 1.000000000000000000, 0.0000000000000000000 ) ) ;
#3396 = ORIENTED_EDGE ( 'NONE', *, *, #3409, .F. ) ;
#3397 = CARTESIAN_POINT ( 'NONE',  ( -0.4000000000000000222, -2.871681469282044930, -6.500000000000000000 ) ) ;
#3398 = VERTEX_POINT ( 'NONE', #869 ) ;
#3399 = EDGE_CURVE ( 'NONE', #4694, #1170, #5073, .T. ) ;
#3400 = EDGE_CURVE ( 'NONE', #4858, #1487, #2741, .T. ) ;
#3401 = DIRECTION ( 'NONE',  ( -1.000000000000000000, 0.0000000000000000000, -9.912705577010326536E-16 ) ) ;
#3402 = ORIENTED_EDGE ( 'NONE', *, *, #786, .T. ) ;
#3403 = VECTOR ( 'NONE', #4254, 1000.000000000000000 ) ;
#3404 = ORIENTED_EDGE ( 'NONE', *, *, #5906, .T. ) ;
#3405 = ITEM_DEFINED_TRANSFORMATION ( 'NONE', 'NONE', #215,  #2248 ) ;
#3406 = VECTOR ( 'NONE', #1144, 1000.000000000000000 ) ;
#3407 = ORIENTED_EDGE ( 'NONE', *, *, #835, .F. ) ;
#3408 = CYLINDRICAL_SURFACE ( 'NONE', #5625, 0.5999999999999998668 ) ;
#3409 = EDGE_CURVE ( 'NONE', #2967, #5522, #1878, .T. ) ;
#3410 = CARTESIAN_POINT ( 'NONE',  ( 0.0000000000000000000, 29.50000000000000000, 0.0000000000000000000 ) ) ;
#3411 = DIRECTION ( 'NONE',  ( 1.000000000000000000, 0.0000000000000000000, 0.0000000000000000000 ) ) ;
#3412 = CIRCLE ( 'NONE', #2615, 0.5999999999999998668 ) ;
#3413 = DIRECTION ( 'NONE',  ( 1.427704000175248097E-32, -3.552713678800500140E-15, 1.000000000000000000 ) ) ;
#3414 = ORIENTED_EDGE ( 'NONE', *, *, #1808, .F. ) ;
#3415 = DIRECTION ( 'NONE',  ( 0.0000000000000000000, -1.000000000000000000, 0.0000000000000000000 ) ) ;
#3416 = AXIS2_PLACEMENT_3D ( 'NONE', #4435, #4860, #4064 ) ;
#3417 = DIRECTION ( 'NONE',  ( 0.0000000000000000000, 1.000000000000000000, 0.0000000000000000000 ) ) ;
#3418 = DIRECTION ( 'NONE',  ( 0.0000000000000000000, 0.0000000000000000000, 1.000000000000000000 ) ) ;
#3419 = CARTESIAN_POINT ( 'NONE',  ( 0.4000000000000000222, -2.871681469282044930, -6.700000000000000178 ) ) ;
#3420 = LINE ( 'NONE', #2831, #4724 ) ;
#3421 = CARTESIAN_POINT ( 'NONE',  ( 3.250000000000000000, -2.521681469282039956, -6.500000000000000000 ) ) ;
#3422 = ORIENTED_EDGE ( 'NONE', *, *, #2628, .T. ) ;
#3423 = VERTEX_POINT ( 'NONE', #5136 ) ;
#3424 = CARTESIAN_POINT ( 'NONE',  ( -3.106858347057719794, -5.299999999999999822, 4.125000000000000000 ) ) ;
#3425 = DIRECTION ( 'NONE',  ( 2.839103739574740393E-31, 0.0000000000000000000, 1.000000000000000000 ) ) ;
#3426 = ORIENTED_EDGE ( 'NONE', *, *, #2830, .F. ) ;
#3427 = VECTOR ( 'NONE', #927, 1000.000000000000000 ) ;
#3428 = ORIENTED_EDGE ( 'NONE', *, *, #3952, .F. ) ;
#3429 = VERTEX_POINT ( 'NONE', #1255 ) ;
#3430 = ADVANCED_FACE ( 'NONE', ( #1817 ), #3639, .F. ) ;
#3431 = EDGE_CURVE ( 'NONE', #3592, #4007, #1845, .T. ) ;
#3432 = ORIENTED_EDGE ( 'NONE', *, *, #4855, .T. ) ;
#3433 = DIRECTION ( 'NONE',  ( 0.0000000000000000000, -1.000000000000000000, -3.491481338843135327E-15 ) ) ;
#3434 = DIRECTION ( 'NONE',  ( 0.0000000000000000000, 1.000000000000000000, 0.0000000000000000000 ) ) ;
#3435 = AXIS2_PLACEMENT_3D ( 'NONE', #4166, #6055, #1820 ) ;
#3436 = CARTESIAN_POINT ( 'NONE',  ( 1.750000000000000000, -0.2000000000000000111, -9.000000000000000000 ) ) ;
#3437 = EDGE_CURVE ( 'NONE', #5678, #5326, #1048, .T. ) ;
#3438 = VECTOR ( 'NONE', #3602, 1000.000000000000000 ) ;
#3439 = ORIENTED_EDGE ( 'NONE', *, *, #1809, .T. ) ;
#3440 = FACE_OUTER_BOUND ( 'NONE', #3863, .T. ) ;
#3441 = CYLINDRICAL_SURFACE ( 'NONE', #3825, 0.4999999999999995559 ) ;
#3442 = EDGE_LOOP ( 'NONE', ( #4704, #4232, #2377, #5956 ) ) ;
#3443 = CARTESIAN_POINT ( 'NONE',  ( 5.000000000000000000, -0.5999999999999999778, 5.500000000000000000 ) ) ;
#3444 = CARTESIAN_POINT ( 'NONE',  ( 3.106858347057730008, -5.599999999999999645, -3.250000000000000000 ) ) ;
#3445 = VECTOR ( 'NONE', #6051, 1000.000000000000000 ) ;
#3446 = CARTESIAN_POINT ( 'NONE',  ( -5.000000000000000000, -7.139230484541309707, -1.000000000000000000 ) ) ;
#3447 = VECTOR ( 'NONE', #5566, 1000.000000000000000 ) ;
#3448 = DIRECTION ( 'NONE',  ( 1.000000000000000000, 0.0000000000000000000, -2.331617575237644893E-16 ) ) ;
#3449 = ORIENTED_EDGE ( 'NONE', *, *, #1965, .T. ) ;
#3450 = VECTOR ( 'NONE', #332, 1000.000000000000000 ) ;
#3451 = ORIENTED_EDGE ( 'NONE', *, *, #1396, .T. ) ;
#3452 = PLANE ( 'NONE',  #5936 ) ;
#3453 = VECTOR ( 'NONE', #5528, 1000.000000000000000 ) ;
#3454 = CARTESIAN_POINT ( 'NONE',  ( -4.700000000000000178, 1.734723475976804570E-14, -1.750000000000000000 ) ) ;
#3455 = VERTEX_POINT ( 'NONE', #2210 ) ;
#3456 = AXIS2_PLACEMENT_3D ( 'NONE', #817, #2693, #3092 ) ;
#3457 = ORIENTED_EDGE ( 'NONE', *, *, #3467, .F. ) ;
#3458 = EDGE_CURVE ( 'NONE', #5925, #5256, #4094, .T. ) ;
#3459 = ORIENTED_EDGE ( 'NONE', *, *, #377, .T. ) ;
#3460 =( NAMED_UNIT ( * ) PLANE_ANGLE_UNIT ( ) SI_UNIT ( $, .RADIAN. ) );
#3461 = VECTOR ( 'NONE', #3597, 1000.000000000000000 ) ;
#3462 = ORIENTED_EDGE ( 'NONE', *, *, #5503, .F. ) ;
#3463 = AXIS2_PLACEMENT_3D ( 'NONE', #4515, #5092, #1806 ) ;
#3464 = DIRECTION ( 'NONE',  ( 0.0000000000000000000, 0.0000000000000000000, 1.000000000000000000 ) ) ;
#3465 = CARTESIAN_POINT ( 'NONE',  ( 3.249615361854385043, 18.00000000000000000, -1.000000000000000000 ) ) ;
#3466 = DIRECTION ( 'NONE',  ( 0.0000000000000000000, 0.0000000000000000000, -1.000000000000000000 ) ) ;
#3467 = EDGE_CURVE ( 'NONE', #2560, #1819, #1292, .T. ) ;
#3468 = EDGE_CURVE ( 'NONE', #475, #5352, #5042, .T. ) ;
#3469 = LINE ( 'NONE', #1120, #6001 ) ;
#3470 = DIRECTION ( 'NONE',  ( -0.7071067811865510144, -0.7071067811865441310, -2.468850131082250750E-15 ) ) ;
#3471 = ORIENTED_EDGE ( 'NONE', *, *, #5118, .F. ) ;
#3472 = DIRECTION ( 'NONE',  ( 0.0000000000000000000, 0.0000000000000000000, 1.000000000000000000 ) ) ;
#3473 = PLANE ( 'NONE',  #94 ) ;
#3474 = CIRCLE ( 'NONE', #2689, 0.2999999999999999334 ) ;
#3475 = EDGE_CURVE ( 'NONE', #4068, #5894, #5606, .T. ) ;
#3476 = ORIENTED_EDGE ( 'NONE', *, *, #3278, .F. ) ;
#3477 = LINE ( 'NONE', #1186, #4545 ) ;
#3478 = DIRECTION ( 'NONE',  ( 0.3420201433256661039, -0.9396926207859093161, 0.0000000000000000000 ) ) ;
#3479 = LINE ( 'NONE', #3998, #3843 ) ;
#3480 = CARTESIAN_POINT ( 'NONE',  ( 0.0000000000000000000, -0.5000000000000000000, -6.700000000000000178 ) ) ;
#3481 = ORIENTED_EDGE ( 'NONE', *, *, #3278, .T. ) ;
#3482 = ORIENTED_EDGE ( 'NONE', *, *, #5534, .T. ) ;
#3483 = CARTESIAN_POINT ( 'NONE',  ( -5.650300081418220266, -5.000000000000000000, 2.750000000000000000 ) ) ;
#3484 = LINE ( 'NONE', #2548, #5872 ) ;
#3485 = ORIENTED_EDGE ( 'NONE', *, *, #5319, .F. ) ;
#3486 = ORIENTED_EDGE ( 'NONE', *, *, #647, .F. ) ;
#3487 = ORIENTED_EDGE ( 'NONE', *, *, #4066, .F. ) ;
#3488 = APPLICATION_PROTOCOL_DEFINITION ( 'draft international standard', 'automotive_design', 1998, #5576 ) ;
#3489 = EDGE_CURVE ( 'NONE', #5645, #2339, #2814, .T. ) ;
#3490 = SURFACE_SIDE_STYLE ('',( #5424 ) ) ;
#3491 = VERTEX_POINT ( 'NONE', #1388 ) ;
#3492 = DIRECTION ( 'NONE',  ( 0.0000000000000000000, 1.000000000000000000, 0.0000000000000000000 ) ) ;
#3493 = LINE ( 'NONE', #3093, #2665 ) ;
#3494 = CARTESIAN_POINT ( 'NONE',  ( 4.250000000000000000, 0.0000000000000000000, -7.000000000000000000 ) ) ;
#3495 = CARTESIAN_POINT ( 'NONE',  ( 1.750000000000000000, -0.5000000000000000000, -6.700000000000000178 ) ) ;
#3496 = DIRECTION ( 'NONE',  ( 1.137714153567513885E-16, -1.445602896647340100E-15, -1.000000000000000000 ) ) ;
#3497 = CIRCLE ( 'NONE', #6063, 0.2999999999999999334 ) ;
#3498 = EDGE_CURVE ( 'NONE', #3527, #2614, #1507, .T. ) ;
#3499 = ORIENTED_EDGE ( 'NONE', *, *, #5926, .F. ) ;
#3500 = CARTESIAN_POINT ( 'NONE',  ( -5.000000000000000000, -5.000000000000000000, -2.750000000000000000 ) ) ;
#3501 = DIRECTION ( 'NONE',  ( 0.0000000000000000000, -1.000000000000000000, 0.0000000000000000000 ) ) ;
#3502 = AXIS2_PLACEMENT_3D ( 'NONE', #5454, #4501, #290 ) ;
#3503 = ORIENTED_EDGE ( 'NONE', *, *, #6079, .F. ) ;
#3504 = CARTESIAN_POINT ( 'NONE',  ( -4.549999999999999822, 0.2999999999999999889, 6.000000000000000000 ) ) ;
#3505 = CARTESIAN_POINT ( 'NONE',  ( 4.400000000000000355, -5.000000000000000000, -5.000000000000000000 ) ) ;
#3506 = DIRECTION ( 'NONE',  ( 0.0000000000000000000, 1.322726650432316514E-14, 1.000000000000000000 ) ) ;
#3507 = EDGE_CURVE ( 'NONE', #1398, #1126, #5641, .T. ) ;
#3508 = EDGE_CURVE ( 'NONE', #760, #5355, #5573, .T. ) ;
#3509 = AXIS2_PLACEMENT_3D ( 'NONE', #3732, #347, #4683 ) ;
#3510 = CARTESIAN_POINT ( 'NONE',  ( -3.106858347057730008, -5.299999999999999822, -3.250000000000000000 ) ) ;
#3511 = CARTESIAN_POINT ( 'NONE',  ( -3.106858347057730008, -5.299999999999999822, -5.000000000000000000 ) ) ;
#3512 = EDGE_LOOP ( 'NONE', ( #1393, #4570, #2004, #2784 ) ) ;
#3513 = ORIENTED_EDGE ( 'NONE', *, *, #5801, .F. ) ;
#3514 = DIRECTION ( 'NONE',  ( 0.0000000000000000000, -1.000000000000000000, 1.445602896647340100E-15 ) ) ;
#3515 = ADVANCED_FACE ( 'NONE', ( #5735 ), #1072, .T. ) ;
#3516 = CARTESIAN_POINT ( 'NONE',  ( 5.299999999999999822, -7.139230484541309707, -1.000000000000000000 ) ) ;
#3517 = ORIENTED_EDGE ( 'NONE', *, *, #3206, .F. ) ;
#3518 = ORIENTED_EDGE ( 'NONE', *, *, #1920, .T. ) ;
#3519 = VERTEX_POINT ( 'NONE', #2492 ) ;
#3520 = CARTESIAN_POINT ( 'NONE',  ( 5.650300081418199838, -8.506737538911771423, -2.109091035788489776 ) ) ;
#3521 = ORIENTED_EDGE ( 'NONE', *, *, #1834, .T. ) ;
#3522 = DIRECTION ( 'NONE',  ( 0.0000000000000000000, -3.491481338843135327E-15, 1.000000000000000000 ) ) ;
#3523 = CARTESIAN_POINT ( 'NONE',  ( -4.400000000000000355, -5.000000000000000000, 3.250000000000000000 ) ) ;
#3524 = CYLINDRICAL_SURFACE ( 'NONE', #510, 3.399999999999999911 ) ;
#3525 = AXIS2_PLACEMENT_3D ( 'NONE', #2572, #209, #1619 ) ;
#3526 = CARTESIAN_POINT ( 'NONE',  ( -5.000000000000000000, -0.2999999999999999889, -5.500000000000000000 ) ) ;
#3527 = VERTEX_POINT ( 'NONE', #1938 ) ;
#3528 = VECTOR ( 'NONE', #5198, 1000.000000000000000 ) ;
#3529 = CARTESIAN_POINT ( 'NONE',  ( 4.138531103166360303, -0.5000000000000000000, -7.000000000000000000 ) ) ;
#3530 = CARTESIAN_POINT ( 'NONE',  ( 5.400000000000000355, -2.871681469282044930, -6.700000000000000178 ) ) ;
#3531 = EDGE_CURVE ( 'NONE', #3717, #4590, #3710, .T. ) ;
#3532 = DIRECTION ( 'NONE',  ( 1.000000000000000000, 0.0000000000000000000, 0.0000000000000000000 ) ) ;
#3533 = DIRECTION ( 'NONE',  ( 0.0000000000000000000, 0.0000000000000000000, 1.000000000000000000 ) ) ;
#3534 = VECTOR ( 'NONE', #1464, 1000.000000000000000 ) ;
#3535 = DIRECTION ( 'NONE',  ( -3.469446951953614978E-15, -1.000000000000000000, 0.0000000000000000000 ) ) ;
#3536 = DIRECTION ( 'NONE',  ( -1.000000000000000000, 3.452604976458695348E-15, 0.0000000000000000000 ) ) ;
#3537 = ORIENTED_EDGE ( 'NONE', *, *, #1206, .T. ) ;
#3538 = EDGE_CURVE ( 'NONE', #86, #3978, #500, .T. ) ;
#3539 = EDGE_CURVE ( 'NONE', #4236, #4975, #4528, .T. ) ;
#3540 = VERTEX_POINT ( 'NONE', #1447 ) ;
#3541 = PLANE ( 'NONE',  #4525 ) ;
#3542 = VECTOR ( 'NONE', #2083, 1000.000000000000000 ) ;
#3543 = CARTESIAN_POINT ( 'NONE',  ( -4.549999999999999822, 5.000000000000000000, 6.000000000000000000 ) ) ;
#3544 = ORIENTED_EDGE ( 'NONE', *, *, #2540, .F. ) ;
#3545 = FACE_OUTER_BOUND ( 'NONE', #5115, .T. ) ;
#3546 = ORIENTED_EDGE ( 'NONE', *, *, #1957, .F. ) ;
#3547 = EDGE_CURVE ( 'NONE', #3954, #1630, #158, .T. ) ;
#3548 = CIRCLE ( 'NONE', #2559, 0.4000000000000001887 ) ;
#3549 = EDGE_LOOP ( 'NONE', ( #98, #3386, #2690, #2188 ) ) ;
#3550 = AXIS2_PLACEMENT_3D ( 'NONE', #696, #238, #4012 ) ;
#3551 = SURFACE_STYLE_USAGE ( .BOTH. , #3490 ) ;
#3552 = PRODUCT_DEFINITION_FORMATION_WITH_SPECIFIED_SOURCE ( 'ANY', '', #103, .NOT_KNOWN. ) ;
#3553 = VECTOR ( 'NONE', #1235, 1000.000000000000000 ) ;
#3554 = VERTEX_POINT ( 'NONE', #3361 ) ;
#3555 = FACE_OUTER_BOUND ( 'NONE', #3781, .T. ) ;
#3556 = DIRECTION ( 'NONE',  ( -1.000000000000000000, 0.0000000000000000000, 0.0000000000000000000 ) ) ;
#3557 = DIRECTION ( 'NONE',  ( 6.018531076210100130E-30, 1.734723475976805122E-15, -1.000000000000000000 ) ) ;
#3558 = VECTOR ( 'NONE', #3832, 1000.000000000000000 ) ;
#3559 =( NAMED_UNIT ( * ) PLANE_ANGLE_UNIT ( ) SI_UNIT ( $, .RADIAN. ) );
#3560 = CARTESIAN_POINT ( 'NONE',  ( 5.000000000000000000, -5.000000000000000000, 2.958228394578795321E-30 ) ) ;
#3561 = VECTOR ( 'NONE', #2206, 1000.000000000000000 ) ;
#3562 = ORIENTED_EDGE ( 'NONE', *, *, #5067, .F. ) ;
#3563 = PLANE ( 'NONE',  #5317 ) ;
#3564 = CARTESIAN_POINT ( 'NONE',  ( 3.085872574535459822, 6.500000000000000000, 4.247339220468489884 ) ) ;
#3565 = VECTOR ( 'NONE', #2391, 1000.000000000000000 ) ;
#3566 = CARTESIAN_POINT ( 'NONE',  ( -3.085872574535459822, 5.000000000000000000, -4.997339220468489884 ) ) ;
#3567 = CARTESIAN_POINT ( 'NONE',  ( 5.000000000000000000, -6.299999999999999822, 1.000000000000000000 ) ) ;
#3568 = FACE_OUTER_BOUND ( 'NONE', #2837, .T. ) ;
#3569 = FACE_BOUND ( 'NONE', #2152, .T. ) ;
#3570 = EDGE_CURVE ( 'NONE', #3948, #12, #5611, .T. ) ;
#3571 = AXIS2_PLACEMENT_3D ( 'NONE', #5280, #3470, #4932 ) ;
#3572 = PLANE ( 'NONE',  #3648 ) ;
#3573 = LINE ( 'NONE', #311, #1979 ) ;
#3574 = VERTEX_POINT ( 'NONE', #134 ) ;
#3575 = EDGE_LOOP ( 'NONE', ( #6085, #778, #545, #4876 ) ) ;
#3576 = DIRECTION ( 'NONE',  ( 1.000000000000000000, 0.0000000000000000000, 0.0000000000000000000 ) ) ;
#3577 = EDGE_CURVE ( 'NONE', #3342, #3759, #4371, .T. ) ;
#3578 = DIRECTION ( 'NONE',  ( 1.000000000000000000, 0.0000000000000000000, 0.0000000000000000000 ) ) ;
#3579 = EDGE_CURVE ( 'NONE', #3932, #641, #5288, .T. ) ;
#3580 = ORIENTED_EDGE ( 'NONE', *, *, #4709, .T. ) ;
#3581 = LINE ( 'NONE', #1325, #357 ) ;
#3582 = ORIENTED_EDGE ( 'NONE', *, *, #1543, .F. ) ;
#3583 = EDGE_LOOP ( 'NONE', ( #3518, #1107, #4203, #3222 ) ) ;
#3584 = EDGE_CURVE ( 'NONE', #1600, #3377, #3420, .T. ) ;
#3585 = CARTESIAN_POINT ( 'NONE',  ( 5.000000000000000000, -5.000000000000000000, 3.250000000000000000 ) ) ;
#3586 = EDGE_CURVE ( 'NONE', #2254, #3281, #5193, .T. ) ;
#3587 = ORIENTED_EDGE ( 'NONE', *, *, #1985, .F. ) ;
#3588 = CARTESIAN_POINT ( 'NONE',  ( 2.100000000000000089, -2.871681469282044930, -6.700000000000000178 ) ) ;
#3589 = DIRECTION ( 'NONE',  ( 0.0000000000000000000, 1.000000000000000000, 0.0000000000000000000 ) ) ;
#3590 = FACE_OUTER_BOUND ( 'NONE', #5265, .T. ) ;
#3591 = DIRECTION ( 'NONE',  ( 1.000000000000000000, 0.0000000000000000000, 0.0000000000000000000 ) ) ;
#3592 = VERTEX_POINT ( 'NONE', #988 ) ;
#3593 = PLANE ( 'NONE',  #3754 ) ;
#3594 = LINE ( 'NONE', #2230, #4214 ) ;
#3595 = AXIS2_PLACEMENT_3D ( 'NONE', #768, #4971, #5000 ) ;
#3596 = DIRECTION ( 'NONE',  ( 0.0000000000000000000, -4.336808689942015369E-15, 1.000000000000000000 ) ) ;
#3597 = DIRECTION ( 'NONE',  ( 0.0000000000000000000, 0.0000000000000000000, 1.000000000000000000 ) ) ;
#3598 = CARTESIAN_POINT ( 'NONE',  ( -4.780384757729359890, -7.439230484541309529, 1.000000000000000000 ) ) ;
#3599 = DIRECTION ( 'NONE',  ( 0.0000000000000000000, -1.000000000000000000, 0.0000000000000000000 ) ) ;
#3600 = LINE ( 'NONE', #3665, #793 ) ;
#3601 =( GEOMETRIC_REPRESENTATION_CONTEXT ( 3 ) GLOBAL_UNCERTAINTY_ASSIGNED_CONTEXT ( ( #224 ) ) GLOBAL_UNIT_ASSIGNED_CONTEXT ( ( #2887, #1498, #4537 ) ) REPRESENTATION_CONTEXT ( 'NONE', 'WORKASPACE' ) );
#3602 = DIRECTION ( 'NONE',  ( -3.469446951953614978E-15, -1.000000000000000000, 8.260587980841940012E-17 ) ) ;
#3603 = ORIENTED_EDGE ( 'NONE', *, *, #496, .T. ) ;
#3604 = PLANE ( 'NONE',  #3272 ) ;
#3605 = DIRECTION ( 'NONE',  ( 0.0000000000000000000, 0.0000000000000000000, -1.000000000000000000 ) ) ;
#3606 = CIRCLE ( 'NONE', #3808, 0.8749999999999998890 ) ;
#3607 = DIRECTION ( 'NONE',  ( 1.000000000000000000, 0.0000000000000000000, 0.0000000000000000000 ) ) ;
#3608 = VERTEX_POINT ( 'NONE', #4798 ) ;
#3609 = FACE_OUTER_BOUND ( 'NONE', #3335, .T. ) ;
#3610 = ORIENTED_EDGE ( 'NONE', *, *, #1283, .F. ) ;
#3611 = ORIENTED_EDGE ( 'NONE', *, *, #1693, .T. ) ;
#3612 = EDGE_CURVE ( 'NONE', #904, #5434, #592, .T. ) ;
#3613 = DIRECTION ( 'NONE',  ( 0.0000000000000000000, 0.0000000000000000000, 1.000000000000000000 ) ) ;
#3614 = EDGE_LOOP ( 'NONE', ( #1202, #3250, #5746, #3459 ) ) ;
#3615 = DIRECTION ( 'NONE',  ( 0.7071067811865435759, -0.7071067811865515695, -2.468850131082278754E-15 ) ) ;
#3616 = DIRECTION ( 'NONE',  ( 0.0000000000000000000, -1.000000000000000000, -4.336808689942015369E-15 ) ) ;
#3617 = ORIENTED_EDGE ( 'NONE', *, *, #1081, .F. ) ;
#3618 = ORIENTED_EDGE ( 'NONE', *, *, #1718, .F. ) ;
#3619 = ADVANCED_FACE ( 'NONE', ( #3300 ), #5163, .T. ) ;
#3620 = SHAPE_REPRESENTATION_RELATIONSHIP ( 'NONE' , 'NONE' ,  #1373, #4772 ) ;
#3621 = ADVANCED_FACE ( 'NONE', ( #4742 ), #2894, .T. ) ;
#3622 = DIRECTION ( 'NONE',  ( -3.452604976458695348E-15, -1.000000000000000000, 0.0000000000000000000 ) ) ;
#3623 = ORIENTED_EDGE ( 'NONE', *, *, #3743, .T. ) ;
#3624 = DIRECTION ( 'NONE',  ( 0.0000000000000000000, 0.0000000000000000000, -1.000000000000000000 ) ) ;
#3625 = DIRECTION ( 'NONE',  ( 0.9396926207859092051, 0.3420201433256665480, -5.916456789157592044E-31 ) ) ;
#3626 = VECTOR ( 'NONE', #4764, 1000.000000000000000 ) ;
#3627 = PLANE ( 'NONE',  #2538 ) ;
#3628 = EDGE_CURVE ( 'NONE', #2339, #5990, #102, .T. ) ;
#3629 = CARTESIAN_POINT ( 'NONE',  ( -5.614115653889740543, -8.711949624907170175, 0.0000000000000000000 ) ) ;
#3630 = LINE ( 'NONE', #4646, #5314 ) ;
#3631 = AXIS2_PLACEMENT_3D ( 'NONE', #4774, #3395, #4347 ) ;
#3632 = PLANE ( 'NONE',  #942 ) ;
#3633 = DIRECTION ( 'NONE',  ( -3.452604976458695348E-15, -1.000000000000000000, 0.0000000000000000000 ) ) ;
#3634 = CARTESIAN_POINT ( 'NONE',  ( 2.500000000000000000, -7.271681469282040844, -6.500000000000001776 ) ) ;
#3635 = ORIENTED_EDGE ( 'NONE', *, *, #1321, .T. ) ;
#3636 = AXIS2_PLACEMENT_3D ( 'NONE', #5593, #5720, #1376 ) ;
#3637 = FACE_OUTER_BOUND ( 'NONE', #4773, .T. ) ;
#3638 = DIRECTION ( 'NONE',  ( 0.0000000000000000000, 1.000000000000000000, 0.0000000000000000000 ) ) ;
#3639 = CYLINDRICAL_SURFACE ( 'NONE', #2019, 0.2999999999999999334 ) ;
#3640 = CARTESIAN_POINT ( 'NONE',  ( 0.0000000000000000000, 0.0000000000000000000, 0.0000000000000000000 ) ) ;
#3641 = ORIENTED_EDGE ( 'NONE', *, *, #5409, .F. ) ;
#3642 = CARTESIAN_POINT ( 'NONE',  ( 4.700000000000000178, 1.734723475976804570E-14, 0.0000000000000000000 ) ) ;
#3643 = ORIENTED_EDGE ( 'NONE', *, *, #1801, .F. ) ;
#3644 = VECTOR ( 'NONE', #2828, 1000.000000000000000 ) ;
#3645 = VERTEX_POINT ( 'NONE', #1684 ) ;
#3646 = ADVANCED_FACE ( 'NONE', ( #4026 ), #1561, .T. ) ;
#3647 = CARTESIAN_POINT ( 'NONE',  ( 5.400000000000000355, -2.871681469282044930, -6.500000000000000000 ) ) ;
#3648 = AXIS2_PLACEMENT_3D ( 'NONE', #5787, #4521, #2541 ) ;
#3649 = VERTEX_POINT ( 'NONE', #5324 ) ;
#3650 = VERTEX_POINT ( 'NONE', #1104 ) ;
#3651 = SHAPE_REPRESENTATION_RELATIONSHIP ( 'NONE' , 'NONE' ,  #5945, #3231 ) ;
#3652 = CARTESIAN_POINT ( 'NONE',  ( 4.400000000000000355, 0.0000000000000000000, -5.500000000000000000 ) ) ;
#3653 = AXIS2_PLACEMENT_3D ( 'NONE', #429, #3098, #2629 ) ;
#3654 = ORIENTED_EDGE ( 'NONE', *, *, #3114, .F. ) ;
#3655 = FACE_OUTER_BOUND ( 'NONE', #1700, .T. ) ;
#3656 = EDGE_CURVE ( 'NONE', #5799, #3086, #3910, .T. ) ;
#3657 = CARTESIAN_POINT ( 'NONE',  ( -4.400000000000000355, -2.168404344971009854E-16, -5.500000000000000000 ) ) ;
#3658 = AXIS2_PLACEMENT_3D ( 'NONE', #5629, #486, #2324 ) ;
#3659 = LINE ( 'NONE', #1312, #5395 ) ;
#3660 = CARTESIAN_POINT ( 'NONE',  ( 5.050300081418200193, -8.506737538911771423, 1.000000000000000000 ) ) ;
#3661 = SHAPE_REPRESENTATION ( 'PTV09A-4.STEP', ( #2668, #215, #2166, #6024 ), #2467 ) ;
#3662 = VECTOR ( 'NONE', #70, 1000.000000000000000 ) ;
#3663 = CARTESIAN_POINT ( 'NONE',  ( -4.700000000000000178, 1.759505239919334848E-14, 1.000000000000000000 ) ) ;
#3664 = LINE ( 'NONE', #5536, #5059 ) ;
#3665 = CARTESIAN_POINT ( 'NONE',  ( -5.569915323688860553, -8.206737538911768937, 0.0000000000000000000 ) ) ;
#3666 = EDGE_CURVE ( 'NONE', #6088, #2517, #3479, .T. ) ;
#3667 = LINE ( 'NONE', #3204, #484 ) ;
#3668 = ORIENTED_EDGE ( 'NONE', *, *, #6070, .T. ) ;
#3669 = ORIENTED_EDGE ( 'NONE', *, *, #3129, .T. ) ;
#3670 = CARTESIAN_POINT ( 'NONE',  ( 0.0000000000000000000, 0.0000000000000000000, 0.0000000000000000000 ) ) ;
#3671 = VECTOR ( 'NONE', #4606, 1000.000000000000000 ) ;
#3672 = UNCERTAINTY_MEASURE_WITH_UNIT (LENGTH_MEASURE( 1.000000000000000082E-05 ), #1305, 'distance_accuracy_value', 'NONE');
#3673 = FACE_OUTER_BOUND ( 'NONE', #5856, .T. ) ;
#3674 = DIRECTION ( 'NONE',  ( -1.000000000000000000, 3.452604976458695348E-15, 0.0000000000000000000 ) ) ;
#3675 = ORIENTED_EDGE ( 'NONE', *, *, #915, .T. ) ;
#3676 = AXIS2_PLACEMENT_3D ( 'NONE', #2611, #2585, #3514 ) ;
#3677 = DIRECTION ( 'NONE',  ( 9.826173185649180890E-31, -1.000000000000000000, 9.912705577010340341E-16 ) ) ;
#3678 = VERTEX_POINT ( 'NONE', #2142 ) ;
#3679 =( LENGTH_UNIT ( ) NAMED_UNIT ( * ) SI_UNIT ( .MILLI., .METRE. ) );
#3680 = ORIENTED_EDGE ( 'NONE', *, *, #3128, .T. ) ;
#3681 = DIRECTION ( 'NONE',  ( -1.000000000000000000, 0.0000000000000000000, 0.0000000000000000000 ) ) ;
#3682 = DIRECTION ( 'NONE',  ( 0.0000000000000000000, 1.000000000000000000, -1.445602896647339508E-15 ) ) ;
#3683 = EDGE_LOOP ( 'NONE', ( #1383, #932, #3860, #4225 ) ) ;
#3684 = ORIENTED_EDGE ( 'NONE', *, *, #123, .T. ) ;
#3685 = CARTESIAN_POINT ( 'NONE',  ( -5.000000000000000000, -6.799999999999999822, 2.750000000000000000 ) ) ;
#3686 = EDGE_CURVE ( 'NONE', #5739, #4974, #677, .T. ) ;
#3687 = ORIENTED_EDGE ( 'NONE', *, *, #5762, .F. ) ;
#3688 = DIRECTION ( 'NONE',  ( 1.000000000000000000, 0.0000000000000000000, 0.0000000000000000000 ) ) ;
#3689 = CARTESIAN_POINT ( 'NONE',  ( 4.700000000000000178, 1.734723475976804570E-14, -1.000000000000000000 ) ) ;
#3690 = DIRECTION ( 'NONE',  ( 0.0000000000000000000, -1.000000000000000000, -4.336808689942015369E-15 ) ) ;
#3691 = CARTESIAN_POINT ( 'NONE',  ( -7.870663016351260310, -6.227573133689060292, 1.000000000000000000 ) ) ;
#3692 = ADVANCED_FACE ( 'NONE', ( #2987 ), #1626, .T. ) ;
#3693 = LINE ( 'NONE', #5338, #5622 ) ;
#3694 = CARTESIAN_POINT ( 'NONE',  ( 1.638531103166359859, -0.5000000000000000000, -7.000000000000000000 ) ) ;
#3695 = DIRECTION ( 'NONE',  ( 0.0000000000000000000, 0.0000000000000000000, -1.000000000000000000 ) ) ;
#3696 = DIRECTION ( 'NONE',  ( 0.0000000000000000000, 1.000000000000000000, 0.0000000000000000000 ) ) ;
#3697 = CIRCLE ( 'NONE', #2314, 0.7499999999999997780 ) ;
#3698 = VERTEX_POINT ( 'NONE', #185 ) ;
#3699 = LINE ( 'NONE', #1747, #5329 ) ;
#3700 = ADVANCED_FACE ( 'NONE', ( #3971 ), #3939, .F. ) ;
#3701 = CARTESIAN_POINT ( 'NONE',  ( 7.307486625760009957, -5.902423092979960373, 1.000000000000000000 ) ) ;
#3702 = ADVANCED_FACE ( 'NONE', ( #2047 ), #3572, .T. ) ;
#3703 = DIRECTION ( 'NONE',  ( 0.0000000000000000000, 0.0000000000000000000, -1.000000000000000000 ) ) ;
#3704 = CARTESIAN_POINT ( 'NONE',  ( -4.400000000000000355, -5.000000000000000000, -3.250000000000000000 ) ) ;
#3705 = EDGE_LOOP ( 'NONE', ( #2523, #4105 ) ) ;
#3706 = CARTESIAN_POINT ( 'NONE',  ( 1.750000000000000000, -2.521681469282039956, -6.700000000000000178 ) ) ;
#3707 = ORIENTED_EDGE ( 'NONE', *, *, #3172, .F. ) ;
#3708 = EDGE_CURVE ( 'NONE', #3023, #3307, #3350, .T. ) ;
#3709 = DIRECTION ( 'NONE',  ( 1.000000000000000000, 0.0000000000000000000, 0.0000000000000000000 ) ) ;
#3710 = CIRCLE ( 'NONE', #1381, 0.8750000000000003331 ) ;
#3711 = ORIENTED_EDGE ( 'NONE', *, *, #3570, .T. ) ;
#3712 = CARTESIAN_POINT ( 'NONE',  ( -4.400000000000000355, -5.000000000000000000, 6.036059581176150601 ) ) ;
#3713 = VERTEX_POINT ( 'NONE', #3446 ) ;
#3714 = ORIENTED_EDGE ( 'NONE', *, *, #1645, .T. ) ;
#3715 =( NAMED_UNIT ( * ) PLANE_ANGLE_UNIT ( ) SI_UNIT ( $, .RADIAN. ) );
#3716 = DIRECTION ( 'NONE',  ( 0.0000000000000000000, -1.000000000000000000, 0.0000000000000000000 ) ) ;
#3717 = VERTEX_POINT ( 'NONE', #3510 ) ;
#3718 = DIRECTION ( 'NONE',  ( 1.000000000000000000, 0.0000000000000000000, 0.0000000000000000000 ) ) ;
#3719 = CARTESIAN_POINT ( 'NONE',  ( 5.299999999999999822, -7.139230484541309707, 1.000000000000000000 ) ) ;
#3720 = DIRECTION ( 'NONE',  ( 0.0000000000000000000, 0.0000000000000000000, -1.000000000000000000 ) ) ;
#3721 = CARTESIAN_POINT ( 'NONE',  ( -4.700000000000000178, 1.734723475976804570E-14, 0.0000000000000000000 ) ) ;
#3722 = PLANE ( 'NONE',  #4382 ) ;
#3723 = VERTEX_POINT ( 'NONE', #5377 ) ;
#3724 = AXIS2_PLACEMENT_3D ( 'NONE', #5502, #4649, #4678 ) ;
#3725 = DIRECTION ( 'NONE',  ( 0.0000000000000000000, 0.0000000000000000000, 1.000000000000000000 ) ) ;
#3726 = LINE ( 'NONE', #2331, #4107 ) ;
#3727 = EDGE_CURVE ( 'NONE', #1367, #4468, #5821, .T. ) ;
#3728 = ORIENTED_EDGE ( 'NONE', *, *, #5143, .T. ) ;
#3729 = DIRECTION ( 'NONE',  ( 0.0000000000000000000, 0.0000000000000000000, -1.000000000000000000 ) ) ;
#3730 = VECTOR ( 'NONE', #3385, 1000.000000000000000 ) ;
#3731 = DIRECTION ( 'NONE',  ( -1.000000000000000000, 0.0000000000000000000, 9.912705577010322591E-16 ) ) ;
#3732 = CARTESIAN_POINT ( 'NONE',  ( 5.000000000000000000, -6.871681469282040489, -6.500000000000000000 ) ) ;
#3733 = VECTOR ( 'NONE', #2869, 1000.000000000000000 ) ;
#3734 = EDGE_CURVE ( 'NONE', #4857, #3790, #1219, .T. ) ;
#3735 = CIRCLE ( 'NONE', #5901, 0.5999999999999998668 ) ;
#3736 = EDGE_CURVE ( 'NONE', #2753, #2196, #3940, .T. ) ;
#3737 = CARTESIAN_POINT ( 'NONE',  ( 3.250000000000000000, -0.5000000000000000000, -6.700000000000000178 ) ) ;
#3738 = ORIENTED_EDGE ( 'NONE', *, *, #247, .T. ) ;
#3739 = CARTESIAN_POINT ( 'NONE',  ( 0.0000000000000000000, -6.871681469282040489, -6.700000000000000178 ) ) ;
#3740 = ORIENTED_EDGE ( 'NONE', *, *, #581, .T. ) ;
#3741 = DIRECTION ( 'NONE',  ( -1.663698584982570107E-30, 4.818676322157800333E-16, 1.000000000000000000 ) ) ;
#3742 = EDGE_LOOP ( 'NONE', ( #2695, #4873, #4752, #4765 ) ) ;
#3743 = EDGE_CURVE ( 'NONE', #5568, #1456, #3014, .T. ) ;
#3744 = ORIENTED_EDGE ( 'NONE', *, *, #3909, .F. ) ;
#3745 = DIRECTION ( 'NONE',  ( -3.585693734707229835E-30, -8.673617379884029556E-16, -1.000000000000000000 ) ) ;
#3746 = AXIS2_PLACEMENT_3D ( 'NONE', #3701, #4189, #4124 ) ;
#3747 = VECTOR ( 'NONE', #3330, 1000.000000000000000 ) ;
#3748 = ORIENTED_EDGE ( 'NONE', *, *, #1081, .T. ) ;
#3749 = PLANE ( 'NONE',  #319 ) ;
#3750 = LINE ( 'NONE', #60, #2364 ) ;
#3751 = VECTOR ( 'NONE', #2443, 1000.000000000000000 ) ;
#3752 = DIRECTION ( 'NONE',  ( 1.000000000000000000, 2.331617575237644893E-16, 8.140799253260911791E-31 ) ) ;
#3753 = DIRECTION ( 'NONE',  ( 0.0000000000000000000, 0.0000000000000000000, 1.000000000000000000 ) ) ;
#3754 = AXIS2_PLACEMENT_3D ( 'NONE', #4609, #299, #4146 ) ;
#3755 = AXIS2_PLACEMENT_3D ( 'NONE', #756, #5459, #3466 ) ;
#3756 = DIRECTION ( 'NONE',  ( -3.469446951953614978E-15, 1.000000000000000000, -2.478176394252570294E-16 ) ) ;
#3757 = VECTOR ( 'NONE', #1548, 1000.000000000000000 ) ;
#3758 = SURFACE_STYLE_USAGE ( .BOTH. , #2677 ) ;
#3759 = VERTEX_POINT ( 'NONE', #4941 ) ;
#3760 = AXIS2_PLACEMENT_3D ( 'NONE', #3523, #5051, #3682 ) ;
#3761 = DIRECTION ( 'NONE',  ( 1.719580307488605342E-30, -4.956352788505180031E-16, 1.000000000000000000 ) ) ;
#3762 = CARTESIAN_POINT ( 'NONE',  ( 0.0000000000000000000, -0.2999999999999999889, 0.0000000000000000000 ) ) ;
#3763 = EDGE_CURVE ( 'NONE', #5610, #5332, #5312, .T. ) ;
#3764 = VECTOR ( 'NONE', #739, 1000.000000000000000 ) ;
#3765 = DIRECTION ( 'NONE',  ( -3.439160614977209983E-30, 9.912705577010330480E-16, 1.000000000000000000 ) ) ;
#3766 = DIRECTION ( 'NONE',  ( 1.000000000000000000, 3.452604976458695348E-15, 0.0000000000000000000 ) ) ;
#3767 = ORIENTED_EDGE ( 'NONE', *, *, #908, .T. ) ;
#3768 = CARTESIAN_POINT ( 'NONE',  ( -2.231858347057729564, -5.599999999999999645, -4.124999999999991118 ) ) ;
#3769 = VERTEX_POINT ( 'NONE', #4460 ) ;
#3770 = CIRCLE ( 'NONE', #5734, 0.7499999999999997780 ) ;
#3771 = EDGE_CURVE ( 'NONE', #1053, #4164, #4490, .T. ) ;
#3772 = LINE ( 'NONE', #385, #460 ) ;
#3773 = VERTEX_POINT ( 'NONE', #5883 ) ;
#3774 = CIRCLE ( 'NONE', #1898, 0.2999999999999999334 ) ;
#3775 = CARTESIAN_POINT ( 'NONE',  ( -5.650300081418220266, -5.000000000000000000, 2.958228394578795321E-30 ) ) ;
#3776 = VERTEX_POINT ( 'NONE', #1654 ) ;
#3777 = ORIENTED_EDGE ( 'NONE', *, *, #1919, .F. ) ;
#3778 = LINE ( 'NONE', #1566, #2082 ) ;
#3779 = EDGE_CURVE ( 'NONE', #962, #4351, #1191, .T. ) ;
#3780 = EDGE_CURVE ( 'NONE', #1605, #1480, #342, .T. ) ;
#3781 = EDGE_LOOP ( 'NONE', ( #960, #420, #150, #3912 ) ) ;
#3782 = LINE ( 'NONE', #1896, #5323 ) ;
#3783 = CARTESIAN_POINT ( 'NONE',  ( 3.106858347057730008, 5.050300081418240161, -5.000000000000000000 ) ) ;
#3784 = CARTESIAN_POINT ( 'NONE',  ( 4.400000000000000355, -0.5999999999999999778, 5.500000000000000000 ) ) ;
#3785 = CYLINDRICAL_SURFACE ( 'NONE', #5636, 3.399999999999999911 ) ;
#3786 = ADVANCED_FACE ( 'NONE', ( #2270 ), #1811, .T. ) ;
#3787 = DIRECTION ( 'NONE',  ( 3.469446951953614978E-15, -1.000000000000000000, 0.0000000000000000000 ) ) ;
#3788 = CARTESIAN_POINT ( 'NONE',  ( -10.10685834705772024, 4.400000000000054534, 3.250000000000000000 ) ) ;
#3789 = DIRECTION ( 'NONE',  ( -1.000000000000000000, 0.0000000000000000000, 0.0000000000000000000 ) ) ;
#3790 = VERTEX_POINT ( 'NONE', #309 ) ;
#3791 = DIRECTION ( 'NONE',  ( 9.826173185649180890E-31, -1.000000000000000000, 9.912705577010340341E-16 ) ) ;
#3792 = CARTESIAN_POINT ( 'NONE',  ( 4.400000000000000355, -0.2999999999999999889, 5.500000000000000000 ) ) ;
#3793 = CARTESIAN_POINT ( 'NONE',  ( -5.000000000000000000, 1.839467916142100148E-14, 5.500000000000000000 ) ) ;
#3794 = DIRECTION ( 'NONE',  ( 0.0000000000000000000, 0.0000000000000000000, 1.000000000000000000 ) ) ;
#3795 = CARTESIAN_POINT ( 'NONE',  ( 4.250000000000000000, -2.521681469282039956, -6.700000000000000178 ) ) ;
#3796 = ORIENTED_EDGE ( 'NONE', *, *, #1503, .T. ) ;
#3797 = CARTESIAN_POINT ( 'NONE',  ( 4.700000000000000178, -6.799999999999999822, -1.750000000000000000 ) ) ;
#3798 = ORIENTED_EDGE ( 'NONE', *, *, #5578, .T. ) ;
#3799 = VECTOR ( 'NONE', #3333, 1000.000000000000000 ) ;
#3800 = CARTESIAN_POINT ( 'NONE',  ( -4.400000000000000355, -5.000000000000000000, -5.000000000000000000 ) ) ;
#3801 = ORIENTED_EDGE ( 'NONE', *, *, #5906, .F. ) ;
#3802 = VECTOR ( 'NONE', #4302, 1000.000000000000000 ) ;
#3803 = DIRECTION ( 'NONE',  ( -1.000000000000000000, -1.048062100069321163E-14, 0.0000000000000000000 ) ) ;
#3804 = ORIENTED_EDGE ( 'NONE', *, *, #1386, .F. ) ;
#3805 = EDGE_CURVE ( 'NONE', #5352, #2193, #1250, .T. ) ;
#3806 = ORIENTED_EDGE ( 'NONE', *, *, #439, .T. ) ;
#3807 = DIRECTION ( 'NONE',  ( 0.0000000000000000000, 0.0000000000000000000, 1.000000000000000000 ) ) ;
#3808 = AXIS2_PLACEMENT_3D ( 'NONE', #4835, #569, #3830 ) ;
#3809 = ORIENTED_EDGE ( 'NONE', *, *, #2662, .T. ) ;
#3810 = DIRECTION ( 'NONE',  ( 3.944304526105060428E-30, 9.912705577010340341E-16, 1.000000000000000000 ) ) ;
#3811 = EDGE_CURVE ( 'NONE', #335, #2466, #2235, .T. ) ;
#3812 = EDGE_CURVE ( 'NONE', #259, #3650, #3174, .T. ) ;
#3813 = LINE ( 'NONE', #2819, #3534 ) ;
#3814 = DIRECTION ( 'NONE',  ( -1.000000000000000000, 0.0000000000000000000, 0.0000000000000000000 ) ) ;
#3815 = DIRECTION ( 'NONE',  ( -1.486905836551554009E-15, -9.912705577010340341E-16, -1.000000000000000000 ) ) ;
#3816 = VERTEX_POINT ( 'NONE', #5977 ) ;
#3817 = DIRECTION ( 'NONE',  ( -2.203438688951894767E-17, 1.000000000000000000, -9.912705577010340341E-16 ) ) ;
#3818 = FACE_OUTER_BOUND ( 'NONE', #2875, .T. ) ;
#3819 = EDGE_CURVE ( 'NONE', #1222, #2706, #5909, .T. ) ;
#3820 = ORIENTED_EDGE ( 'NONE', *, *, #163, .F. ) ;
#3821 = DIRECTION ( 'NONE',  ( 5.916456789157590292E-31, -2.042718815324829780E-45, 1.000000000000000000 ) ) ;
#3822 = CARTESIAN_POINT ( 'NONE',  ( -5.650300081418210496, -6.799999999999999822, 5.898059818321149643E-15 ) ) ;
#3823 = DIRECTION ( 'NONE',  ( 0.0000000000000000000, 1.000000000000000000, 0.0000000000000000000 ) ) ;
#3824 = DIRECTION ( 'NONE',  ( 0.7071067811865435759, 0.7071067811865515695, 2.468850131082278754E-15 ) ) ;
#3825 = AXIS2_PLACEMENT_3D ( 'NONE', #5846, #1125, #2103 ) ;
#3826 = EDGE_LOOP ( 'NONE', ( #4721, #5012, #1082, #6054 ) ) ;
#3827 = DIRECTION ( 'NONE',  ( 0.0000000000000000000, 0.0000000000000000000, -1.000000000000000000 ) ) ;
#3828 = EDGE_LOOP ( 'NONE', ( #5443, #356, #1588, #2810 ) ) ;
#3829 = AXIS2_PLACEMENT_3D ( 'NONE', #446, #3677, #2312 ) ;
#3830 = DIRECTION ( 'NONE',  ( 1.000000000000000000, 0.0000000000000000000, -9.912705577010326536E-16 ) ) ;
#3831 = EDGE_LOOP ( 'NONE', ( #1797, #3288, #3973, #4139 ) ) ;
#3832 = DIRECTION ( 'NONE',  ( -3.469446951953614978E-15, 1.000000000000000000, 0.0000000000000000000 ) ) ;
#3833 = ORIENTED_EDGE ( 'NONE', *, *, #758, .T. ) ;
#3834 = ORIENTED_EDGE ( 'NONE', *, *, #1995, .F. ) ;
#3835 = ITEM_DEFINED_TRANSFORMATION ( 'NONE', 'NONE', #2166,  #2248 ) ;
#3836 = STYLED_ITEM ( 'NONE', ( #1239 ), #4772 ) ;
#3837 = ADVANCED_FACE ( 'NONE', ( #3266 ), #5096, .T. ) ;
#3838 = ORIENTED_EDGE ( 'NONE', *, *, #3286, .F. ) ;
#3839 = CARTESIAN_POINT ( 'NONE',  ( 4.250000000000000000, -0.2000000000000000111, -7.000000000000000000 ) ) ;
#3840 = DIRECTION ( 'NONE',  ( 1.000000000000000000, 0.0000000000000000000, -9.912705577010369923E-16 ) ) ;
#3841 = DIRECTION ( 'NONE',  ( -1.000000000000000000, 0.0000000000000000000, 0.0000000000000000000 ) ) ;
#3842 = DIRECTION ( 'NONE',  ( -3.469446951953614978E-15, -1.000000000000000000, 0.0000000000000000000 ) ) ;
#3843 = VECTOR ( 'NONE', #2515, 1000.000000000000000 ) ;
#3844 = EDGE_CURVE ( 'NONE', #5627, #4493, #5538, .T. ) ;
#3845 = ADVANCED_FACE ( 'NONE', ( #5035 ), #5944, .T. ) ;
#3846 = AXIS2_PLACEMENT_3D ( 'NONE', #2046, #2081, #4853 ) ;
#3847 = FACE_OUTER_BOUND ( 'NONE', #5233, .T. ) ;
#3848 = DIRECTION ( 'NONE',  ( -2.331617575237644893E-16, 1.000000000000000000, 3.491481338843135327E-15 ) ) ;
#3849 = AXIS2_PLACEMENT_3D ( 'NONE', #1124, #2102, #4849 ) ;
#3850 = EDGE_LOOP ( 'NONE', ( #2286, #1904, #2554, #2939 ) ) ;
#3851 = LINE ( 'NONE', #588, #2569 ) ;
#3852 = VECTOR ( 'NONE', #1248, 1000.000000000000000 ) ;
#3853 = CARTESIAN_POINT ( 'NONE',  ( 5.000000000000000000, -5.000000000000000000, -5.500000000000000000 ) ) ;
#3854 = EDGE_CURVE ( 'NONE', #3723, #5425, #3600, .T. ) ;
#3855 = EDGE_CURVE ( 'NONE', #3038, #2970, #6007, .T. ) ;
#3856 = VECTOR ( 'NONE', #1146, 1000.000000000000000 ) ;
#3857 = DIRECTION ( 'NONE',  ( 0.0000000000000000000, -1.000000000000000000, 0.0000000000000000000 ) ) ;
#3858 = CARTESIAN_POINT ( 'NONE',  ( 5.000000000000000000, -5.000000000000000000, -5.000000000000000000 ) ) ;
#3859 = AXIS2_PLACEMENT_3D ( 'NONE', #1334, #1825, #2752 ) ;
#3860 = ORIENTED_EDGE ( 'NONE', *, *, #4344, .F. ) ;
#3861 = CARTESIAN_POINT ( 'NONE',  ( -0.7500000000000000000, -0.2000000000000000111, -7.000000000000000000 ) ) ;
#3862 = AXIS2_PLACEMENT_3D ( 'NONE', #712, #4491, #4027 ) ;
#3863 = EDGE_LOOP ( 'NONE', ( #5886, #512, #1160, #1226 ) ) ;
#3864 = VECTOR ( 'NONE', #3237, 1000.000000000000000 ) ;
#3865 = EDGE_CURVE ( 'NONE', #1664, #3519, #4626, .T. ) ;
#3866 = DIRECTION ( 'NONE',  ( -0.7071067811865510144, -0.7071067811865441310, -2.468850131082250750E-15 ) ) ;
#3867 = ORIENTED_EDGE ( 'NONE', *, *, #579, .F. ) ;
#3868 = ORIENTED_EDGE ( 'NONE', *, *, #3547, .T. ) ;
#3869 = VERTEX_POINT ( 'NONE', #5130 ) ;
#3870 = PRODUCT_CONTEXT ( 'NONE', #41, 'mechanical' ) ;
#3871 = VECTOR ( 'NONE', #2598, 1000.000000000000000 ) ;
#3872 = ORIENTED_EDGE ( 'NONE', *, *, #3409, .T. ) ;
#3873 = DIRECTION ( 'NONE',  ( -2.331617575237644893E-16, 0.0000000000000000000, -1.000000000000000000 ) ) ;
#3874 = DIRECTION ( 'NONE',  ( -3.887636238444034343E-17, -1.000000000000000000, 9.912705577010330480E-16 ) ) ;
#3875 =( LENGTH_UNIT ( ) NAMED_UNIT ( * ) SI_UNIT ( .MILLI., .METRE. ) );
#3876 = DIRECTION ( 'NONE',  ( 0.0000000000000000000, -1.000000000000000000, -6.123233995736769734E-17 ) ) ;
#3877 = ORIENTED_EDGE ( 'NONE', *, *, #1482, .T. ) ;
#3878 = CARTESIAN_POINT ( 'NONE',  ( -5.000000000000000000, -6.299999999999999822, 1.000000000000000000 ) ) ;
#3879 = DIRECTION ( 'NONE',  ( -0.3420201433256665480, -0.9396926207859092051, 0.0000000000000000000 ) ) ;
#3880 = ORIENTED_EDGE ( 'NONE', *, *, #2028, .T. ) ;
#3881 = EDGE_CURVE ( 'NONE', #1502, #6088, #4058, .T. ) ;
#3882 = CARTESIAN_POINT ( 'NONE',  ( -10.10685834705772024, 4.400000000000054534, 5.000000000000000000 ) ) ;
#3883 = DIRECTION ( 'NONE',  ( 3.452604976458695348E-15, -1.000000000000000000, 8.673617379884029556E-16 ) ) ;
#3884 = CARTESIAN_POINT ( 'NONE',  ( 2.899999999999999911, -6.871681469282040489, -6.700000000000000178 ) ) ;
#3885 = CARTESIAN_POINT ( 'NONE',  ( -2.856571371417135019, 30.00000000000000000, -0.4999999999999929501 ) ) ;
#3886 = ORIENTED_EDGE ( 'NONE', *, *, #614, .F. ) ;
#3887 = EDGE_CURVE ( 'NONE', #4069, #4312, #5007, .T. ) ;
#3888 = ADVANCED_FACE ( 'NONE', ( #6072 ), #1282, .T. ) ;
#3889 = ORIENTED_EDGE ( 'NONE', *, *, #2681, .T. ) ;
#3890 = CARTESIAN_POINT ( 'NONE',  ( -5.650300081418210496, -7.139230484541349675, -1.000000000000000000 ) ) ;
#3891 = EDGE_LOOP ( 'NONE', ( #312, #4499 ) ) ;
#3892 = ORIENTED_EDGE ( 'NONE', *, *, #1307, .T. ) ;
#3893 = AXIS2_PLACEMENT_3D ( 'NONE', #3694, #4584, #831 ) ;
#3894 = EDGE_CURVE ( 'NONE', #3920, #5020, #895, .T. ) ;
#3895 = EDGE_LOOP ( 'NONE', ( #2527, #3246, #2499, #881 ) ) ;
#3896 = PRODUCT_CONTEXT ( 'NONE', #1281, 'mechanical' ) ;
#3897 = ORIENTED_EDGE ( 'NONE', *, *, #4567, .T. ) ;
#3898 = CARTESIAN_POINT ( 'NONE',  ( -4.400000000000000355, -5.000000000000000000, 6.036059581176150601 ) ) ;
#3899 = DIRECTION ( 'NONE',  ( 0.0000000000000000000, -1.000000000000000000, -4.336808689942015369E-15 ) ) ;
#3900 = CARTESIAN_POINT ( 'NONE',  ( -4.400000000000000355, -5.299999999999999822, -5.000000000000000000 ) ) ;
#3901 = AXIS2_PLACEMENT_3D ( 'NONE', #6081, #5477, #1324 ) ;
#3902 = CARTESIAN_POINT ( 'NONE',  ( -5.650300081418220266, -5.000000000000000000, 3.250000000000000000 ) ) ;
#3903 = ORIENTED_EDGE ( 'NONE', *, *, #1809, .F. ) ;
#3904 = CYLINDRICAL_SURFACE ( 'NONE', #5617, 0.2999999999999999334 ) ;
#3905 = CARTESIAN_POINT ( 'NONE',  ( 0.4000000000000000222, -2.871681469282044930, -6.700000000000000178 ) ) ;
#3906 = VERTEX_POINT ( 'NONE', #832 ) ;
#3907 = PLANE ( 'NONE',  #1687 ) ;
#3908 = LINE ( 'NONE', #5818, #5714 ) ;
#3909 = EDGE_CURVE ( 'NONE', #962, #5608, #2703, .T. ) ;
#3910 = LINE ( 'NONE', #5852, #1475 ) ;
#3911 = CYLINDRICAL_SURFACE ( 'NONE', #5820, 0.2999999999999999334 ) ;
#3912 = ORIENTED_EDGE ( 'NONE', *, *, #3240, .F. ) ;
#3913 = ORIENTED_EDGE ( 'NONE', *, *, #841, .F. ) ;
#3914 = DIRECTION ( 'NONE',  ( 0.0000000000000000000, 0.0000000000000000000, -1.000000000000000000 ) ) ;
#3915 = UNCERTAINTY_MEASURE_WITH_UNIT (LENGTH_MEASURE( 1.000000000000000082E-05 ), #6090, 'distance_accuracy_value', 'NONE');
#3916 = ADVANCED_FACE ( 'NONE', ( #2919 ), #2394, .T. ) ;
#3917 = DIRECTION ( 'NONE',  ( -0.9396926207859092051, 0.3420201433256665480, 0.0000000000000000000 ) ) ;
#3918 = ADVANCED_FACE ( 'NONE', ( #2330 ), #4275, .F. ) ;
#3919 = VERTEX_POINT ( 'NONE', #1932 ) ;
#3920 = VERTEX_POINT ( 'NONE', #1412 ) ;
#3921 = VECTOR ( 'NONE', #1311, 1000.000000000000000 ) ;
#3922 = EDGE_CURVE ( 'NONE', #2706, #6026, #5222, .T. ) ;
#3923 = EDGE_LOOP ( 'NONE', ( #5388, #3205, #4785, #298 ) ) ;
#3924 = PLANE ( 'NONE',  #1184 ) ;
#3925 = CARTESIAN_POINT ( 'NONE',  ( 5.750000000000000000, -2.521681469282039956, -6.500000000000000000 ) ) ;
#3926 = VECTOR ( 'NONE', #3228, 1000.000000000000000 ) ;
#3927 = CARTESIAN_POINT ( 'NONE',  ( 5.750000000000000000, -0.2000000000000000111, -4.349999999999999645 ) ) ;
#3928 = VECTOR ( 'NONE', #3001, 1000.000000000000000 ) ;
#3929 = PLANE ( 'NONE',  #491 ) ;
#3930 = CARTESIAN_POINT ( 'NONE',  ( -4.400000000000000355, -0.5999999999999999778, -5.500000000000000000 ) ) ;
#3931 = PRODUCT_DEFINITION_SHAPE ( 'NONE', 'NONE',  #2015 ) ;
#3932 = VERTEX_POINT ( 'NONE', #2824 ) ;
#3933 = CARTESIAN_POINT ( 'NONE',  ( -5.650300081418199838, -8.506737538911771423, 1.000000000000000000 ) ) ;
#3934 = LINE ( 'NONE', #3964, #488 ) ;
#3935 = ORIENTED_EDGE ( 'NONE', *, *, #3586, .F. ) ;
#3936 = CARTESIAN_POINT ( 'NONE',  ( 1.352767412084380005, -0.9024230929798999767, 0.0000000000000000000 ) ) ;
#3937 = DIRECTION ( 'NONE',  ( 0.7071067811865435759, -0.7071067811865515695, -2.468850131082278754E-15 ) ) ;
#3938 = VECTOR ( 'NONE', #3142, 1000.000000000000000 ) ;
#3939 = PLANE ( 'NONE',  #1872 ) ;
#3940 = CIRCLE ( 'NONE', #4131, 0.7499999999999997780 ) ;
#3941 = LINE ( 'NONE', #4522, #3438 ) ;
#3942 = VERTEX_POINT ( 'NONE', #1902 ) ;
#3943 = VECTOR ( 'NONE', #5439, 1000.000000000000000 ) ;
#3944 = ORIENTED_EDGE ( 'NONE', *, *, #5307, .F. ) ;
#3945 = CARTESIAN_POINT ( 'NONE',  ( -5.050300081418200193, -8.506737538911771423, 1.000000000000000000 ) ) ;
#3946 = AXIS2_PLACEMENT_3D ( 'NONE', #5306, #5393, #1088 ) ;
#3947 = CARTESIAN_POINT ( 'NONE',  ( -8.633125716401169214, -0.4172876490506600144, 1.000000000000000000 ) ) ;
#3948 = VERTEX_POINT ( 'NONE', #5694 ) ;
#3949 = VECTOR ( 'NONE', #74, 1000.000000000000000 ) ;
#3950 = ORIENTED_EDGE ( 'NONE', *, *, #3727, .T. ) ;
#3951 = ORIENTED_EDGE ( 'NONE', *, *, #5534, .F. ) ;
#3952 = EDGE_CURVE ( 'NONE', #5425, #4172, #900, .T. ) ;
#3953 = FACE_OUTER_BOUND ( 'NONE', #2470, .T. ) ;
#3954 = VERTEX_POINT ( 'NONE', #5187 ) ;
#3955 = DIRECTION ( 'NONE',  ( 0.0000000000000000000, 0.0000000000000000000, 1.000000000000000000 ) ) ;
#3956 = DIRECTION ( 'NONE',  ( 0.0000000000000000000, 1.000000000000000000, 0.0000000000000000000 ) ) ;
#3957 = DIRECTION ( 'NONE',  ( -2.331617575237644893E-16, 0.0000000000000000000, -1.000000000000000000 ) ) ;
#3958 = ADVANCED_FACE ( 'NONE', ( #2855 ), #1527, .F. ) ;
#3959 = EDGE_CURVE ( 'NONE', #2435, #2846, #3548, .T. ) ;
#3960 = FACE_OUTER_BOUND ( 'NONE', #4950, .T. ) ;
#3961 = VECTOR ( 'NONE', #1268, 1000.000000000000000 ) ;
#3962 = ORIENTED_EDGE ( 'NONE', *, *, #5651, .F. ) ;
#3963 = CARTESIAN_POINT ( 'NONE',  ( 5.000000000000000000, -1.726653781784555177E-14, -1.750000000000000000 ) ) ;
#3964 = CARTESIAN_POINT ( 'NONE',  ( 5.350300081418200016, -8.506737538911771423, -2.109091035788489776 ) ) ;
#3965 = VECTOR ( 'NONE', #1602, 1000.000000000000114 ) ;
#3966 = EDGE_LOOP ( 'NONE', ( #113, #4824, #706, #633 ) ) ;
#3967 = CARTESIAN_POINT ( 'NONE',  ( 5.332207867653970368, -8.609343581909470799, 0.0000000000000000000 ) ) ;
#3968 = EDGE_CURVE ( 'NONE', #5177, #2967, #3384, .T. ) ;
#3969 = DIRECTION ( 'NONE',  ( -0.5000000000000011102, 0.8660254037844379305, 0.0000000000000000000 ) ) ;
#3970 = DIRECTION ( 'NONE',  ( 9.826173185649189648E-31, -1.000000000000000000, 9.912705577010340341E-16 ) ) ;
#3971 = FACE_OUTER_BOUND ( 'NONE', #897, .T. ) ;
#3972 = PLANE ( 'NONE',  #3862 ) ;
#3973 = ORIENTED_EDGE ( 'NONE', *, *, #4149, .T. ) ;
#3974 = EDGE_LOOP ( 'NONE', ( #4015, #469, #353, #3481, #813, #3115 ) ) ;
#3975 = LINE ( 'NONE', #4063, #725 ) ;
#3976 = PLANE ( 'NONE',  #5071 ) ;
#3977 = ORIENTED_EDGE ( 'NONE', *, *, #1190, .F. ) ;
#3978 = VERTEX_POINT ( 'NONE', #3878 ) ;
#3979 = ORIENTED_EDGE ( 'NONE', *, *, #3286, .T. ) ;
#3980 = CARTESIAN_POINT ( 'NONE',  ( 4.250000000000000000, 0.0000000000000000000, -4.349999999999999645 ) ) ;
#3981 = VERTEX_POINT ( 'NONE', #4763 ) ;
#3982 = AXIS2_PLACEMENT_3D ( 'NONE', #4283, #5607, #2372 ) ;
#3983 = CARTESIAN_POINT ( 'NONE',  ( -5.000000000000000000, -5.000000000000000000, -5.500000000000000000 ) ) ;
#3984 = CARTESIAN_POINT ( 'NONE',  ( -4.393892741774539701, -5.069332464599150434, 1.000000000000000000 ) ) ;
#3985 = PLANE ( 'NONE',  #1575 ) ;
#3986 = CARTESIAN_POINT ( 'NONE',  ( -4.400000000000000355, -0.2999999999999999889, -5.500000000000000000 ) ) ;
#3987 = LINE ( 'NONE', #2567, #1596 ) ;
#3988 = EDGE_LOOP ( 'NONE', ( #558, #1976, #2183, #2589 ) ) ;
#3989 = EDGE_CURVE ( 'NONE', #2990, #4564, #5282, .T. ) ;
#3990 = DIRECTION ( 'NONE',  ( 0.0000000000000000000, 0.0000000000000000000, -1.000000000000000000 ) ) ;
#3991 = ADVANCED_FACE ( 'NONE', ( #981 ), #4209, .T. ) ;
#3992 = DIRECTION ( 'NONE',  ( 0.0000000000000000000, 0.0000000000000000000, -1.000000000000000000 ) ) ;
#3993 = COLOUR_RGB ( '',0.7529411764705882248, 0.7529411764705882248, 0.7529411764705882248 ) ;
#3994 = CARTESIAN_POINT ( 'NONE',  ( -4.700000000000000178, -7.139230484541309707, 1.000000000000000000 ) ) ;
#3995 = DIRECTION ( 'NONE',  ( 0.0000000000000000000, 0.0000000000000000000, 1.000000000000000000 ) ) ;
#3996 = DIRECTION ( 'NONE',  ( -3.452604976458695348E-15, -1.000000000000000000, -1.734723475976805122E-15 ) ) ;
#3997 = VECTOR ( 'NONE', #5677, 1000.000000000000000 ) ;
#3998 = CARTESIAN_POINT ( 'NONE',  ( 5.000000000000000000, 1.725951194674155159E-14, -2.750000000000000000 ) ) ;
#3999 = EDGE_CURVE ( 'NONE', #5553, #1782, #3354, .T. ) ;
#4000 = CARTESIAN_POINT ( 'NONE',  ( -3.653515104746779762, -13.53188757962091948, 1.000000000000000000 ) ) ;
#4001 = ORIENTED_EDGE ( 'NONE', *, *, #3437, .F. ) ;
#4002 = ORIENTED_EDGE ( 'NONE', *, *, #4443, .F. ) ;
#4003 = DIRECTION ( 'NONE',  ( -1.000000000000000000, 0.0000000000000000000, 9.912705577010326536E-16 ) ) ;
#4004 = CARTESIAN_POINT ( 'NONE',  ( 5.000000000000000000, -0.2000000000000000111, -7.000000000000000000 ) ) ;
#4005 = VERTEX_POINT ( 'NONE', #4734 ) ;
#4006 = CARTESIAN_POINT ( 'NONE',  ( 4.700000000000000178, 1.867237074836144912E-14, 2.750000000000000000 ) ) ;
#4007 = VERTEX_POINT ( 'NONE', #3324 ) ;
#4008 = ORIENTED_EDGE ( 'NONE', *, *, #5731, .F. ) ;
#4009 = ORIENTED_EDGE ( 'NONE', *, *, #884, .F. ) ;
#4010 = CARTESIAN_POINT ( 'NONE',  ( -5.000000000000000000, -6.799999999999999822, -2.750000000000000000 ) ) ;
#4011 = LINE ( 'NONE', #1549, #5516 ) ;
#4012 = DIRECTION ( 'NONE',  ( -1.000000000000000000, 0.0000000000000000000, 0.0000000000000000000 ) ) ;
#4013 = PLANE ( 'NONE',  #5433 ) ;
#4014 = EDGE_CURVE ( 'NONE', #1819, #5586, #4303, .T. ) ;
#4015 = ORIENTED_EDGE ( 'NONE', *, *, #3063, .F. ) ;
#4016 = AXIS2_PLACEMENT_3D ( 'NONE', #5078, #5513, #2244 ) ;
#4017 = DIRECTION ( 'NONE',  ( 0.0000000000000000000, 0.0000000000000000000, -1.000000000000000000 ) ) ;
#4018 = AXIS2_PLACEMENT_3D ( 'NONE', #5871, #2478, #3411 ) ;
#4019 = DIRECTION ( 'NONE',  ( 1.000000000000000000, 0.0000000000000000000, 1.208110992198136104E-15 ) ) ;
#4020 = FACE_OUTER_BOUND ( 'NONE', #3831, .T. ) ;
#4021 = DIRECTION ( 'NONE',  ( 0.0000000000000000000, 1.000000000000000000, 0.0000000000000000000 ) ) ;
#4022 = EDGE_CURVE ( 'NONE', #6036, #4894, #95, .T. ) ;
#4023 =( GEOMETRIC_REPRESENTATION_CONTEXT ( 3 ) GLOBAL_UNCERTAINTY_ASSIGNED_CONTEXT ( ( #2497 ) ) GLOBAL_UNIT_ASSIGNED_CONTEXT ( ( #4478, #5023, #2625 ) ) REPRESENTATION_CONTEXT ( 'NONE', 'WORKASPACE' ) );
#4024 = DIRECTION ( 'NONE',  ( -7.918798803893749680E-76, 2.282438357916019743E-61, -1.000000000000000000 ) ) ;
#4025 = EDGE_CURVE ( 'NONE', #2294, #3519, #4244, .T. ) ;
#4026 = FACE_OUTER_BOUND ( 'NONE', #3097, .T. ) ;
#4027 = DIRECTION ( 'NONE',  ( -2.331617575237644893E-16, 1.000000000000000000, 0.0000000000000000000 ) ) ;
#4028 = ORIENTED_EDGE ( 'NONE', *, *, #5888, .T. ) ;
#4029 = EDGE_LOOP ( 'NONE', ( #480, #1827, #3838, #449, #1868, #2929, #2291, #2454, #5875, #1746, #3872, #5052, #4888, #631, #1910, #5775, #348, #1573, #2751, #4286 ) ) ;
#4030 = EDGE_CURVE ( 'NONE', #1656, #1444, #5662, .T. ) ;
#4031 = CARTESIAN_POINT ( 'NONE',  ( -4.700000000000000178, -7.139230484541309707, -1.000000000000000000 ) ) ;
#4032 = CARTESIAN_POINT ( 'NONE',  ( -5.000000000000000000, -5.000000000000000000, 5.500000000000000000 ) ) ;
#4033 = ORIENTED_EDGE ( 'NONE', *, *, #5741, .F. ) ;
#4034 = AXIS2_PLACEMENT_3D ( 'NONE', #471, #3178, #4091 ) ;
#4035 = CARTESIAN_POINT ( 'NONE',  ( -5.000000000000000000, -6.299999999999999822, -1.000000000000000000 ) ) ;
#4036 = EDGE_LOOP ( 'NONE', ( #3327, #3809, #4247, #5380 ) ) ;
#4037 = AXIS2_PLACEMENT_3D ( 'NONE', #3788, #36, #1065 ) ;
#4038 = ORIENTED_EDGE ( 'NONE', *, *, #57, .F. ) ;
#4039 = AXIS2_PLACEMENT_3D ( 'NONE', #4046, #4957, #4897 ) ;
#4040 = CARTESIAN_POINT ( 'NONE',  ( -4.400000000000000355, -0.2999999999999999889, -5.500000000000000000 ) ) ;
#4041 = PRODUCT_DEFINITION_FORMATION_WITH_SPECIFIED_SOURCE ( 'ANY', '', #1537, .NOT_KNOWN. ) ;
#4042 = VECTOR ( 'NONE', #4253, 1000.000000000000000 ) ;
#4043 = ORIENTED_EDGE ( 'NONE', *, *, #2903, .T. ) ;
#4044 = DIRECTION ( 'NONE',  ( -1.000000000000000000, 0.0000000000000000000, 0.0000000000000000000 ) ) ;
#4045 = DIRECTION ( 'NONE',  ( -8.131516293641278325E-17, -1.000000000000000000, -3.491481338843135327E-15 ) ) ;
#4046 = CARTESIAN_POINT ( 'NONE',  ( 5.050300081418200193, -8.506737538911771423, -2.109091035788489776 ) ) ;
#4047 = AXIS2_PLACEMENT_3D ( 'NONE', #4359, #237, #3028 ) ;
#4048 = DIRECTION ( 'NONE',  ( 0.0000000000000000000, -3.491481338843135327E-15, 1.000000000000000000 ) ) ;
#4049 = AXIS2_PLACEMENT_3D ( 'NONE', #3505, #5373, #3040 ) ;
#4050 = ORIENTED_EDGE ( 'NONE', *, *, #2937, .T. ) ;
#4051 = CARTESIAN_POINT ( 'NONE',  ( 3.250000000000000000, -0.2000000000000000111, -9.000000000000000000 ) ) ;
#4052 = CARTESIAN_POINT ( 'NONE',  ( -4.400000000000000355, 4.400000000000054534, 3.250000000000000000 ) ) ;
#4053 = CARTESIAN_POINT ( 'NONE',  ( -3.249615361854385043, 18.00000000000000000, -1.000000000000000000 ) ) ;
#4054 = CARTESIAN_POINT ( 'NONE',  ( 5.000000000000000000, -5.000000000000000000, 2.750000000000000000 ) ) ;
#4055 = LINE ( 'NONE', #4517, #1181 ) ;
#4056 = DIRECTION ( 'NONE',  ( 1.000000000000000000, 0.0000000000000000000, 0.0000000000000000000 ) ) ;
#4057 = VECTOR ( 'NONE', #883, 1000.000000000000000 ) ;
#4058 = LINE ( 'NONE', #1777, #5508 ) ;
#4059 = FACE_OUTER_BOUND ( 'NONE', #4589, .T. ) ;
#4060 = ADVANCED_FACE ( 'NONE', ( #3847 ), #3, .T. ) ;
#4061 = ORIENTED_EDGE ( 'NONE', *, *, #4206, .F. ) ;
#4062 = ORIENTED_EDGE ( 'NONE', *, *, #5679, .F. ) ;
#4063 = CARTESIAN_POINT ( 'NONE',  ( -10.10685834705772024, -5.599999999999999645, 3.250000000000000000 ) ) ;
#4064 = DIRECTION ( 'NONE',  ( -8.131516293641278325E-17, -1.000000000000000000, 0.0000000000000000000 ) ) ;
#4065 = EDGE_LOOP ( 'NONE', ( #6075, #322, #5391, #3422 ) ) ;
#4066 = EDGE_CURVE ( 'NONE', #5112, #3645, #5315, .T. ) ;
#4067 = DIRECTION ( 'NONE',  ( 0.0000000000000000000, 1.000000000000000000, 0.0000000000000000000 ) ) ;
#4068 = VERTEX_POINT ( 'NONE', #2075 ) ;
#4069 = VERTEX_POINT ( 'NONE', #1677 ) ;
#4070 = CARTESIAN_POINT ( 'NONE',  ( 0.7500000000000000000, 0.0000000000000000000, -9.000000000000000000 ) ) ;
#4071 = ORIENTED_EDGE ( 'NONE', *, *, #3736, .T. ) ;
#4072 = LINE ( 'NONE', #4503, #705 ) ;
#4073 = ADVANCED_FACE ( 'NONE', ( #5813 ), #3563, .F. ) ;
#4074 = LINE ( 'NONE', #2623, #5321 ) ;
#4075 = ORIENTED_EDGE ( 'NONE', *, *, #2061, .F. ) ;
#4076 = ORIENTED_EDGE ( 'NONE', *, *, #1950, .F. ) ;
#4077 = FILL_AREA_STYLE ('',( #295 ) ) ;
#4078 = LINE ( 'NONE', #1241, #3671 ) ;
#4079 = ORIENTED_EDGE ( 'NONE', *, *, #5183, .T. ) ;
#4080 = DIRECTION ( 'NONE',  ( 0.0000000000000000000, -1.000000000000000000, 0.0000000000000000000 ) ) ;
#4081 = CARTESIAN_POINT ( 'NONE',  ( 5.000000000000000000, -7.139230484541309707, -1.000000000000000000 ) ) ;
#4082 = VECTOR ( 'NONE', #1776, 1000.000000000000000 ) ;
#4083 = DIRECTION ( 'NONE',  ( 0.0000000000000000000, -1.000000000000000000, 9.912705577010330480E-16 ) ) ;
#4084 = FACE_OUTER_BOUND ( 'NONE', #2038, .T. ) ;
#4085 = CARTESIAN_POINT ( 'NONE',  ( -3.106858347057719794, 4.400000000000054534, 4.125000000000000000 ) ) ;
#4086 = LINE ( 'NONE', #4520, #4954 ) ;
#4087 = DIRECTION ( 'NONE',  ( 0.0000000000000000000, -4.336808689942015369E-15, 1.000000000000000000 ) ) ;
#4088 = CARTESIAN_POINT ( 'NONE',  ( 2.899999999999999911, -2.871681469282044930, -6.500000000000000000 ) ) ;
#4089 = ORIENTED_EDGE ( 'NONE', *, *, #1197, .T. ) ;
#4090 = EDGE_LOOP ( 'NONE', ( #6018, #479, #1015, #4452 ) ) ;
#4091 = DIRECTION ( 'NONE',  ( 0.0000000000000000000, 0.0000000000000000000, -1.000000000000000000 ) ) ;
#4092 = VECTOR ( 'NONE', #4563, 1000.000000000000000 ) ;
#4093 = ADVANCED_FACE ( 'NONE', ( #2948 ), #4820, .T. ) ;
#4094 = LINE ( 'NONE', #3241, #3218 ) ;
#4095 = ORIENTED_EDGE ( 'NONE', *, *, #1231, .F. ) ;
#4096 = CARTESIAN_POINT ( 'NONE',  ( 5.000000000000000000, -5.000000000000000000, 5.500000000000000000 ) ) ;
#4097 = ORIENTED_EDGE ( 'NONE', *, *, #10, .T. ) ;
#4098 = VERTEX_POINT ( 'NONE', #2134 ) ;
#4099 = ADVANCED_FACE ( 'NONE', ( #3440 ), #4419, .F. ) ;
#4100 = CARTESIAN_POINT ( 'NONE',  ( -3.106858347057725123, -5.299999999999999822, 3.250000000000000000 ) ) ;
#4101 = ORIENTED_EDGE ( 'NONE', *, *, #662, .F. ) ;
#4102 = FACE_OUTER_BOUND ( 'NONE', #3683, .T. ) ;
#4103 = DIRECTION ( 'NONE',  ( -3.439160614977209983E-30, 0.0000000000000000000, -1.000000000000000000 ) ) ;
#4104 = EDGE_LOOP ( 'NONE', ( #4444, #720, #5790, #3124 ) ) ;
#4105 = ORIENTED_EDGE ( 'NONE', *, *, #3539, .F. ) ;
#4106 = DIRECTION ( 'NONE',  ( 0.0000000000000000000, -1.000000000000000000, -4.336808689942015369E-15 ) ) ;
#4107 = VECTOR ( 'NONE', #833, 1000.000000000000000 ) ;
#4108 = ADVANCED_FACE ( 'NONE', ( #3071 ), #1647, .T. ) ;
#4109 = ORIENTED_EDGE ( 'NONE', *, *, #3475, .T. ) ;
#4110 = DIRECTION ( 'NONE',  ( 1.000000000000000000, 3.957894949482710110E-17, 9.293161478446657890E-17 ) ) ;
#4111 = DIRECTION ( 'NONE',  ( 2.203438688951874737E-17, 1.000000000000000000, -9.912705577010330480E-16 ) ) ;
#4112 = CIRCLE ( 'NONE', #2343, 1.000000000000000222 ) ;
#4113 = CARTESIAN_POINT ( 'NONE',  ( 5.000000000000000000, -6.871681469282040489, -6.700000000000000178 ) ) ;
#4114 = CARTESIAN_POINT ( 'NONE',  ( -0.7500000000000000000, -0.5000000000000000000, -6.500000000000000000 ) ) ;
#4115 = DIRECTION ( 'NONE',  ( 0.0000000000000000000, -1.000000000000000000, 0.0000000000000000000 ) ) ;
#4116 = EDGE_CURVE ( 'NONE', #2804, #2283, #1617, .T. ) ;
#4117 = PLANE ( 'NONE',  #3595 ) ;
#4118 = DIRECTION ( 'NONE',  ( 1.000000000000000000, 3.433306879537431628E-15, 0.0000000000000000000 ) ) ;
#4119 = DIRECTION ( 'NONE',  ( -1.000000000000000000, 3.452604976458695348E-15, 0.0000000000000000000 ) ) ;
#4120 = VECTOR ( 'NONE', #1133, 1000.000000000000000 ) ;
#4121 = ORIENTED_EDGE ( 'NONE', *, *, #3666, .F. ) ;
#4122 = CIRCLE ( 'NONE', #2642, 0.8749999999999998890 ) ;
#4123 = ORIENTED_EDGE ( 'NONE', *, *, #5009, .T. ) ;
#4124 = DIRECTION ( 'NONE',  ( 0.0000000000000000000, -1.000000000000000000, 2.146163712481639876E-16 ) ) ;
#4125 = FACE_OUTER_BOUND ( 'NONE', #5773, .T. ) ;
#4126 = DIRECTION ( 'NONE',  ( 0.0000000000000000000, -4.336808689942015369E-15, 1.000000000000000000 ) ) ;
#4127 = EDGE_LOOP ( 'NONE', ( #1074, #2341, #3944, #3777 ) ) ;
#4128 = ADVANCED_FACE ( 'NONE', ( #4481 ), #3904, .F. ) ;
#4129 = CARTESIAN_POINT ( 'NONE',  ( 4.250000000000000000, -0.5000000000000000000, -6.500000000000000000 ) ) ;
#4130 = ORIENTED_EDGE ( 'NONE', *, *, #4598, .F. ) ;
#4131 = AXIS2_PLACEMENT_3D ( 'NONE', #4880, #2607, #1132 ) ;
#4132 = LINE ( 'NONE', #1792, #364 ) ;
#4133 = EDGE_LOOP ( 'NONE', ( #2362, #143, #4689, #1332 ) ) ;
#4134 = CYLINDRICAL_SURFACE ( 'NONE', #611, 0.5999999999999998668 ) ;
#4135 = AXIS2_PLACEMENT_3D ( 'NONE', #6038, #4080, #3624 ) ;
#4136 = FACE_OUTER_BOUND ( 'NONE', #2995, .T. ) ;
#4137 = ORIENTED_EDGE ( 'NONE', *, *, #5731, .T. ) ;
#4138 = EDGE_CURVE ( 'NONE', #4456, #1782, #615, .T. ) ;
#4139 = ORIENTED_EDGE ( 'NONE', *, *, #5350, .F. ) ;
#4140 =( NAMED_UNIT ( * ) PLANE_ANGLE_UNIT ( ) SI_UNIT ( $, .RADIAN. ) );
#4141 = VECTOR ( 'NONE', #1711, 1000.000000000000000 ) ;
#4142 = LINE ( 'NONE', #5024, #3871 ) ;
#4143 = CIRCLE ( 'NONE', #5722, 0.2999999999999999334 ) ;
#4144 = EDGE_LOOP ( 'NONE', ( #144, #5022, #1604, #928, #1698, #5166, #3617, #4408, #3868, #1689 ) ) ;
#4145 = AXIS2_PLACEMENT_3D ( 'NONE', #1578, #2067, #3956 ) ;
#4146 = DIRECTION ( 'NONE',  ( 0.0000000000000000000, -9.912705577010340341E-16, -1.000000000000000000 ) ) ;
#4147 = LINE ( 'NONE', #5465, #1553 ) ;
#4148 = ADVANCED_FACE ( 'NONE', ( #5343 ), #5904, .T. ) ;
#4149 = EDGE_CURVE ( 'NONE', #962, #3554, #2764, .T. ) ;
#4150 = CIRCLE ( 'NONE', #4538, 0.7499999999999997780 ) ;
#4151 = PLANE ( 'NONE',  #4512 ) ;
#4152 = CARTESIAN_POINT ( 'NONE',  ( -5.650300081418220266, -6.299999999999999822, -1.000000000000000000 ) ) ;
#4153 = AXIS2_PLACEMENT_3D ( 'NONE', #5505, #4561, #4618 ) ;
#4154 = DIRECTION ( 'NONE',  ( 0.0000000000000000000, -1.000000000000000000, 2.478176394252570294E-16 ) ) ;
#4155 = DIRECTION ( 'NONE',  ( 1.000000000000000000, 0.0000000000000000000, 0.0000000000000000000 ) ) ;
#4156 = CARTESIAN_POINT ( 'NONE',  ( 4.700000000000000178, 1.734723475976804570E-14, -2.750000000000000000 ) ) ;
#4157 = FACE_OUTER_BOUND ( 'NONE', #4090, .T. ) ;
#4158 = VERTEX_POINT ( 'NONE', #3500 ) ;
#4159 = CARTESIAN_POINT ( 'NONE',  ( 5.750000000000000000, -0.2000000000000000111, -7.000000000000000000 ) ) ;
#4160 = DIRECTION ( 'NONE',  ( 1.000000000000000000, 3.452604976458695348E-15, 0.0000000000000000000 ) ) ;
#4161 = AXIS2_PLACEMENT_3D ( 'NONE', #5311, #4872, #2479 ) ;
#4162 = DIRECTION ( 'NONE',  ( 7.918798803893749680E-76, -2.282438357916019743E-61, 1.000000000000000000 ) ) ;
#4163 = PLANE ( 'NONE',  #2106 ) ;
#4164 = VERTEX_POINT ( 'NONE', #2509 ) ;
#4165 = AXIS2_PLACEMENT_3D ( 'NONE', #4916, #743, #5918 ) ;
#4166 = CARTESIAN_POINT ( 'NONE',  ( 6.638531103166360303, -0.5000000000000000000, -7.000000000000000000 ) ) ;
#4167 = VERTEX_POINT ( 'NONE', #2040 ) ;
#4168 = SURFACE_STYLE_FILL_AREA ( #876 ) ;
#4169 = ORIENTED_EDGE ( 'NONE', *, *, #5666, .F. ) ;
#4170 = CARTESIAN_POINT ( 'NONE',  ( 4.549999999999999822, 4.700000000000000178, 6.000000000000000000 ) ) ;
#4171 = EDGE_LOOP ( 'NONE', ( #5173, #5122, #1947, #3903 ) ) ;
#4172 = VERTEX_POINT ( 'NONE', #3933 ) ;
#4173 = CARTESIAN_POINT ( 'NONE',  ( 0.0000000000000000000, 0.0000000000000000000, 0.0000000000000000000 ) ) ;
#4174 = CARTESIAN_POINT ( 'NONE',  ( -3.106858347057730008, 4.400000000000045652, -3.250000000000000000 ) ) ;
#4175 = EDGE_CURVE ( 'NONE', #413, #1024, #5399, .T. ) ;
#4176 = ORIENTED_EDGE ( 'NONE', *, *, #5075, .F. ) ;
#4177 = DIRECTION ( 'NONE',  ( -0.5000000000000011102, -0.8660254037844379305, 2.478176394252575717E-16 ) ) ;
#4178 = CARTESIAN_POINT ( 'NONE',  ( 5.000000000000000000, -6.299999999999999822, -1.000000000000000000 ) ) ;
#4179 = LINE ( 'NONE', #3381, #4806 ) ;
#4180 = CARTESIAN_POINT ( 'NONE',  ( 5.050300081418200193, -8.506737538911771423, -1.000000000000000000 ) ) ;
#4181 = EDGE_CURVE ( 'NONE', #475, #1265, #4823, .T. ) ;
#4182 = EDGE_CURVE ( 'NONE', #1168, #1781, #2534, .T. ) ;
#4183 = FACE_OUTER_BOUND ( 'NONE', #2725, .T. ) ;
#4184 = DIRECTION ( 'NONE',  ( -5.916456789157590292E-31, -2.042718815324829780E-45, 1.000000000000000000 ) ) ;
#4185 = DIRECTION ( 'NONE',  ( 0.0000000000000000000, -1.000000000000000000, 0.0000000000000000000 ) ) ;
#4186 = VECTOR ( 'NONE', #989, 1000.000000000000000 ) ;
#4187 = ORIENTED_EDGE ( 'NONE', *, *, #4889, .F. ) ;
#4188 = CARTESIAN_POINT ( 'NONE',  ( 4.599999999999999645, -2.871681469282044930, -6.500000000000000000 ) ) ;
#4189 = DIRECTION ( 'NONE',  ( -1.239088197126293775E-16, -2.146163712481639876E-16, -1.000000000000000000 ) ) ;
#4190 = EDGE_CURVE ( 'NONE', #5965, #1629, #118, .T. ) ;
#4191 = VECTOR ( 'NONE', #1261, 1000.000000000000000 ) ;
#4192 = DIRECTION ( 'NONE',  ( -1.000000000000000000, 3.614007241618349165E-15, 0.0000000000000000000 ) ) ;
#4193 = LINE ( 'NONE', #1449, #3799 ) ;
#4194 = ORIENTED_EDGE ( 'NONE', *, *, #2369, .T. ) ;
#4195 = VECTOR ( 'NONE', #2613, 1000.000000000000000 ) ;
#4196 = CARTESIAN_POINT ( 'NONE',  ( 4.400000000000000355, -0.2999999999999999889, 5.500000000000000000 ) ) ;
#4197 = ORIENTED_EDGE ( 'NONE', *, *, #1435, .F. ) ;
#4198 = SURFACE_SIDE_STYLE ('',( #4168 ) ) ;
#4199 = ORIENTED_EDGE ( 'NONE', *, *, #222, .T. ) ;
#4200 = ORIENTED_EDGE ( 'NONE', *, *, #431, .T. ) ;
#4201 = EDGE_LOOP ( 'NONE', ( #613, #5923, #4348, #1204 ) ) ;
#4202 = DIRECTION ( 'NONE',  ( 1.000000000000000000, 3.452604976458695348E-15, 0.0000000000000000000 ) ) ;
#4203 = ORIENTED_EDGE ( 'NONE', *, *, #1653, .T. ) ;
#4204 = CARTESIAN_POINT ( 'NONE',  ( 0.4000000000000000222, -2.871681469282044930, -6.700000000000000178 ) ) ;
#4205 = LINE ( 'NONE', #4270, #3751 ) ;
#4206 = EDGE_CURVE ( 'NONE', #5256, #3423, #6014, .T. ) ;
#4207 = FACE_OUTER_BOUND ( 'NONE', #4127, .T. ) ;
#4208 = CARTESIAN_POINT ( 'NONE',  ( 3.085872574535459822, 6.500000000000000000, 4.247339220468489884 ) ) ;
#4209 = PLANE ( 'NONE',  #4037 ) ;
#4210 = VERTEX_POINT ( 'NONE', #4051 ) ;
#4211 = ADVANCED_FACE ( 'NONE', ( #855 ), #2296, .T. ) ;
#4212 = ADVANCED_FACE ( 'NONE', ( #2229, #2728, #4639, #6000 ), #1831, .F. ) ;
#4213 = CARTESIAN_POINT ( 'NONE',  ( -3.085872574535459822, 0.0000000000000000000, -3.497339220468495213 ) ) ;
#4214 = VECTOR ( 'NONE', #2760, 1000.000000000000000 ) ;
#4215 = CARTESIAN_POINT ( 'NONE',  ( 4.400000000000000355, -2.168404344971009854E-16, 5.500000000000000000 ) ) ;
#4216 = FACE_OUTER_BOUND ( 'NONE', #4749, .T. ) ;
#4217 = PRODUCT_DEFINITION_SHAPE ( 'NONE', 'NONE',  #6096 ) ;
#4218 = AXIS2_PLACEMENT_3D ( 'NONE', #1832, #2667, #4548 ) ;
#4219 = AXIS2_PLACEMENT_3D ( 'NONE', #4360, #5364, #4844 ) ;
#4220 = FACE_OUTER_BOUND ( 'NONE', #2483, .T. ) ;
#4221 = EDGE_LOOP ( 'NONE', ( #934, #4688, #4002, #2176 ) ) ;
#4222 = EDGE_CURVE ( 'NONE', #5568, #727, #4511, .T. ) ;
#4223 = EDGE_CURVE ( 'NONE', #3307, #2450, #5088, .T. ) ;
#4224 = CARTESIAN_POINT ( 'NONE',  ( 4.599999999999999645, -2.871681469282044930, -6.700000000000000178 ) ) ;
#4225 = ORIENTED_EDGE ( 'NONE', *, *, #3121, .T. ) ;
#4226 = PRESENTATION_LAYER_ASSIGNMENT (  '', '', ( #1863 ) ) ;
#4227 = CARTESIAN_POINT ( 'NONE',  ( -5.650300081418239806, -1.818663112654809777E-14, 2.750000000000000000 ) ) ;
#4228 = EDGE_LOOP ( 'NONE', ( #2947, #2533, #5903, #380 ) ) ;
#4229 = CARTESIAN_POINT ( 'NONE',  ( 10.10685834705772024, -5.299999999999999822, -5.000000000000000000 ) ) ;
#4230 = EDGE_LOOP ( 'NONE', ( #5966, #5199, #4601, #2441 ) ) ;
#4231 = EDGE_CURVE ( 'NONE', #1790, #5425, #366, .T. ) ;
#4232 = ORIENTED_EDGE ( 'NONE', *, *, #5383, .T. ) ;
#4233 = CARTESIAN_POINT ( 'NONE',  ( -0.7500000000000000000, -2.521681469282039956, -6.500000000000000000 ) ) ;
#4234 = VECTOR ( 'NONE', #5040, 1000.000000000000000 ) ;
#4235 = VECTOR ( 'NONE', #1535, 1000.000000000000000 ) ;
#4236 = VERTEX_POINT ( 'NONE', #4547 ) ;
#4237 = DIRECTION ( 'NONE',  ( -2.331617575237644893E-16, 1.000000000000000000, 0.0000000000000000000 ) ) ;
#4238 = LINE ( 'NONE', #1864, #1875 ) ;
#4239 = DIRECTION ( 'NONE',  ( 0.0000000000000000000, 1.000000000000000000, 0.0000000000000000000 ) ) ;
#4240 = LINE ( 'NONE', #3382, #622 ) ;
#4241 = AXIS2_PLACEMENT_3D ( 'NONE', #1862, #4325, #4669 ) ;
#4242 = VECTOR ( 'NONE', #5964, 1000.000000000000000 ) ;
#4243 = CARTESIAN_POINT ( 'NONE',  ( 0.4000000000000000222, -2.871681469282044930, -6.700000000000000178 ) ) ;
#4244 = LINE ( 'NONE', #1958, #3058 ) ;
#4245 = AXIS2_PLACEMENT_3D ( 'NONE', #3588, #4712, #2622 ) ;
#4246 = DIRECTION ( 'NONE',  ( 1.000000000000000000, -8.131516293641278325E-17, -2.839103739574740393E-31 ) ) ;
#4247 = ORIENTED_EDGE ( 'NONE', *, *, #2859, .T. ) ;
#4248 = AXIS2_PLACEMENT_3D ( 'NONE', #2200, #5438, #1741 ) ;
#4249 = DIRECTION ( 'NONE',  ( -1.000000000000000000, 0.0000000000000000000, 0.0000000000000000000 ) ) ;
#4250 = DIRECTION ( 'NONE',  ( 0.0000000000000000000, 3.491481338843135327E-15, -1.000000000000000000 ) ) ;
#4251 = EDGE_CURVE ( 'NONE', #413, #4346, #3226, .T. ) ;
#4252 = CARTESIAN_POINT ( 'NONE',  ( 0.0000000000000000000, -6.871681469282040489, -6.500000000000000000 ) ) ;
#4253 = DIRECTION ( 'NONE',  ( 0.7071067811865435759, 0.7071067811865515695, 2.468850131082278754E-15 ) ) ;
#4254 = DIRECTION ( 'NONE',  ( 0.0000000000000000000, 0.0000000000000000000, 1.000000000000000000 ) ) ;
#4255 = ORIENTED_EDGE ( 'NONE', *, *, #1509, .T. ) ;
#4256 = PLANE ( 'NONE',  #2144 ) ;
#4257 = ORIENTED_EDGE ( 'NONE', *, *, #3584, .F. ) ;
#4258 = ADVANCED_FACE ( 'NONE', ( #1341 ), #2197, .F. ) ;
#4259 = LINE ( 'NONE', #3890, #3997 ) ;
#4260 = EDGE_CURVE ( 'NONE', #3519, #5990, #5938, .T. ) ;
#4261 = ORIENTED_EDGE ( 'NONE', *, *, #4138, .F. ) ;
#4262 = VECTOR ( 'NONE', #4048, 1000.000000000000000 ) ;
#4263 = DIRECTION ( 'NONE',  ( -0.3420201433256661039, 0.9396926207859093161, -2.478176394252570787E-16 ) ) ;
#4264 = ORIENTED_EDGE ( 'NONE', *, *, #57, .T. ) ;
#4265 = ORIENTED_EDGE ( 'NONE', *, *, #31, .F. ) ;
#4266 = FACE_OUTER_BOUND ( 'NONE', #4065, .T. ) ;
#4267 = ADVANCED_FACE ( 'NONE', ( #2666 ), #5970, .F. ) ;
#4268 = ORIENTED_EDGE ( 'NONE', *, *, #2342, .F. ) ;
#4269 = LINE ( 'NONE', #1407, #5407 ) ;
#4270 = CARTESIAN_POINT ( 'NONE',  ( 5.000000000000000000, 1.725951194674155159E-14, 1.750000000000000000 ) ) ;
#4271 = CARTESIAN_POINT ( 'NONE',  ( 5.400000000000000355, -6.871681469282040489, -6.700000000000000178 ) ) ;
#4272 = DIRECTION ( 'NONE',  ( 1.000000000000000000, 0.0000000000000000000, 0.0000000000000000000 ) ) ;
#4273 = CARTESIAN_POINT ( 'NONE',  ( 5.000000000000000000, -0.5000000000000000000, -6.700000000000000178 ) ) ;
#4274 = ORIENTED_EDGE ( 'NONE', *, *, #315, .T. ) ;
#4275 = PLANE ( 'NONE',  #5810 ) ;
#4276 = DIRECTION ( 'NONE',  ( 0.0000000000000000000, 0.0000000000000000000, 1.000000000000000000 ) ) ;
#4277 = VERTEX_POINT ( 'NONE', #1803 ) ;
#4278 = CARTESIAN_POINT ( 'NONE',  ( -3.085872574535459822, -10.56696795353849971, -3.497339220468495213 ) ) ;
#4279 = DIRECTION ( 'NONE',  ( 0.0000000000000000000, 0.0000000000000000000, 1.000000000000000000 ) ) ;
#4280 = CIRCLE ( 'NONE', #3982, 0.5999999999999998668 ) ;
#4281 = CARTESIAN_POINT ( 'NONE',  ( -5.000000000000000000, -6.299999999999999822, 2.958228394578795321E-30 ) ) ;
#4282 = CARTESIAN_POINT ( 'NONE',  ( 5.400000000000000355, -2.871681469282044930, -6.500000000000000000 ) ) ;
#4283 = CARTESIAN_POINT ( 'NONE',  ( 4.400000000000000355, -5.000000000000000000, 3.250000000000000000 ) ) ;
#4284 = ORIENTED_EDGE ( 'NONE', *, *, #5047, .T. ) ;
#4285 = LINE ( 'NONE', #3967, #1069 ) ;
#4286 = ORIENTED_EDGE ( 'NONE', *, *, #1394, .T. ) ;
#4287 = ADVANCED_FACE ( 'NONE', ( #3655 ), #3593, .F. ) ;
#4288 = AXIS2_PLACEMENT_3D ( 'NONE', #5976, #2202, #2301 ) ;
#4289 = CARTESIAN_POINT ( 'NONE',  ( 4.999420525573859742, -9.523669289754879586, -1.000000000000000000 ) ) ;
#4290 = ORIENTED_EDGE ( 'NONE', *, *, #5952, .T. ) ;
#4291 = STYLED_ITEM ( 'NONE', ( #124 ), #2901 ) ;
#4292 = ORIENTED_EDGE ( 'NONE', *, *, #4476, .F. ) ;
#4293 = VERTEX_POINT ( 'NONE', #336 ) ;
#4294 = EDGE_CURVE ( 'NONE', #1823, #4429, #2164, .T. ) ;
#4295 = EDGE_CURVE ( 'NONE', #4694, #5483, #1481, .T. ) ;
#4296 = AXIS2_PLACEMENT_3D ( 'NONE', #3800, #5795, #2378 ) ;
#4297 = ORIENTED_EDGE ( 'NONE', *, *, #3854, .F. ) ;
#4298 = PLANE ( 'NONE',  #26 ) ;
#4299 = CYLINDRICAL_SURFACE ( 'NONE', #4415, 0.2999999999999999334 ) ;
#4300 = EDGE_CURVE ( 'NONE', #3776, #1819, #824, .T. ) ;
#4301 = PLANE ( 'NONE',  #3373 ) ;
#4302 = DIRECTION ( 'NONE',  ( -1.000000000000000000, 0.0000000000000000000, 0.0000000000000000000 ) ) ;
#4303 = LINE ( 'NONE', #1870, #998 ) ;
#4304 = DIRECTION ( 'NONE',  ( 9.826173185649180890E-31, -1.000000000000000000, 9.912705577010340341E-16 ) ) ;
#4305 = ORIENTED_EDGE ( 'NONE', *, *, #3586, .T. ) ;
#4306 = EDGE_CURVE ( 'NONE', #2147, #5649, #3163, .T. ) ;
#4307 = CARTESIAN_POINT ( 'NONE',  ( -3.085872574535459822, 0.0000000000000000000, -4.997339220468495213 ) ) ;
#4308 = CARTESIAN_POINT ( 'NONE',  ( 0.7500000000000000000, -2.521681469282039956, -6.700000000000000178 ) ) ;
#4309 = VECTOR ( 'NONE', #2735, 1000.000000000000000 ) ;
#4310 = DIRECTION ( 'NONE',  ( 0.0000000000000000000, -1.000000000000000000, -3.491481338843135327E-15 ) ) ;
#4311 = FACE_OUTER_BOUND ( 'NONE', #5304, .T. ) ;
#4312 = VERTEX_POINT ( 'NONE', #2698 ) ;
#4313 = CARTESIAN_POINT ( 'NONE',  ( 2.500000000000000000, -6.871681469282040489, -6.500000000000000000 ) ) ;
#4314 = EDGE_LOOP ( 'NONE', ( #1539, #4953, #2643, #3487 ) ) ;
#4315 = LINE ( 'NONE', #2002, #5674 ) ;
#4316 = ORIENTED_EDGE ( 'NONE', *, *, #89, .T. ) ;
#4317 = CARTESIAN_POINT ( 'NONE',  ( -8.351217930165400816, -0.3146816060529594727, 1.000000000000000000 ) ) ;
#4318 = VERTEX_POINT ( 'NONE', #4578 ) ;
#4319 = PRODUCT ( '______1.STEP', '______1.STEP', '', ( #3375 ) ) ;
#4320 = ORIENTED_EDGE ( 'NONE', *, *, #916, .T. ) ;
#4321 = VECTOR ( 'NONE', #3015, 1000.000000000000114 ) ;
#4322 = AXIS2_PLACEMENT_3D ( 'NONE', #5060, #3130, #2670 ) ;
#4323 = EDGE_LOOP ( 'NONE', ( #3283, #196, #2873, #1571 ) ) ;
#4324 = EDGE_CURVE ( 'NONE', #1265, #5177, #2260, .T. ) ;
#4325 = DIRECTION ( 'NONE',  ( -0.0000000000000000000, 1.000000000000000000, 0.0000000000000000000 ) ) ;
#4326 = DIRECTION ( 'NONE',  ( 6.018531076210100130E-30, -1.734723475976805122E-15, -1.000000000000000000 ) ) ;
#4327 =( NAMED_UNIT ( * ) PLANE_ANGLE_UNIT ( ) SI_UNIT ( $, .RADIAN. ) );
#4328 = LINE ( 'NONE', #4361, #4450 ) ;
#4329 = VECTOR ( 'NONE', #4710, 1000.000000000000000 ) ;
#4330 = FILL_AREA_STYLE_COLOUR ( '', #5561 ) ;
#4331 = ORIENTED_EDGE ( 'NONE', *, *, #3959, .F. ) ;
#4332 = ADVANCED_FACE ( 'NONE', ( #919 ), #4695, .T. ) ;
#4333 = CIRCLE ( 'NONE', #2652, 3.399999999999999911 ) ;
#4334 = CARTESIAN_POINT ( 'NONE',  ( 5.050300081418200193, -8.506737538911771423, -2.109091035788489776 ) ) ;
#4335 = ADVANCED_FACE ( 'NONE', ( #4726 ), #1032, .F. ) ;
#4336 = CARTESIAN_POINT ( 'NONE',  ( -3.106858347057725123, 4.400000000000054534, 3.250000000000000000 ) ) ;
#4337 = VECTOR ( 'NONE', #3756, 1000.000000000000000 ) ;
#4338 = ORIENTED_EDGE ( 'NONE', *, *, #5997, .T. ) ;
#4339 = PLANE ( 'NONE',  #1192 ) ;
#4340 = CIRCLE ( 'NONE', #3550, 0.2999999999999999334 ) ;
#4341 = DIRECTION ( 'NONE',  ( -3.451902389348305348E-15, -1.000000000000000000, 0.0000000000000000000 ) ) ;
#4342 = VECTOR ( 'NONE', #3615, 1000.000000000000000 ) ;
#4343 = DIRECTION ( 'NONE',  ( 0.0000000000000000000, 0.0000000000000000000, -1.000000000000000000 ) ) ;
#4344 = EDGE_CURVE ( 'NONE', #3084, #4838, #4269, .T. ) ;
#4345 = PLANE ( 'NONE',  #520 ) ;
#4346 = VERTEX_POINT ( 'NONE', #2351 ) ;
#4347 = DIRECTION ( 'NONE',  ( 0.0000000000000000000, 0.0000000000000000000, 1.000000000000000000 ) ) ;
#4348 = ORIENTED_EDGE ( 'NONE', *, *, #5612, .F. ) ;
#4349 = AXIS2_PLACEMENT_3D ( 'NONE', #5160, #1043, #955 ) ;
#4350 = CARTESIAN_POINT ( 'NONE',  ( -3.106858347057730008, 4.400000000000045652, -5.000000000000000000 ) ) ;
#4351 = VERTEX_POINT ( 'NONE', #3258 ) ;
#4352 = ORIENTED_EDGE ( 'NONE', *, *, #5389, .F. ) ;
#4353 = AXIS2_PLACEMENT_3D ( 'NONE', #5941, #829, #303 ) ;
#4354 = ORIENTED_EDGE ( 'NONE', *, *, #317, .F. ) ;
#4355 = APPLICATION_PROTOCOL_DEFINITION ( 'draft international standard', 'automotive_design', 1998, #41 ) ;
#4356 = CIRCLE ( 'NONE', #4654, 0.2999999999999999334 ) ;
#4357 = VERTEX_POINT ( 'NONE', #5590 ) ;
#4358 = LINE ( 'NONE', #5336, #122 ) ;
#4359 = CARTESIAN_POINT ( 'NONE',  ( -3.106858347057719794, -5.599999999999999645, 4.125000000000000000 ) ) ;
#4360 = CARTESIAN_POINT ( 'NONE',  ( 1.750000000000000000, -0.2000000000000000111, -9.000000000000000000 ) ) ;
#4361 = CARTESIAN_POINT ( 'NONE',  ( 5.000000000000000000, -6.799999999999999822, -1.750000000000000000 ) ) ;
#4362 = EDGE_CURVE ( 'NONE', #3554, #3304, #3782, .T. ) ;
#4363 = ORIENTED_EDGE ( 'NONE', *, *, #3763, .F. ) ;
#4364 = DIRECTION ( 'NONE',  ( 9.826173185649170380E-31, 1.000000000000000000, -9.912705577010330480E-16 ) ) ;
#4365 = CARTESIAN_POINT ( 'NONE',  ( -4.400000000000000355, -5.299999999999999822, -3.250000000000000000 ) ) ;
#4366 = ORIENTED_EDGE ( 'NONE', *, *, #3708, .F. ) ;
#4367 = CARTESIAN_POINT ( 'NONE',  ( 5.000000000000000000, -5.000000000000000000, 2.750000000000000000 ) ) ;
#4368 = EDGE_CURVE ( 'NONE', #1782, #2012, #5212, .T. ) ;
#4369 = CARTESIAN_POINT ( 'NONE',  ( 2.100000000000000089, -2.871681469282044930, -6.700000000000000178 ) ) ;
#4370 = ADVANCED_FACE ( 'NONE', ( #2817 ), #5686, .T. ) ;
#4371 = LINE ( 'NONE', #3793, #1572 ) ;
#4372 = CARTESIAN_POINT ( 'NONE',  ( -4.726680083854650327, -5.983658172444569878, 1.200153863164407923E-15 ) ) ;
#4373 = ORIENTED_EDGE ( 'NONE', *, *, #2022, .T. ) ;
#4374 = ORIENTED_EDGE ( 'NONE', *, *, #1307, .F. ) ;
#4375 = DIRECTION ( 'NONE',  ( 9.826173185649189648E-31, -1.000000000000000000, 9.912705577010340341E-16 ) ) ;
#4376 = ADVANCED_FACE ( 'NONE', ( #3289 ), #5717, .T. ) ;
#4377 = DIRECTION ( 'NONE',  ( -0.7071067811865441310, 0.7071067811865510144, 0.0000000000000000000 ) ) ;
#4378 = ORIENTED_EDGE ( 'NONE', *, *, #3780, .T. ) ;
#4379 = ORIENTED_EDGE ( 'NONE', *, *, #4846, .F. ) ;
#4380 = VECTOR ( 'NONE', #5011, 1000.000000000000000 ) ;
#4381 = EDGE_LOOP ( 'NONE', ( #1050, #2620, #5737, #690 ) ) ;
#4382 = AXIS2_PLACEMENT_3D ( 'NONE', #2356, #2329, #1439 ) ;
#4383 = EDGE_LOOP ( 'NONE', ( #4905, #5277, #5170, #3284 ) ) ;
#4384 = LINE ( 'NONE', #2007, #3366 ) ;
#4385 = CARTESIAN_POINT ( 'NONE',  ( -4.700000000000000178, -5.000000000000000000, -3.250000000000000000 ) ) ;
#4386 = DIRECTION ( 'NONE',  ( 2.884168878298150180E-31, -8.260587980841940012E-17, -1.000000000000000000 ) ) ;
#4387 = VECTOR ( 'NONE', #4496, 1000.000000000000000 ) ;
#4388 = DIRECTION ( 'NONE',  ( 1.000000000000000000, 3.452604976458695348E-15, 0.0000000000000000000 ) ) ;
#4389 = VERTEX_POINT ( 'NONE', #457 ) ;
#4390 = CARTESIAN_POINT ( 'NONE',  ( 4.599999999999999645, -6.871681469282040489, -6.700000000000000178 ) ) ;
#4391 = CARTESIAN_POINT ( 'NONE',  ( 10.10685834705772024, 5.050300081418249931, 3.250000000000000000 ) ) ;
#4392 = EDGE_LOOP ( 'NONE', ( #1944, #5831, #5189, #3148 ) ) ;
#4393 = DIRECTION ( 'NONE',  ( -1.000000000000000000, -3.469446951953614978E-15, 0.0000000000000000000 ) ) ;
#4394 = LINE ( 'NONE', #4879, #3054 ) ;
#4395 = CARTESIAN_POINT ( 'NONE',  ( 5.000000000000000000, -1.726653781784555177E-14, 1.750000000000000000 ) ) ;
#4396 = LINE ( 'NONE', #4912, #104 ) ;
#4397 = ADVANCED_FACE ( 'NONE', ( #1006 ), #2881, .T. ) ;
#4398 = ORIENTED_EDGE ( 'NONE', *, *, #3812, .T. ) ;
#4399 = ORIENTED_EDGE ( 'NONE', *, *, #3531, .F. ) ;
#4400 = STYLED_ITEM ( 'NONE', ( #1839 ), #4963 ) ;
#4401 = CARTESIAN_POINT ( 'NONE',  ( -5.000000000000000000, -6.799999999999999822, -1.750000000000000000 ) ) ;
#4402 = PRODUCT_DEFINITION_CONTEXT ( 'detailed design', #1171, 'design' ) ;
#4403 = DIRECTION ( 'NONE',  ( 0.0000000000000000000, 0.0000000000000000000, 1.000000000000000000 ) ) ;
#4404 = AXIS2_PLACEMENT_3D ( 'NONE', #556, #96, #2856 ) ;
#4405 = EDGE_CURVE ( 'NONE', #2871, #3086, #577, .T. ) ;
#4406 = EDGE_CURVE ( 'NONE', #1234, #1502, #5148, .T. ) ;
#4407 = ORIENTED_EDGE ( 'NONE', *, *, #1205, .T. ) ;
#4408 = ORIENTED_EDGE ( 'NONE', *, *, #2945, .F. ) ;
#4409 = AXIS2_PLACEMENT_3D ( 'NONE', #905, #5139, #872 ) ;
#4410 = ORIENTED_EDGE ( 'NONE', *, *, #2978, .F. ) ;
#4411 = DIRECTION ( 'NONE',  ( 0.0000000000000000000, 3.491481338843135327E-15, -1.000000000000000000 ) ) ;
#4412 = EDGE_CURVE ( 'NONE', #3942, #4357, #4143, .T. ) ;
#4413 = DIRECTION ( 'NONE',  ( 0.0000000000000000000, -1.000000000000000000, 0.0000000000000000000 ) ) ;
#4414 = DIRECTION ( 'NONE',  ( 1.000000000000000000, -2.203438688951904936E-17, -9.293161478446758963E-17 ) ) ;
#4415 = AXIS2_PLACEMENT_3D ( 'NONE', #91, #2532, #5396 ) ;
#4416 = DIRECTION ( 'NONE',  ( 0.0000000000000000000, 0.0000000000000000000, 1.000000000000000000 ) ) ;
#4417 = DIRECTION ( 'NONE',  ( 1.000000000000000000, 0.0000000000000000000, 0.0000000000000000000 ) ) ;
#4418 = ORIENTED_EDGE ( 'NONE', *, *, #6077, .F. ) ;
#4419 = PLANE ( 'NONE',  #513 ) ;
#4420 = CARTESIAN_POINT ( 'NONE',  ( -4.549999999999999822, 4.700000000000000178, -5.500000000000000000 ) ) ;
#4421 = ORIENTED_EDGE ( 'NONE', *, *, #5342, .T. ) ;
#4422 = PLANE ( 'NONE',  #5127 ) ;
#4423 = PLANE ( 'NONE',  #1478 ) ;
#4424 = VECTOR ( 'NONE', #532, 1000.000000000000000 ) ;
#4425 = CARTESIAN_POINT ( 'NONE',  ( 4.700000000000000178, -5.000000000000000000, -8.673617379884008651E-15 ) ) ;
#4426 = VECTOR ( 'NONE', #217, 1000.000000000000000 ) ;
#4427 = ADVANCED_FACE ( 'NONE', ( #549 ), #3749, .T. ) ;
#4428 = LINE ( 'NONE', #2542, #2226 ) ;
#4429 = VERTEX_POINT ( 'NONE', #1461 ) ;
#4430 = ORIENTED_EDGE ( 'NONE', *, *, #5234, .T. ) ;
#4431 = FACE_OUTER_BOUND ( 'NONE', #2842, .T. ) ;
#4432 = AXIS2_PLACEMENT_3D ( 'NONE', #3963, #3472, #243 ) ;
#4433 = EDGE_CURVE ( 'NONE', #3216, #854, #2847, .T. ) ;
#4434 = VECTOR ( 'NONE', #2723, 1000.000000000000000 ) ;
#4435 = CARTESIAN_POINT ( 'NONE',  ( 5.400000000000000355, -2.871681469282044930, -6.700000000000000178 ) ) ;
#4436 = EDGE_LOOP ( 'NONE', ( #5206, #1591, #6058, #1608, #3877 ) ) ;
#4437 = DIRECTION ( 'NONE',  ( -1.000000000000000000, 0.0000000000000000000, 0.0000000000000000000 ) ) ;
#4438 = ORIENTED_EDGE ( 'NONE', *, *, #4754, .T. ) ;
#4439 = ORIENTED_EDGE ( 'NONE', *, *, #5605, .F. ) ;
#4440 = PRODUCT_CONTEXT ( 'NONE', #5576, 'mechanical' ) ;
#4441 = CLOSED_SHELL ( 'NONE', ( #2482, #875, #4370, #4211, #5881, #4527, #3255, #2749, #3055, #672, #1330, #1122, #1051, #3619, #5419, #3137, #2141, #5579, #5446 ) ) ;
#4442 = EDGE_CURVE ( 'NONE', #2904, #1991, #2912, .T. ) ;
#4443 = EDGE_CURVE ( 'NONE', #3017, #682, #2940, .T. ) ;
#4444 = ORIENTED_EDGE ( 'NONE', *, *, #1056, .T. ) ;
#4445 = AXIS2_PLACEMENT_3D ( 'NONE', #4998, #5030, #2232 ) ;
#4446 = CARTESIAN_POINT ( 'NONE',  ( 4.250000000000000000, -2.521681469282039956, -6.700000000000000178 ) ) ;
#4447 = DIRECTION ( 'NONE',  ( -2.331617575237644893E-16, 1.000000000000000000, 3.491481338843135327E-15 ) ) ;
#4448 = CYLINDRICAL_SURFACE ( 'NONE', #3755, 0.7499999999999997780 ) ;
#4449 = CARTESIAN_POINT ( 'NONE',  ( -4.400000000000000355, -0.5999999999999999778, -5.500000000000000000 ) ) ;
#4450 = VECTOR ( 'NONE', #1525, 1000.000000000000000 ) ;
#4451 = EDGE_CURVE ( 'NONE', #5104, #3307, #692, .T. ) ;
#4452 = ORIENTED_EDGE ( 'NONE', *, *, #1013, .F. ) ;
#4453 = DIRECTION ( 'NONE',  ( 0.0000000000000000000, -1.000000000000000000, 0.0000000000000000000 ) ) ;
#4454 = DIRECTION ( 'NONE',  ( 0.9396926207859092051, 0.3420201433256665480, -5.916456789157592044E-31 ) ) ;
#4455 = AXIS2_PLACEMENT_3D ( 'NONE', #3108, #2180, #3576 ) ;
#4456 = VERTEX_POINT ( 'NONE', #2973 ) ;
#4457 = PLANE ( 'NONE',  #882 ) ;
#4458 = DIRECTION ( 'NONE',  ( -0.8660254037844380415, -0.5000000000000012212, 0.0000000000000000000 ) ) ;
#4459 = CARTESIAN_POINT ( 'NONE',  ( 5.750000000000000000, -0.5000000000000000000, -7.000000000000000000 ) ) ;
#4460 = CARTESIAN_POINT ( 'NONE',  ( -4.999420525573859742, -9.523669289754890244, -1.000000000000000000 ) ) ;
#4461 = CARTESIAN_POINT ( 'NONE',  ( 4.250000000000000000, -2.521681469282039956, -6.500000000000000000 ) ) ;
#4462 = ORIENTED_EDGE ( 'NONE', *, *, #1091, .F. ) ;
#4463 = ORIENTED_EDGE ( 'NONE', *, *, #1618, .T. ) ;
#4464 = CARTESIAN_POINT ( 'NONE',  ( 5.614115653889750313, -8.711949624907170175, 1.000000000000000000 ) ) ;
#4465 = UNCERTAINTY_MEASURE_WITH_UNIT (LENGTH_MEASURE( 1.000000000000000082E-05 ), #3090, 'distance_accuracy_value', 'NONE');
#4466 = LINE ( 'NONE', #3947, #952 ) ;
#4467 = VERTEX_POINT ( 'NONE', #1577 ) ;
#4468 = VERTEX_POINT ( 'NONE', #3983 ) ;
#4469 = EDGE_CURVE ( 'NONE', #4277, #169, #5868, .T. ) ;
#4470 = ORIENTED_EDGE ( 'NONE', *, *, #3881, .F. ) ;
#4471 = EDGE_LOOP ( 'NONE', ( #3804, #1883, #2016, #5914 ) ) ;
#4472 = AXIS2_PLACEMENT_3D ( 'NONE', #3775, #1425, #3310 ) ;
#4473 = LINE ( 'NONE', #264, #28 ) ;
#4474 = LINE ( 'NONE', #1118, #4543 ) ;
#4475 = CARTESIAN_POINT ( 'NONE',  ( -4.250000000000000000, 4.700000000000000178, 6.000000000000000000 ) ) ;
#4476 = EDGE_CURVE ( 'NONE', #259, #3429, #6025, .T. ) ;
#4477 = EDGE_CURVE ( 'NONE', #2283, #1600, #4358, .T. ) ;
#4478 =( LENGTH_UNIT ( ) NAMED_UNIT ( * ) SI_UNIT ( .MILLI., .METRE. ) );
#4479 = CARTESIAN_POINT ( 'NONE',  ( -4.400000000000000355, -0.2999999999999999889, 5.500000000000000000 ) ) ;
#4480 = ORIENTED_EDGE ( 'NONE', *, *, #2980, .F. ) ;
#4481 = FACE_OUTER_BOUND ( 'NONE', #405, .T. ) ;
#4482 = DIRECTION ( 'NONE',  ( 0.0000000000000000000, 0.0000000000000000000, 1.000000000000000000 ) ) ;
#4483 = EDGE_CURVE ( 'NONE', #2347, #2410, #5392, .T. ) ;
#4484 = EDGE_CURVE ( 'NONE', #2339, #2294, #4384, .T. ) ;
#4485 = VECTOR ( 'NONE', #1699, 1000.000000000000000 ) ;
#4486 = CARTESIAN_POINT ( 'NONE',  ( 3.106858347057725123, -5.599999999999999645, 3.250000000000000000 ) ) ;
#4487 = CARTESIAN_POINT ( 'NONE',  ( 3.116466489997028244, 29.68028442475052131, -0.8197155752494719172 ) ) ;
#4488 = DIRECTION ( 'NONE',  ( -3.451902389348305348E-15, 1.000000000000000000, 0.0000000000000000000 ) ) ;
#4489 = AXIS2_PLACEMENT_3D ( 'NONE', #2400, #1417, #5231 ) ;
#4490 = LINE ( 'NONE', #250, #2458 ) ;
#4491 = DIRECTION ( 'NONE',  ( 1.000000000000000000, 2.331617575237644893E-16, 8.140799253260911791E-31 ) ) ;
#4492 = EDGE_CURVE ( 'NONE', #3297, #4733, #4473, .T. ) ;
#4493 = VERTEX_POINT ( 'NONE', #1641 ) ;
#4494 = ORIENTED_EDGE ( 'NONE', *, *, #2473, .T. ) ;
#4495 = FACE_OUTER_BOUND ( 'NONE', #2907, .T. ) ;
#4496 = DIRECTION ( 'NONE',  ( -5.916456789157590292E-31, -2.042718815324829780E-45, 1.000000000000000000 ) ) ;
#4497 = ORIENTED_EDGE ( 'NONE', *, *, #2061, .T. ) ;
#4498 = CARTESIAN_POINT ( 'NONE',  ( -0.4000000000000000222, -6.871681469282040489, -6.700000000000000178 ) ) ;
#4499 = ORIENTED_EDGE ( 'NONE', *, *, #6037, .F. ) ;
#4500 = ORIENTED_EDGE ( 'NONE', *, *, #908, .F. ) ;
#4501 = DIRECTION ( 'NONE',  ( 0.0000000000000000000, 0.0000000000000000000, 1.000000000000000000 ) ) ;
#4502 = VERTEX_POINT ( 'NONE', #147 ) ;
#4503 = CARTESIAN_POINT ( 'NONE',  ( 4.599999999999999645, -2.871681469282044930, -6.700000000000000178 ) ) ;
#4504 = CYLINDRICAL_SURFACE ( 'NONE', #1580, 0.2999999999999999334 ) ;
#4505 = CARTESIAN_POINT ( 'NONE',  ( 5.040192378864690070, -7.289230484541310062, 0.0000000000000000000 ) ) ;
#4506 = VECTOR ( 'NONE', #920, 1000.000000000000000 ) ;
#4507 = PLANE ( 'NONE',  #921 ) ;
#4508 = EDGE_CURVE ( 'NONE', #4456, #1086, #5305, .T. ) ;
#4509 = ORIENTED_EDGE ( 'NONE', *, *, #5693, .T. ) ;
#4510 = VECTOR ( 'NONE', #1622, 1000.000000000000000 ) ;
#4511 = LINE ( 'NONE', #886, #2162 ) ;
#4512 = AXIS2_PLACEMENT_3D ( 'NONE', #3199, #3167, #5940 ) ;
#4513 = CYLINDRICAL_SURFACE ( 'NONE', #2139, 0.8750000000000003331 ) ;
#4514 = CARTESIAN_POINT ( 'NONE',  ( -3.085872574535459822, 6.500000000000000000, -4.997339220468489884 ) ) ;
#4515 = CARTESIAN_POINT ( 'NONE',  ( 5.000000000000000000, -6.871681469282040489, -6.700000000000000178 ) ) ;
#4516 =( GEOMETRIC_REPRESENTATION_CONTEXT ( 3 ) GLOBAL_UNCERTAINTY_ASSIGNED_CONTEXT ( ( #3672 ) ) GLOBAL_UNIT_ASSIGNED_CONTEXT ( ( #1305, #4140, #5652 ) ) REPRESENTATION_CONTEXT ( 'NONE', 'WORKASPACE' ) );
#4517 = CARTESIAN_POINT ( 'NONE',  ( 0.4000000000000000222, -6.871681469282040489, -6.700000000000000178 ) ) ;
#4518 = ADVANCED_FACE ( 'NONE', ( #4812 ), #5748, .T. ) ;
#4519 = ADVANCED_FACE ( 'NONE', ( #1174 ), #3408, .T. ) ;
#4520 = CARTESIAN_POINT ( 'NONE',  ( 5.000000000000000000, -6.799999999999999822, -2.750000000000000000 ) ) ;
#4521 = DIRECTION ( 'NONE',  ( 0.0000000000000000000, 0.0000000000000000000, -1.000000000000000000 ) ) ;
#4522 = CARTESIAN_POINT ( 'NONE',  ( -5.000000000000000000, 1.794034682247469877E-14, -5.500000000000000000 ) ) ;
#4523 = ORIENTED_EDGE ( 'NONE', *, *, #1801, .T. ) ;
#4524 = EDGE_LOOP ( 'NONE', ( #714, #3798 ) ) ;
#4525 = AXIS2_PLACEMENT_3D ( 'NONE', #2116, #5413, #1195 ) ;
#4526 = CARTESIAN_POINT ( 'NONE',  ( 2.500000000000000000, -6.871681469282040489, -6.700000000000000178 ) ) ;
#4527 = ADVANCED_FACE ( 'NONE', ( #1087 ), #664, .T. ) ;
#4528 = CIRCLE ( 'NONE', #1773, 3.399999999999999911 ) ;
#4529 = CARTESIAN_POINT ( 'NONE',  ( 5.000000000000000000, -5.000000000000000000, 2.958228394578795321E-30 ) ) ;
#4530 = ORIENTED_EDGE ( 'NONE', *, *, #724, .F. ) ;
#4531 = VECTOR ( 'NONE', #5149, 1000.000000000000000 ) ;
#4532 = FACE_OUTER_BOUND ( 'NONE', #4314, .T. ) ;
#4533 = ORIENTED_EDGE ( 'NONE', *, *, #3467, .T. ) ;
#4534 = AXIS2_PLACEMENT_3D ( 'NONE', #2484, #4364, #642 ) ;
#4535 = VERTEX_POINT ( 'NONE', #1059 ) ;
#4536 = CIRCLE ( 'NONE', #6022, 0.2999999999999999334 ) ;
#4537 =( NAMED_UNIT ( * ) SI_UNIT ( $, .STERADIAN. ) SOLID_ANGLE_UNIT ( ) );
#4538 = AXIS2_PLACEMENT_3D ( 'NONE', #2066, #3492, #3955 ) ;
#4539 = ORIENTED_EDGE ( 'NONE', *, *, #3539, .T. ) ;
#4540 = LINE ( 'NONE', #330, #5414 ) ;
#4541 = CARTESIAN_POINT ( 'NONE',  ( -3.085872574535459822, -0.2999999999999999889, -4.997339220468495213 ) ) ;
#4542 = CARTESIAN_POINT ( 'NONE',  ( -4.400000000000000355, -2.168404344971009854E-16, -5.500000000000000000 ) ) ;
#4543 = VECTOR ( 'NONE', #4930, 1000.000000000000000 ) ;
#4544 = DIRECTION ( 'NONE',  ( -1.000000000000000000, 3.452604976458695348E-15, 0.0000000000000000000 ) ) ;
#4545 = VECTOR ( 'NONE', #5908, 1000.000000000000000 ) ;
#4546 = ORIENTED_EDGE ( 'NONE', *, *, #2000, .T. ) ;
#4547 = CARTESIAN_POINT ( 'NONE',  ( 4.163799117101000559E-16, 5.000000000000000000, 3.399999999999999911 ) ) ;
#4548 = DIRECTION ( 'NONE',  ( -2.331617575237644893E-16, 0.0000000000000000000, -1.000000000000000000 ) ) ;
#4549 = ADVANCED_FACE ( 'NONE', ( #2504 ), #3924, .T. ) ;
#4550 = VECTOR ( 'NONE', #4612, 1000.000000000000000 ) ;
#4551 = DIRECTION ( 'NONE',  ( 0.0000000000000000000, -4.336808689942015369E-15, 1.000000000000000000 ) ) ;
#4552 = FACE_OUTER_BOUND ( 'NONE', #2042, .T. ) ;
#4553 = LINE ( 'NONE', #3663, #2962 ) ;
#4554 = DIRECTION ( 'NONE',  ( 0.0000000000000000000, -4.336808689942015369E-15, 1.000000000000000000 ) ) ;
#4555 = AXIS2_PLACEMENT_3D ( 'NONE', #852, #268, #5086 ) ;
#4556 = CARTESIAN_POINT ( 'NONE',  ( -10.10685834705772024, -5.299999999999999822, 3.250000000000000000 ) ) ;
#4557 = CARTESIAN_POINT ( 'NONE',  ( 5.000000000000000000, -6.299999999999999822, 1.750000000000000000 ) ) ;
#4558 = EDGE_LOOP ( 'NONE', ( #540, #2077, #5969, #3654 ) ) ;
#4559 = EDGE_CURVE ( 'NONE', #164, #187, #4150, .T. ) ;
#4560 = EDGE_CURVE ( 'NONE', #2769, #5020, #5837, .T. ) ;
#4561 = DIRECTION ( 'NONE',  ( -1.137714153567513885E-16, 1.445602896647340100E-15, 1.000000000000000000 ) ) ;
#4562 = CARTESIAN_POINT ( 'NONE',  ( -4.700000000000000178, -0.5999999999999999778, -5.500000000000000000 ) ) ;
#4563 = DIRECTION ( 'NONE',  ( -1.000000000000000000, 3.452604976458695348E-15, 0.0000000000000000000 ) ) ;
#4564 = VERTEX_POINT ( 'NONE', #3027 ) ;
#4565 = DIRECTION ( 'NONE',  ( 0.0000000000000000000, -1.000000000000000000, 2.478176394252570294E-16 ) ) ;
#4566 = ORIENTED_EDGE ( 'NONE', *, *, #3999, .T. ) ;
#4567 = EDGE_CURVE ( 'NONE', #4617, #3776, #4895, .T. ) ;
#4568 = EDGE_LOOP ( 'NONE', ( #4199, #119, #3889 ) ) ;
#4569 = CARTESIAN_POINT ( 'NONE',  ( -4.700000000000000178, -0.5999999999999999778, 5.500000000000000000 ) ) ;
#4570 = ORIENTED_EDGE ( 'NONE', *, *, #3198, .T. ) ;
#4571 = PLANE ( 'NONE',  #2468 ) ;
#4572 = EDGE_LOOP ( 'NONE', ( #1620, #3962, #3407, #2346 ) ) ;
#4573 = ADVANCED_FACE ( 'NONE', ( #2832 ), #3151, .F. ) ;
#4574 = VERTEX_POINT ( 'NONE', #4955 ) ;
#4575 = DIRECTION ( 'NONE',  ( 0.0000000000000000000, 0.0000000000000000000, 1.000000000000000000 ) ) ;
#4576 = CARTESIAN_POINT ( 'NONE',  ( 4.250000000000000000, -2.521681469282039956, -6.700000000000000178 ) ) ;
#4577 = ORIENTED_EDGE ( 'NONE', *, *, #3431, .T. ) ;
#4578 = CARTESIAN_POINT ( 'NONE',  ( 1.750000000000000000, 0.0000000000000000000, -7.000000000000000000 ) ) ;
#4579 = DIRECTION ( 'NONE',  ( -3.469446951953614978E-15, 1.000000000000000000, 0.0000000000000000000 ) ) ;
#4580 = VECTOR ( 'NONE', #1357, 1000.000000000000000 ) ;
#4581 = DIRECTION ( 'NONE',  ( 2.203438688951894767E-17, 1.000000000000000000, -9.912705577010330480E-16 ) ) ;
#4582 = DIRECTION ( 'NONE',  ( -1.000000000000000000, 0.0000000000000000000, 3.177140135792160086E-16 ) ) ;
#4583 = CARTESIAN_POINT ( 'NONE',  ( 5.050300081418200193, -8.506737538911771423, -1.000000000000000000 ) ) ;
#4584 = DIRECTION ( 'NONE',  ( -1.000000000000000000, 0.0000000000000000000, 0.0000000000000000000 ) ) ;
#4585 = PRODUCT_DEFINITION ( 'UNKNOWN', '', #4041, #1567 ) ;
#4586 = DIRECTION ( 'NONE',  ( 1.000000000000000000, 5.782411586589358033E-15, 0.0000000000000000000 ) ) ;
#4587 = VECTOR ( 'NONE', #4628, 1000.000000000000000 ) ;
#4588 = LINE ( 'NONE', #5131, #3427 ) ;
#4589 = EDGE_LOOP ( 'NONE', ( #5784, #5478, #2, #4374 ) ) ;
#4590 = VERTEX_POINT ( 'NONE', #5963 ) ;
#4591 = DIRECTION ( 'NONE',  ( 1.000000000000000000, 5.782411586589358033E-15, 0.0000000000000000000 ) ) ;
#4592 = AXIS2_PLACEMENT_3D ( 'NONE', #2498, #1914, #2027 ) ;
#4593 = CARTESIAN_POINT ( 'NONE',  ( 5.310107702553530373, -8.356737538911771068, 0.0000000000000000000 ) ) ;
#4594 = DIRECTION ( 'NONE',  ( -1.000000000000000000, 0.0000000000000000000, 0.0000000000000000000 ) ) ;
#4595 = ORIENTED_EDGE ( 'NONE', *, *, #3357, .F. ) ;
#4596 = LINE ( 'NONE', #2803, #391 ) ;
#4597 = ORIENTED_EDGE ( 'NONE', *, *, #2821, .T. ) ;
#4598 = EDGE_CURVE ( 'NONE', #5619, #5772, #4072, .T. ) ;
#4599 = LINE ( 'NONE', #2315, #4587 ) ;
#4600 = EDGE_CURVE ( 'NONE', #1630, #4857, #4986, .T. ) ;
#4601 = ORIENTED_EDGE ( 'NONE', *, *, #2227, .F. ) ;
#4602 = FACE_OUTER_BOUND ( 'NONE', #627, .T. ) ;
#4603 = DIRECTION ( 'NONE',  ( 9.826173185649189648E-31, -1.000000000000000000, 9.912705577010340341E-16 ) ) ;
#4604 = ORIENTED_EDGE ( 'NONE', *, *, #2264, .F. ) ;
#4605 = ORIENTED_EDGE ( 'NONE', *, *, #5487, .F. ) ;
#4606 = DIRECTION ( 'NONE',  ( 1.000000000000000000, 3.452604976458695348E-15, 0.0000000000000000000 ) ) ;
#4607 = ADVANCED_FACE ( 'NONE', ( #3555 ), #3118, .F. ) ;
#4608 = ORIENTED_EDGE ( 'NONE', *, *, #5041, .T. ) ;
#4609 = CARTESIAN_POINT ( 'NONE',  ( -10.10685834705772024, -5.599999999999999645, 5.390033657499369972E-15 ) ) ;
#4610 = LINE ( 'NONE', #1767, #3921 ) ;
#4611 = CARTESIAN_POINT ( 'NONE',  ( 4.599999999999999645, -2.871681469282044930, -6.500000000000000000 ) ) ;
#4612 = DIRECTION ( 'NONE',  ( 5.396450432667169795E-30, -1.734723475976805122E-15, 1.000000000000000000 ) ) ;
#4613 = DIRECTION ( 'NONE',  ( -7.228014483236700500E-16, 2.323922141233004793E-16, -1.000000000000000000 ) ) ;
#4614 = CARTESIAN_POINT ( 'NONE',  ( -4.549999999999999822, 5.000000000000000000, 6.000000000000000000 ) ) ;
#4615 = CARTESIAN_POINT ( 'NONE',  ( -5.650300081418210496, -6.799999999999999822, -1.750000000000000000 ) ) ;
#4616 = LINE ( 'NONE', #1380, #3238 ) ;
#4617 = VERTEX_POINT ( 'NONE', #1730 ) ;
#4618 = DIRECTION ( 'NONE',  ( 0.0000000000000000000, -1.000000000000000000, 1.445602896647340100E-15 ) ) ;
#4619 = CARTESIAN_POINT ( 'NONE',  ( 4.250000000000000000, -0.2000000000000000111, -9.000000000000000000 ) ) ;
#4620 = DIRECTION ( 'NONE',  ( 0.0000000000000000000, 1.000000000000000000, 0.0000000000000000000 ) ) ;
#4621 = DIRECTION ( 'NONE',  ( 0.0000000000000000000, -1.000000000000000000, -4.336808689942015369E-15 ) ) ;
#4622 = EDGE_LOOP ( 'NONE', ( #4882, #3432, #447, #2714 ) ) ;
#4623 = CYLINDRICAL_SURFACE ( 'NONE', #3829, 0.8749999999999998890 ) ;
#4624 = ORIENTED_EDGE ( 'NONE', *, *, #2092, .F. ) ;
#4625 = ADVANCED_FACE ( 'NONE', ( #2721 ), #754, .T. ) ;
#4626 = CIRCLE ( 'NONE', #114, 0.2999999999999999334 ) ;
#4627 = AXIS2_PLACEMENT_3D ( 'NONE', #131, #5229, #1532 ) ;
#4628 = DIRECTION ( 'NONE',  ( 5.916456789157590292E-31, -2.042718815324829780E-45, 1.000000000000000000 ) ) ;
#4629 = EDGE_LOOP ( 'NONE', ( #3091, #1544, #5860, #3767 ) ) ;
#4630 = VECTOR ( 'NONE', #5026, 1000.000000000000000 ) ;
#4631 = CARTESIAN_POINT ( 'NONE',  ( -0.7500000000000000000, -0.2000000000000000111, -9.000000000000000000 ) ) ;
#4632 = VERTEX_POINT ( 'NONE', #4010 ) ;
#4633 = ORIENTED_EDGE ( 'NONE', *, *, #3003, .T. ) ;
#4634 = CARTESIAN_POINT ( 'NONE',  ( 4.911637286716000084, 4.138782136738999640, 4.703680807075000025 ) ) ;
#4635 = EDGE_CURVE ( 'NONE', #4007, #682, #906, .T. ) ;
#4636 = CARTESIAN_POINT ( 'NONE',  ( -5.650300081418220266, -6.299999999999999822, 2.958228394578795321E-30 ) ) ;
#4637 = VECTOR ( 'NONE', #4044, 1000.000000000000000 ) ;
#4638 = ORIENTED_EDGE ( 'NONE', *, *, #4222, .F. ) ;
#4639 = FACE_BOUND ( 'NONE', #3891, .T. ) ;
#4640 = LINE ( 'NONE', #4052, #5290 ) ;
#4641 = VECTOR ( 'NONE', #135, 1000.000000000000000 ) ;
#4642 = CARTESIAN_POINT ( 'NONE',  ( 2.500000000000000000, -6.871681469282040489, -6.700000000000000178 ) ) ;
#4643 = EDGE_CURVE ( 'NONE', #5645, #3423, #1263, .T. ) ;
#4644 = CARTESIAN_POINT ( 'NONE',  ( 0.7500000000000000000, -2.521681469282039956, -6.500000000000000000 ) ) ;
#4645 = VECTOR ( 'NONE', #155, 1000.000000000000000 ) ;
#4646 = CARTESIAN_POINT ( 'NONE',  ( -1.352767412084380005, -0.9024230929799009759, -1.000000000000000000 ) ) ;
#4647 = CARTESIAN_POINT ( 'NONE',  ( 4.700000000000000178, -6.299999999999999822, -1.750000000000000000 ) ) ;
#4648 = DIRECTION ( 'NONE',  ( 0.0000000000000000000, 0.0000000000000000000, -1.000000000000000000 ) ) ;
#4649 = DIRECTION ( 'NONE',  ( 0.0000000000000000000, 1.000000000000000000, 0.0000000000000000000 ) ) ;
#4650 = VECTOR ( 'NONE', #434, 1000.000000000000000 ) ;
#4651 = ORIENTED_EDGE ( 'NONE', *, *, #543, .T. ) ;
#4652 = ORIENTED_EDGE ( 'NONE', *, *, #1057, .T. ) ;
#4653 = DIRECTION ( 'NONE',  ( 0.0000000000000000000, -1.000000000000000000, 0.0000000000000000000 ) ) ;
#4654 = AXIS2_PLACEMENT_3D ( 'NONE', #3002, #3496, #5366 ) ;
#4655 = DIRECTION ( 'NONE',  ( -1.000000000000000000, 0.0000000000000000000, 0.0000000000000000000 ) ) ;
#4656 = DIRECTION ( 'NONE',  ( -8.131516293641278325E-17, -1.000000000000000000, -3.491481338843135327E-15 ) ) ;
#4657 = VERTEX_POINT ( 'NONE', #3647 ) ;
#4658 = DIRECTION ( 'NONE',  ( -1.000000000000000000, 3.957894949482580071E-17, -1.208110992198136104E-15 ) ) ;
#4659 = ORIENTED_EDGE ( 'NONE', *, *, #1467, .T. ) ;
#4660 = DIRECTION ( 'NONE',  ( -1.000000000000000000, 0.0000000000000000000, 3.614007241618348771E-16 ) ) ;
#4661 = VERTEX_POINT ( 'NONE', #5520 ) ;
#4662 = EDGE_CURVE ( 'NONE', #5756, #3919, #1975, .T. ) ;
#4663 = VERTEX_POINT ( 'NONE', #1701 ) ;
#4664 = ORIENTED_EDGE ( 'NONE', *, *, #4014, .T. ) ;
#4665 = FILL_AREA_STYLE ('',( #2411 ) ) ;
#4666 = LINE ( 'NONE', #6091, #816 ) ;
#4667 = ORIENTED_EDGE ( 'NONE', *, *, #2218, .F. ) ;
#4668 = EDGE_CURVE ( 'NONE', #2560, #2927, #2251, .T. ) ;
#4669 = DIRECTION ( 'NONE',  ( 1.000000000000000000, 0.0000000000000000000, 0.0000000000000000000 ) ) ;
#4670 = EDGE_CURVE ( 'NONE', #701, #1328, #4540, .T. ) ;
#4671 = FACE_OUTER_BOUND ( 'NONE', #1974, .T. ) ;
#4672 = DIRECTION ( 'NONE',  ( 0.0000000000000000000, -1.000000000000000000, -4.336808689942015369E-15 ) ) ;
#4673 = CARTESIAN_POINT ( 'NONE',  ( -5.650300081418220266, -5.000000000000000000, -5.000000000000000000 ) ) ;
#4674 = LINE ( 'NONE', #464, #2110 ) ;
#4675 = EDGE_CURVE ( 'NONE', #4167, #161, #5484, .T. ) ;
#4676 = DIRECTION ( 'NONE',  ( 0.0000000000000000000, -1.000000000000000000, -4.336808689942015369E-15 ) ) ;
#4677 = ADVANCED_FACE ( 'NONE', ( #4602 ), #4571, .T. ) ;
#4678 = DIRECTION ( 'NONE',  ( 0.0000000000000000000, 0.0000000000000000000, 1.000000000000000000 ) ) ;
#4679 = ORIENTED_EDGE ( 'NONE', *, *, #1091, .T. ) ;
#4680 = DIRECTION ( 'NONE',  ( -1.000000000000000000, 0.0000000000000000000, 0.0000000000000000000 ) ) ;
#4681 = CARTESIAN_POINT ( 'NONE',  ( 5.050300081418200193, -8.506737538911771423, -1.000000000000000000 ) ) ;
#4682 = AXIS2_PLACEMENT_3D ( 'NONE', #2285, #2217, #6057 ) ;
#4683 = DIRECTION ( 'NONE',  ( 0.0000000000000000000, -1.000000000000000000, -4.336808689942015369E-15 ) ) ;
#4684 = CARTESIAN_POINT ( 'NONE',  ( -4.400000000000000355, -0.5999999999999999778, 5.500000000000000000 ) ) ;
#4685 = ORIENTED_EDGE ( 'NONE', *, *, #5801, .T. ) ;
#4686 = VECTOR ( 'NONE', #4655, 1000.000000000000000 ) ;
#4687 = CARTESIAN_POINT ( 'NONE',  ( 0.0000000000000000000, 0.8000000000000000444, 0.0000000000000000000 ) ) ;
#4688 = ORIENTED_EDGE ( 'NONE', *, *, #5158, .T. ) ;
#4689 = ORIENTED_EDGE ( 'NONE', *, *, #5267, .T. ) ;
#4690 = EDGE_LOOP ( 'NONE', ( #4438, #65, #4864, #3150 ) ) ;
#4691 = ORIENTED_EDGE ( 'NONE', *, *, #5959, .T. ) ;
#4692 = SURFACE_STYLE_FILL_AREA ( #4665 ) ;
#4693 = PLANE ( 'NONE',  #334 ) ;
#4694 = VERTEX_POINT ( 'NONE', #2221 ) ;
#4695 = CYLINDRICAL_SURFACE ( 'NONE', #21, 1.000000000000000222 ) ;
#4696 = DIRECTION ( 'NONE',  ( 0.0000000000000000000, -1.000000000000000000, -3.491481338843135327E-15 ) ) ;
#4697 = DIRECTION ( 'NONE',  ( -1.000000000000000000, 0.0000000000000000000, 0.0000000000000000000 ) ) ;
#4698 = LINE ( 'NONE', #4673, #3565 ) ;
#4699 = ADVANCED_FACE ( 'NONE', ( #4102 ), #958, .T. ) ;
#4700 = FILL_AREA_STYLE ('',( #4330 ) ) ;
#4701 = VECTOR ( 'NONE', #4276, 1000.000000000000000 ) ;
#4702 = CARTESIAN_POINT ( 'NONE',  ( -10.10685834705772024, -5.299999999999999822, -5.000000000000000000 ) ) ;
#4703 = DIRECTION ( 'NONE',  ( -2.958228394578794971E-30, 9.912705577010330480E-16, 1.000000000000000000 ) ) ;
#4704 = ORIENTED_EDGE ( 'NONE', *, *, #723, .T. ) ;
#4705 = CYLINDRICAL_SURFACE ( 'NONE', #219, 1.000000000000000222 ) ;
#4706 = VECTOR ( 'NONE', #3848, 1000.000000000000000 ) ;
#4707 = ADVANCED_FACE ( 'NONE', ( #5050 ), #4134, .T. ) ;
#4708 = CARTESIAN_POINT ( 'NONE',  ( -4.400000000000000355, -0.2999999999999999889, 5.500000000000000000 ) ) ;
#4709 = EDGE_CURVE ( 'NONE', #2871, #1961, #5164, .T. ) ;
#4710 = DIRECTION ( 'NONE',  ( -1.000000000000000000, 0.0000000000000000000, 0.0000000000000000000 ) ) ;
#4711 = CIRCLE ( 'NONE', #3041, 0.4000000000000001887 ) ;
#4712 = DIRECTION ( 'NONE',  ( -1.000000000000000000, 8.131516293641278325E-17, 2.839103739574740393E-31 ) ) ;
#4713 = DIRECTION ( 'NONE',  ( 0.0000000000000000000, -1.000000000000000000, -4.336808689942015369E-15 ) ) ;
#4714 = ORIENTED_EDGE ( 'NONE', *, *, #5319, .T. ) ;
#4715 = DIRECTION ( 'NONE',  ( 3.452604976458695348E-15, 1.000000000000000000, 0.0000000000000000000 ) ) ;
#4716 = ORIENTED_EDGE ( 'NONE', *, *, #4, .T. ) ;
#4717 = ADVANCED_FACE ( 'NONE', ( #1073 ), #3911, .F. ) ;
#4718 = DIRECTION ( 'NONE',  ( 3.887636238444034343E-17, -1.000000000000000000, 9.912705577010340341E-16 ) ) ;
#4719 = ORIENTED_EDGE ( 'NONE', *, *, #2722, .T. ) ;
#4720 = ORIENTED_EDGE ( 'NONE', *, *, #1138, .T. ) ;
#4721 = ORIENTED_EDGE ( 'NONE', *, *, #3399, .T. ) ;
#4722 = CARTESIAN_POINT ( 'NONE',  ( 5.050300081418200193, -8.506737538911771423, 1.000000000000000000 ) ) ;
#4723 = VECTOR ( 'NONE', #3209, 1000.000000000000114 ) ;
#4724 = VECTOR ( 'NONE', #5261, 1000.000000000000000 ) ;
#4725 = ORIENTED_EDGE ( 'NONE', *, *, #647, .T. ) ;
#4726 = FACE_OUTER_BOUND ( 'NONE', #1319, .T. ) ;
#4727 = CARTESIAN_POINT ( 'NONE',  ( 5.332207867653980138, -8.609343581909470799, 1.000000000000000000 ) ) ;
#4728 = AXIS2_PLACEMENT_3D ( 'NONE', #4085, #6005, #1346 ) ;
#4729 = LINE ( 'NONE', #1496, #590 ) ;
#4730 = LINE ( 'NONE', #1955, #133 ) ;
#4731 = AXIS2_PLACEMENT_3D ( 'NONE', #1182, #271, #3718 ) ;
#4732 = AXIS2_PLACEMENT_3D ( 'NONE', #4896, #2477, #3899 ) ;
#4733 = VERTEX_POINT ( 'NONE', #5736 ) ;
#4734 = CARTESIAN_POINT ( 'NONE',  ( -4.250000000000000000, 0.0000000000000000000, -5.500000000000000000 ) ) ;
#4735 = VECTOR ( 'NONE', #1419, 1000.000000000000000 ) ;
#4736 = LINE ( 'NONE', #528, #5891 ) ;
#4737 = EDGE_CURVE ( 'NONE', #2386, #259, #5671, .T. ) ;
#4738 = ORIENTED_EDGE ( 'NONE', *, *, #4175, .T. ) ;
#4739 = VECTOR ( 'NONE', #3356, 1000.000000000000000 ) ;
#4740 = LINE ( 'NONE', #1936, #3662 ) ;
#4741 = CARTESIAN_POINT ( 'NONE',  ( -4.400000000000000355, -0.5999999999999999778, 5.500000000000000000 ) ) ;
#4742 = FACE_OUTER_BOUND ( 'NONE', #635, .T. ) ;
#4743 = LINE ( 'NONE', #536, #4641 ) ;
#4744 = ADVANCED_FACE ( 'NONE', ( #1562 ), #3362, .F. ) ;
#4745 = ADVANCED_FACE ( 'NONE', ( #5703 ), #4345, .T. ) ;
#4746 = DIRECTION ( 'NONE',  ( 0.0000000000000000000, 0.0000000000000000000, 1.000000000000000000 ) ) ;
#4747 = ORIENTED_EDGE ( 'NONE', *, *, #1694, .T. ) ;
#4748 = CARTESIAN_POINT ( 'NONE',  ( 5.000000000000000000, -7.271681469282040844, -6.500000000000001776 ) ) ;
#4749 = EDGE_LOOP ( 'NONE', ( #5245, #2503, #4366, #5661 ) ) ;
#4750 = VECTOR ( 'NONE', #4544, 1000.000000000000000 ) ;
#4751 = DIRECTION ( 'NONE',  ( 0.0000000000000000000, 0.0000000000000000000, -1.000000000000000000 ) ) ;
#4752 = ORIENTED_EDGE ( 'NONE', *, *, #4675, .T. ) ;
#4753 = AXIS2_PLACEMENT_3D ( 'NONE', #1164, #2148, #2521 ) ;
#4754 = EDGE_CURVE ( 'NONE', #3057, #3574, #1448, .T. ) ;
#4755 = DIRECTION ( 'NONE',  ( 0.8660254037844380415, -0.5000000000000012212, 0.0000000000000000000 ) ) ;
#4756 = ORIENTED_EDGE ( 'NONE', *, *, #377, .F. ) ;
#4757 = ORIENTED_EDGE ( 'NONE', *, *, #231, .T. ) ;
#4758 = ORIENTED_EDGE ( 'NONE', *, *, #4737, .F. ) ;
#4759 = CARTESIAN_POINT ( 'NONE',  ( 4.400000000000000355, -5.000000000000000000, -5.000000000000000000 ) ) ;
#4760 = CARTESIAN_POINT ( 'NONE',  ( 4.250000000000000000, 5.000000000000000000, 0.0000000000000000000 ) ) ;
#4761 = PLANE ( 'NONE',  #2844 ) ;
#4762 = CARTESIAN_POINT ( 'NONE',  ( 0.0000000000000000000, -0.2999999999999999889, 0.0000000000000000000 ) ) ;
#4763 = CARTESIAN_POINT ( 'NONE',  ( -0.4000000000000000222, -6.871681469282040489, -6.500000000000000000 ) ) ;
#4764 = DIRECTION ( 'NONE',  ( 2.203438688951874737E-17, -1.000000000000000000, 9.912705577010340341E-16 ) ) ;
#4765 = ORIENTED_EDGE ( 'NONE', *, *, #1355, .T. ) ;
#4766 = CARTESIAN_POINT ( 'NONE',  ( -0.7500000000000000000, -2.521681469282039956, -6.700000000000000178 ) ) ;
#4767 = LINE ( 'NONE', #2489, #2055 ) ;
#4768 = EDGE_CURVE ( 'NONE', #4657, #169, #105, .T. ) ;
#4769 = VECTOR ( 'NONE', #4594, 1000.000000000000000 ) ;
#4770 = DIRECTION ( 'NONE',  ( -1.000000000000000000, 0.0000000000000000000, 9.912705577010322591E-16 ) ) ;
#4771 = CARTESIAN_POINT ( 'NONE',  ( 3.250000000000000000, -0.2000000000000000111, -4.349999999999999645 ) ) ;
#4772 = ADVANCED_BREP_SHAPE_REPRESENTATION ( '', ( #2901, #2248 ), #4898 ) ;
#4773 = EDGE_LOOP ( 'NONE', ( #2934, #5885, #2744, #2105 ) ) ;
#4774 = CARTESIAN_POINT ( 'NONE',  ( 0.0000000000000000000, 0.8000000000000000444, 0.0000000000000000000 ) ) ;
#4775 = ORIENTED_EDGE ( 'NONE', *, *, #5959, .F. ) ;
#4776 = VECTOR ( 'NONE', #2917, 1000.000000000000000 ) ;
#4777 = CARTESIAN_POINT ( 'NONE',  ( 0.4000000000000000222, -2.871681469282044930, -6.500000000000000000 ) ) ;
#4778 = EDGE_LOOP ( 'NONE', ( #873, #2094, #1150, #257 ) ) ;
#4779 = AXIS2_PLACEMENT_3D ( 'NONE', #1943, #3866, #4377 ) ;
#4780 = VERTEX_POINT ( 'NONE', #625 ) ;
#4781 = ORIENTED_EDGE ( 'NONE', *, *, #2597, .F. ) ;
#4782 = ADVANCED_FACE ( 'NONE', ( #1476 ), #5325, .T. ) ;
#4783 = EDGE_CURVE ( 'NONE', #4632, #1075, #1047, .T. ) ;
#4784 = AXIS2_PLACEMENT_3D ( 'NONE', #3181, #2710, #378 ) ;
#4785 = ORIENTED_EDGE ( 'NONE', *, *, #2022, .F. ) ;
#4786 = CARTESIAN_POINT ( 'NONE',  ( 5.000000000000000000, -6.299999999999999822, 2.958228394578795321E-30 ) ) ;
#4787 = DIRECTION ( 'NONE',  ( 0.0000000000000000000, 0.0000000000000000000, 1.000000000000000000 ) ) ;
#4788 = DIRECTION ( 'NONE',  ( -0.3420201433256661039, 0.9396926207859093161, 0.0000000000000000000 ) ) ;
#4789 = DIRECTION ( 'NONE',  ( 0.0000000000000000000, 1.000000000000000000, 0.0000000000000000000 ) ) ;
#4790 = ADVANCED_FACE ( 'NONE', ( #5232 ), #2926, .T. ) ;
#4791 = LINE ( 'NONE', #554, #3210 ) ;
#4792 = EDGE_LOOP ( 'NONE', ( #5524, #1221, #2211, #1228 ) ) ;
#4793 = DIRECTION ( 'NONE',  ( 1.000000000000000000, 0.0000000000000000000, 0.0000000000000000000 ) ) ;
#4794 = FACE_OUTER_BOUND ( 'NONE', #912, .T. ) ;
#4795 = ORIENTED_EDGE ( 'NONE', *, *, #2255, .T. ) ;
#4796 = CARTESIAN_POINT ( 'NONE',  ( -5.000000000000000000, -5.000000000000000000, 2.958228394578795321E-30 ) ) ;
#4797 = DIRECTION ( 'NONE',  ( 0.0000000000000000000, 1.000000000000000000, 0.0000000000000000000 ) ) ;
#4798 = CARTESIAN_POINT ( 'NONE',  ( -4.700000000000000178, -6.799999999999999822, 2.750000000000000000 ) ) ;
#4799 = DIRECTION ( 'NONE',  ( 0.0000000000000000000, 0.0000000000000000000, -1.000000000000000000 ) ) ;
#4800 = AXIS2_PLACEMENT_3D ( 'NONE', #1413, #1903, #3879 ) ;
#4801 = ORIENTED_EDGE ( 'NONE', *, *, #1240, .T. ) ;
#4802 = LINE ( 'NONE', #3074, #5595 ) ;
#4803 = ORIENTED_EDGE ( 'NONE', *, *, #5495, .T. ) ;
#4804 = VECTOR ( 'NONE', #6002, 1000.000000000000000 ) ;
#4805 = LINE ( 'NONE', #3454, #467 ) ;
#4806 = VECTOR ( 'NONE', #3261, 1000.000000000000000 ) ;
#4807 = EDGE_LOOP ( 'NONE', ( #1935, #2090, #5917, #5955 ) ) ;
#4808 = ORIENTED_EDGE ( 'NONE', *, *, #472, .F. ) ;
#4809 = ADVANCED_FACE ( 'NONE', ( #4311 ), #2493, .T. ) ;
#4810 = ORIENTED_EDGE ( 'NONE', *, *, #1768, .F. ) ;
#4811 = ORIENTED_EDGE ( 'NONE', *, *, #3538, .T. ) ;
#4812 = FACE_OUTER_BOUND ( 'NONE', #4568, .T. ) ;
#4813 = CARTESIAN_POINT ( 'NONE',  ( -4.700000000000000178, -5.000000000000000000, 0.0000000000000000000 ) ) ;
#4814 = ADVANCED_FACE ( 'NONE', ( #2368, #44 ), #563, .T. ) ;
#4815 = DIRECTION ( 'NONE',  ( 0.0000000000000000000, 1.000000000000000000, 0.0000000000000000000 ) ) ;
#4816 = CARTESIAN_POINT ( 'NONE',  ( 3.106858347057725123, 5.050300081418249931, 4.125000000000000000 ) ) ;
#4817 = AXIS2_PLACEMENT_3D ( 'NONE', #1907, #4343, #2955 ) ;
#4818 = VERTEX_POINT ( 'NONE', #3421 ) ;
#4819 = VECTOR ( 'NONE', #5375, 1000.000000000000000 ) ;
#4820 = PLANE ( 'NONE',  #4432 ) ;
#4821 = CARTESIAN_POINT ( 'NONE',  ( 0.7500000000000000000, -0.2000000000000000111, -4.349999999999999645 ) ) ;
#4822 = EDGE_CURVE ( 'NONE', #4068, #5352, #2863, .T. ) ;
#4823 = CIRCLE ( 'NONE', #1179, 0.2999999999999999334 ) ;
#4824 = ORIENTED_EDGE ( 'NONE', *, *, #1768, .T. ) ;
#4825 = DIRECTION ( 'NONE',  ( 0.0000000000000000000, 0.0000000000000000000, 1.000000000000000000 ) ) ;
#4826 = AXIS2_PLACEMENT_3D ( 'NONE', #4475, #1612, #1237 ) ;
#4827 = DIRECTION ( 'NONE',  ( -1.000000000000000000, 0.0000000000000000000, 0.0000000000000000000 ) ) ;
#4828 = AXIS2_PLACEMENT_3D ( 'NONE', #5457, #2655, #848 ) ;
#4829 = DIRECTION ( 'NONE',  ( 0.0000000000000000000, -3.491481338843135327E-15, 1.000000000000000000 ) ) ;
#4830 = CARTESIAN_POINT ( 'NONE',  ( 5.000000000000000000, -0.2999999999999999889, 5.500000000000000000 ) ) ;
#4831 = ORIENTED_EDGE ( 'NONE', *, *, #3357, .T. ) ;
#4832 = ORIENTED_EDGE ( 'NONE', *, *, #4985, .F. ) ;
#4833 = DIRECTION ( 'NONE',  ( 0.0000000000000000000, 0.0000000000000000000, 1.000000000000000000 ) ) ;
#4834 = CIRCLE ( 'NONE', #2673, 0.5999999999999998668 ) ;
#4835 = CARTESIAN_POINT ( 'NONE',  ( -3.106858347057719794, -5.599999999999999645, 4.125000000000000000 ) ) ;
#4836 = ORIENTED_EDGE ( 'NONE', *, *, #2140, .T. ) ;
#4837 = EDGE_LOOP ( 'NONE', ( #4265, #4597, #4523, #1887 ) ) ;
#4838 = VERTEX_POINT ( 'NONE', #2459 ) ;
#4839 = SHAPE_DEFINITION_REPRESENTATION ( #3931, #5945 ) ;
#4840 = EDGE_CURVE ( 'NONE', #3023, #3574, #4743, .T. ) ;
#4841 = AXIS2_PLACEMENT_3D ( 'NONE', #2960, #2026, #969 ) ;
#4842 = ORIENTED_EDGE ( 'NONE', *, *, #2255, .F. ) ;
#4843 = FACE_OUTER_BOUND ( 'NONE', #2471, .T. ) ;
#4844 = DIRECTION ( 'NONE',  ( 0.0000000000000000000, -1.000000000000000000, 0.0000000000000000000 ) ) ;
#4845 = DIRECTION ( 'NONE',  ( 1.000000000000000000, 0.0000000000000000000, 0.0000000000000000000 ) ) ;
#4846 = EDGE_CURVE ( 'NONE', #3398, #228, #160, .T. ) ;
#4847 = ADVANCED_FACE ( 'NONE', ( #1997 ), #5946, .T. ) ;
#4848 = ORIENTED_EDGE ( 'NONE', *, *, #4294, .F. ) ;
#4849 = DIRECTION ( 'NONE',  ( -1.000000000000000000, 3.433306879537431628E-15, 0.0000000000000000000 ) ) ;
#4850 = FACE_OUTER_BOUND ( 'NONE', #1134, .T. ) ;
#4851 = ORIENTED_EDGE ( 'NONE', *, *, #5428, .T. ) ;
#4852 = LINE ( 'NONE', #2488, #1981 ) ;
#4853 = DIRECTION ( 'NONE',  ( 1.000000000000000000, 0.0000000000000000000, 0.0000000000000000000 ) ) ;
#4854 = EDGE_CURVE ( 'NONE', #83, #4068, #5408, .T. ) ;
#4855 = EDGE_CURVE ( 'NONE', #2778, #5894, #3573, .T. ) ;
#4856 = CARTESIAN_POINT ( 'NONE',  ( 2.500000000000000000, 0.0000000000000000000, 0.0000000000000000000 ) ) ;
#4857 = VERTEX_POINT ( 'NONE', #2516 ) ;
#4858 = VERTEX_POINT ( 'NONE', #650 ) ;
#4859 = CARTESIAN_POINT ( 'NONE',  ( 8.351217930165400816, -0.3146816060529594727, 1.000000000000000000 ) ) ;
#4860 = DIRECTION ( 'NONE',  ( 1.000000000000000000, -8.131516293641278325E-17, -2.839103739574740393E-31 ) ) ;
#4861 = ORIENTED_EDGE ( 'NONE', *, *, #2399, .F. ) ;
#4862 = ORIENTED_EDGE ( 'NONE', *, *, #1945, .T. ) ;
#4863 = AXIS2_PLACEMENT_3D ( 'NONE', #2874, #4755, #2469 ) ;
#4864 = ORIENTED_EDGE ( 'NONE', *, *, #3727, .F. ) ;
#4865 = PRODUCT_CONTEXT ( 'NONE', #1371, 'mechanical' ) ;
#4866 = VERTEX_POINT ( 'NONE', #2084 ) ;
#4867 = DIRECTION ( 'NONE',  ( -1.000000000000000000, -3.957894949482604723E-17, 9.912705577010369923E-16 ) ) ;
#4868 = LINE ( 'NONE', #3925, #5921 ) ;
#4869 = LINE ( 'NONE', #4931, #17 ) ;
#4870 = CARTESIAN_POINT ( 'NONE',  ( 4.549999999999999822, 0.2999999999999999889, -5.500000000000000000 ) ) ;
#4871 = VECTOR ( 'NONE', #4829, 1000.000000000000000 ) ;
#4872 = DIRECTION ( 'NONE',  ( 1.719580307488605342E-30, 0.0000000000000000000, -1.000000000000000000 ) ) ;
#4873 = ORIENTED_EDGE ( 'NONE', *, *, #5952, .F. ) ;
#4874 = DIRECTION ( 'NONE',  ( 0.0000000000000000000, -1.000000000000000000, -3.491481338843135327E-15 ) ) ;
#4875 = DIRECTION ( 'NONE',  ( -0.0000000000000000000, 1.000000000000000000, 0.0000000000000000000 ) ) ;
#4876 = ORIENTED_EDGE ( 'NONE', *, *, #1959, .F. ) ;
#4877 = EDGE_CURVE ( 'NONE', #3769, #172, #4942, .T. ) ;
#4878 = DIRECTION ( 'NONE',  ( 0.0000000000000000000, 1.000000000000000000, 0.0000000000000000000 ) ) ;
#4879 = CARTESIAN_POINT ( 'NONE',  ( -5.000000000000000000, 1.858464793533489822E-14, 2.750000000000000000 ) ) ;
#4880 = CARTESIAN_POINT ( 'NONE',  ( -3.085872574535459822, -0.2999999999999999889, -4.247339220468495213 ) ) ;
#4881 = DIRECTION ( 'NONE',  ( 0.0000000000000000000, -1.000000000000000000, 0.0000000000000000000 ) ) ;
#4882 = ORIENTED_EDGE ( 'NONE', *, *, #579, .T. ) ;
#4883 = ADVANCED_FACE ( 'NONE', ( #4059 ), #3972, .T. ) ;
#4884 = EDGE_CURVE ( 'NONE', #2250, #1664, #4396, .T. ) ;
#4885 = VERTEX_POINT ( 'NONE', #4461 ) ;
#4886 = DIRECTION ( 'NONE',  ( 1.000000000000000000, 3.957894949482580071E-17, -1.208110992198138076E-15 ) ) ;
#4887 = ORIENTED_EDGE ( 'NONE', *, *, #3198, .F. ) ;
#4888 = ORIENTED_EDGE ( 'NONE', *, *, #4116, .T. ) ;
#4889 = EDGE_CURVE ( 'NONE', #5398, #5334, #5884, .T. ) ;
#4890 = ORIENTED_EDGE ( 'NONE', *, *, #1959, .T. ) ;
#4891 = SHAPE_DEFINITION_REPRESENTATION ( #5220, #1725 ) ;
#4892 = AXIS2_PLACEMENT_3D ( 'NONE', #3259, #3625, #5027 ) ;
#4893 = CARTESIAN_POINT ( 'NONE',  ( 5.000000000000000000, -6.299999999999999822, 1.750000000000000000 ) ) ;
#4894 = VERTEX_POINT ( 'NONE', #3511 ) ;
#4895 = LINE ( 'NONE', #2561, #3553 ) ;
#4896 = CARTESIAN_POINT ( 'NONE',  ( 2.500000000000000000, -6.871681469282040489, -6.700000000000000178 ) ) ;
#4897 = DIRECTION ( 'NONE',  ( 1.000000000000000000, 0.0000000000000000000, 0.0000000000000000000 ) ) ;
#4898 =( GEOMETRIC_REPRESENTATION_CONTEXT ( 3 ) GLOBAL_UNCERTAINTY_ASSIGNED_CONTEXT ( ( #4946 ) ) GLOBAL_UNIT_ASSIGNED_CONTEXT ( ( #3875, #4327, #5750 ) ) REPRESENTATION_CONTEXT ( 'NONE', 'WORKASPACE' ) );
#4899 = DIRECTION ( 'NONE',  ( 0.0000000000000000000, 0.0000000000000000000, 1.000000000000000000 ) ) ;
#4900 = LINE ( 'NONE', #699, #2288 ) ;
#4901 = ORIENTED_EDGE ( 'NONE', *, *, #2549, .T. ) ;
#4902 = CARTESIAN_POINT ( 'NONE',  ( 8.633125716401179872, -0.4172876490506600144, 1.000000000000000000 ) ) ;
#4903 = FACE_OUTER_BOUND ( 'NONE', #1193, .T. ) ;
#4904 = EDGE_CURVE ( 'NONE', #4468, #3574, #1628, .T. ) ;
#4905 = ORIENTED_EDGE ( 'NONE', *, *, #1651, .F. ) ;
#4906 = CARTESIAN_POINT ( 'NONE',  ( -1.352767412084380005, -0.9024230929798999767, 0.0000000000000000000 ) ) ;
#4907 = CARTESIAN_POINT ( 'NONE',  ( -3.249615361854385043, 29.50000000000000000, -1.000000000000000000 ) ) ;
#4908 = AXIS2_PLACEMENT_3D ( 'NONE', #2637, #5912, #4972 ) ;
#4909 = LINE ( 'NONE', #767, #5405 ) ;
#4910 = AXIS2_PLACEMENT_3D ( 'NONE', #2986, #3970, #3103 ) ;
#4911 = CARTESIAN_POINT ( 'NONE',  ( -4.250000000000000000, 0.2999999999999999889, 6.000000000000000000 ) ) ;
#4912 = CARTESIAN_POINT ( 'NONE',  ( 4.250000000000000000, 0.0000000000000000000, 6.000000000000000000 ) ) ;
#4913 = ORIENTED_EDGE ( 'NONE', *, *, #5184, .T. ) ;
#4914 = VECTOR ( 'NONE', #891, 1000.000000000000000 ) ;
#4915 = ORIENTED_EDGE ( 'NONE', *, *, #4492, .F. ) ;
#4916 = CARTESIAN_POINT ( 'NONE',  ( 4.400000000000000355, -5.000000000000000000, -3.250000000000000000 ) ) ;
#4917 = VECTOR ( 'NONE', #5803, 1000.000000000000000 ) ;
#4918 = EDGE_CURVE ( 'NONE', #24, #3919, #251, .T. ) ;
#4919 = DIRECTION ( 'NONE',  ( 0.0000000000000000000, -1.000000000000000000, 0.0000000000000000000 ) ) ;
#4920 = EDGE_CURVE ( 'NONE', #1630, #1790, #5913, .T. ) ;
#4921 = EDGE_LOOP ( 'NONE', ( #3426, #2245, #2065, #1564, #5890 ) ) ;
#4922 = LINE ( 'NONE', #4006, #1922 ) ;
#4923 = VERTEX_POINT ( 'NONE', #1685 ) ;
#4924 = EDGE_LOOP ( 'NONE', ( #2650, #4292, #4398, #626 ) ) ;
#4925 = VECTOR ( 'NONE', #2363, 1000.000000000000000 ) ;
#4926 =( NAMED_UNIT ( * ) SI_UNIT ( $, .STERADIAN. ) SOLID_ANGLE_UNIT ( ) );
#4927 = ADVANCED_FACE ( 'NONE', ( #5442 ), #1220, .T. ) ;
#4928 = ORIENTED_EDGE ( 'NONE', *, *, #2481, .F. ) ;
#4929 = DIRECTION ( 'NONE',  ( 1.000000000000000000, 0.0000000000000000000, 0.0000000000000000000 ) ) ;
#4930 = DIRECTION ( 'NONE',  ( 3.451902389348305348E-15, 1.000000000000000000, 0.0000000000000000000 ) ) ;
#4931 = CARTESIAN_POINT ( 'NONE',  ( -4.700000000000000178, -5.000000000000000000, -8.673617379884008651E-15 ) ) ;
#4932 = DIRECTION ( 'NONE',  ( -0.7071067811865441310, 0.7071067811865510144, 0.0000000000000000000 ) ) ;
#4933 = AXIS2_PLACEMENT_3D ( 'NONE', #3930, #5808, #1585 ) ;
#4934 = EDGE_CURVE ( 'NONE', #1340, #4468, #3941, .T. ) ;
#4935 = ORIENTED_EDGE ( 'NONE', *, *, #5615, .F. ) ;
#4936 = DIRECTION ( 'NONE',  ( -1.663698584982570107E-30, -4.818676322157800333E-16, -1.000000000000000000 ) ) ;
#4937 = CARTESIAN_POINT ( 'NONE',  ( 3.250000000000000000, -2.521681469282039956, -6.500000000000000000 ) ) ;
#4938 = DIRECTION ( 'NONE',  ( 0.8660254037844380415, -0.5000000000000012212, 0.0000000000000000000 ) ) ;
#4939 = CARTESIAN_POINT ( 'NONE',  ( -4.700000000000000178, -0.2999999999999999889, 5.500000000000000000 ) ) ;
#4940 = CARTESIAN_POINT ( 'NONE',  ( 5.000000000000000000, 1.725951194674155159E-14, -1.750000000000000000 ) ) ;
#4941 = CARTESIAN_POINT ( 'NONE',  ( -5.000000000000000000, -0.5999999999999999778, 5.500000000000000000 ) ) ;
#4942 = LINE ( 'NONE', #5378, #419 ) ;
#4943 = EDGE_LOOP ( 'NONE', ( #2433, #1662, #252, #663 ) ) ;
#4944 = ORIENTED_EDGE ( 'NONE', *, *, #758, .F. ) ;
#4945 = CARTESIAN_POINT ( 'NONE',  ( 5.000000000000000000, -0.2000000000000000111, 0.0000000000000000000 ) ) ;
#4946 = UNCERTAINTY_MEASURE_WITH_UNIT (LENGTH_MEASURE( 1.000000000000000082E-05 ), #3875, 'distance_accuracy_value', 'NONE');
#4947 = CARTESIAN_POINT ( 'NONE',  ( 3.085872574535459822, 6.500000000000000000, 3.497339220468490328 ) ) ;
#4948 = ORIENTED_EDGE ( 'NONE', *, *, #1927, .T. ) ;
#4949 = PLANE ( 'NONE',  #1224 ) ;
#4950 = EDGE_LOOP ( 'NONE', ( #1569, #4407, #1363, #1452 ) ) ;
#4951 = EDGE_LOOP ( 'NONE', ( #4848, #1635, #109, #3680 ) ) ;
#4952 = EDGE_CURVE ( 'NONE', #2957, #4236, #5472, .T. ) ;
#4953 = ORIENTED_EDGE ( 'NONE', *, *, #5770, .T. ) ;
#4954 = VECTOR ( 'NONE', #371, 1000.000000000000000 ) ;
#4955 = CARTESIAN_POINT ( 'NONE',  ( 0.0000000000000000000, -0.2999999999999999889, 3.399999999999999911 ) ) ;
#4956 = DIRECTION ( 'NONE',  ( 0.0000000000000000000, -1.000000000000000000, 0.0000000000000000000 ) ) ;
#4957 = DIRECTION ( 'NONE',  ( 0.0000000000000000000, 0.0000000000000000000, 1.000000000000000000 ) ) ;
#4958 = EDGE_CURVE ( 'NONE', #5355, #4346, #1598, .T. ) ;
#4959 = EDGE_CURVE ( 'NONE', #4210, #514, #4428, .T. ) ;
#4960 = CARTESIAN_POINT ( 'NONE',  ( -0.7500000000000000000, -2.521681469282039956, -6.700000000000000178 ) ) ;
#4961 = PRESENTATION_LAYER_ASSIGNMENT (  '', '', ( #1928 ) ) ;
#4962 = VERTEX_POINT ( 'NONE', #1318 ) ;
#4963 = MANIFOLD_SOLID_BREP ( 'NONE', #2678 ) ;
#4964 = DIRECTION ( 'NONE',  ( -3.439160614977209983E-30, 9.912705577010330480E-16, 1.000000000000000000 ) ) ;
#4965 = CARTESIAN_POINT ( 'NONE',  ( -5.650300081418239806, -1.951176711514149804E-14, -1.750000000000000000 ) ) ;
#4966 = VECTOR ( 'NONE', #110, 1000.000000000000000 ) ;
#4967 = DIRECTION ( 'NONE',  ( 1.000000000000000000, 0.0000000000000000000, 0.0000000000000000000 ) ) ;
#4968 = EDGE_CURVE ( 'NONE', #3932, #86, #1285, .T. ) ;
#4969 = FACE_OUTER_BOUND ( 'NONE', #374, .T. ) ;
#4970 = FACE_OUTER_BOUND ( 'NONE', #2396, .T. ) ;
#4971 = DIRECTION ( 'NONE',  ( 0.0000000000000000000, -1.000000000000000000, 0.0000000000000000000 ) ) ;
#4972 = DIRECTION ( 'NONE',  ( 0.0000000000000000000, 1.000000000000000000, 7.228014483236697541E-16 ) ) ;
#4973 = CARTESIAN_POINT ( 'NONE',  ( 0.0000000000000000000, 30.00000000000000000, 0.0000000000000000000 ) ) ;
#4974 = VERTEX_POINT ( 'NONE', #4088 ) ;
#4975 = VERTEX_POINT ( 'NONE', #800 ) ;
#4976 = DIRECTION ( 'NONE',  ( 0.3420201433256661039, 0.9396926207859093161, -2.478176394252570787E-16 ) ) ;
#4977 = LINE ( 'NONE', #1634, #6073 ) ;
#4978 = ORIENTED_EDGE ( 'NONE', *, *, #4968, .T. ) ;
#4979 = FACE_OUTER_BOUND ( 'NONE', #980, .T. ) ;
#4980 = ORIENTED_EDGE ( 'NONE', *, *, #5235, .T. ) ;
#4981 = VERTEX_POINT ( 'NONE', #1779 ) ;
#4982 = COLOUR_RGB ( '',0.2509803921568627416, 0.2509803921568627416, 0.2509803921568627416 ) ;
#4983 = CARTESIAN_POINT ( 'NONE',  ( -5.000000000000000000, -0.5999999999999999778, 5.500000000000000000 ) ) ;
#4984 = EDGE_LOOP ( 'NONE', ( #4418, #4605, #1406, #4775 ) ) ;
#4985 = EDGE_CURVE ( 'NONE', #4158, #4632, #3726, .T. ) ;
#4986 = LINE ( 'NONE', #5018, #1882 ) ;
#4987 = CARTESIAN_POINT ( 'NONE',  ( -0.7500000000000000000, -0.2000000000000000111, -4.349999999999999645 ) ) ;
#4988 = DIRECTION ( 'NONE',  ( 0.0000000000000000000, 1.000000000000000000, 0.0000000000000000000 ) ) ;
#4989 = AXIS2_PLACEMENT_3D ( 'NONE', #5283, #4304, #2395 ) ;
#4990 = CARTESIAN_POINT ( 'NONE',  ( 3.085872574535459822, -0.2999999999999999889, 3.497339220468490328 ) ) ;
#4991 = ORIENTED_EDGE ( 'NONE', *, *, #534, .F. ) ;
#4992 = EDGE_CURVE ( 'NONE', #2435, #1688, #3667, .T. ) ;
#4993 = CARTESIAN_POINT ( 'NONE',  ( -2.231858347057719794, 4.400000000000054534, 4.124999999999999112 ) ) ;
#4994 = CIRCLE ( 'NONE', #2146, 0.7499999999999997780 ) ;
#4995 = ADVANCED_FACE ( 'NONE', ( #4157 ), #3267, .F. ) ;
#4996 = LINE ( 'NONE', #6066, #4804 ) ;
#4997 = PLANE ( 'NONE',  #685 ) ;
#4998 = CARTESIAN_POINT ( 'NONE',  ( -5.050300081418200193, -8.506737538911771423, 2.109091035788495105 ) ) ;
#4999 = CARTESIAN_POINT ( 'NONE',  ( 5.000000000000000000, -6.299999999999999822, -1.750000000000000000 ) ) ;
#5000 = DIRECTION ( 'NONE',  ( 0.0000000000000000000, 0.0000000000000000000, -1.000000000000000000 ) ) ;
#5001 = DIRECTION ( 'NONE',  ( 0.0000000000000000000, -1.000000000000000000, 0.0000000000000000000 ) ) ;
#5002 = EDGE_CURVE ( 'NONE', #3592, #3367, #5381, .T. ) ;
#5003 = ORIENTED_EDGE ( 'NONE', *, *, #4442, .F. ) ;
#5004 = DIRECTION ( 'NONE',  ( -1.000000000000000000, 3.452604976458695348E-15, 0.0000000000000000000 ) ) ;
#5005 = AXIS2_PLACEMENT_3D ( 'NONE', #3670, #5006, #1353 ) ;
#5006 = DIRECTION ( 'NONE',  ( 0.0000000000000000000, 1.000000000000000000, 0.0000000000000000000 ) ) ;
#5007 = CIRCLE ( 'NONE', #2058, 0.5999999999999998668 ) ;
#5008 = CARTESIAN_POINT ( 'NONE',  ( -4.183238049570950245, -12.61438052525045883, 1.000000000000000000 ) ) ;
#5009 = EDGE_CURVE ( 'NONE', #750, #3932, #4588, .T. ) ;
#5010 = ORIENTED_EDGE ( 'NONE', *, *, #240, .T. ) ;
#5011 = DIRECTION ( 'NONE',  ( 0.0000000000000000000, 1.000000000000000000, 0.0000000000000000000 ) ) ;
#5012 = ORIENTED_EDGE ( 'NONE', *, *, #534, .T. ) ;
#5013 = AXIS2_PLACEMENT_3D ( 'NONE', #1499, #950, #5782 ) ;
#5014 = EDGE_LOOP ( 'NONE', ( #6030, #6032, #4539, #81, #1180, #4373 ) ) ;
#5015 = VECTOR ( 'NONE', #5992, 1000.000000000000114 ) ;
#5016 = FACE_BOUND ( 'NONE', #3705, .T. ) ;
#5017 = ORIENTED_EDGE ( 'NONE', *, *, #2209, .F. ) ;
#5018 = CARTESIAN_POINT ( 'NONE',  ( -4.780384757729359890, -7.439230484541309529, 0.0000000000000000000 ) ) ;
#5019 = CARTESIAN_POINT ( 'NONE',  ( 1.352767412084380005, -0.9024230929798999767, 1.000000000000000000 ) ) ;
#5020 = VERTEX_POINT ( 'NONE', #3634 ) ;
#5021 = VECTOR ( 'NONE', #772, 1000.000000000000000 ) ;
#5022 = ORIENTED_EDGE ( 'NONE', *, *, #3952, .T. ) ;
#5023 =( NAMED_UNIT ( * ) PLANE_ANGLE_UNIT ( ) SI_UNIT ( $, .RADIAN. ) );
#5024 = CARTESIAN_POINT ( 'NONE',  ( 5.400000000000000355, -2.871681469282044930, -6.500000000000000000 ) ) ;
#5025 = ORIENTED_EDGE ( 'NONE', *, *, #1686, .T. ) ;
#5026 = DIRECTION ( 'NONE',  ( 0.0000000000000000000, -1.000000000000000000, 0.0000000000000000000 ) ) ;
#5027 = DIRECTION ( 'NONE',  ( 0.3420201433256665480, -0.9396926207859092051, 0.0000000000000000000 ) ) ;
#5028 = AXIS2_PLACEMENT_3D ( 'NONE', #1438, #948, #4272 ) ;
#5029 = CARTESIAN_POINT ( 'NONE',  ( 10.10685834705772024, -5.299999999999999822, 4.658971621194859763E-15 ) ) ;
#5030 = DIRECTION ( 'NONE',  ( 0.0000000000000000000, 0.0000000000000000000, -1.000000000000000000 ) ) ;
#5031 = ADVANCED_FACE ( 'NONE', ( #864 ), #5600, .F. ) ;
#5032 = DIRECTION ( 'NONE',  ( 0.0000000000000000000, 0.0000000000000000000, -1.000000000000000000 ) ) ;
#5033 = LINE ( 'NONE', #1280, #1329 ) ;
#5034 = CIRCLE ( 'NONE', #2087, 0.2999999999999999334 ) ;
#5035 = FACE_OUTER_BOUND ( 'NONE', #5141, .T. ) ;
#5036 = SURFACE_STYLE_FILL_AREA ( #468 ) ;
#5037 = EDGE_LOOP ( 'NONE', ( #1733, #605, #4363, #2379 ) ) ;
#5038 = CARTESIAN_POINT ( 'NONE',  ( -3.085872574535459822, 6.500000000000000000, -3.497339220468490328 ) ) ;
#5039 = EDGE_CURVE ( 'NONE', #3307, #1170, #3175, .T. ) ;
#5040 = DIRECTION ( 'NONE',  ( 0.0000000000000000000, 0.0000000000000000000, -1.000000000000000000 ) ) ;
#5041 = EDGE_CURVE ( 'NONE', #4346, #111, #4616, .T. ) ;
#5042 = LINE ( 'NONE', #5008, #1441 ) ;
#5043 = CYLINDRICAL_SURFACE ( 'NONE', #2805, 0.4000000000000001887 ) ;
#5044 = ORIENTED_EDGE ( 'NONE', *, *, #1436, .F. ) ;
#5045 = LINE ( 'NONE', #842, #2942 ) ;
#5046 = ORIENTED_EDGE ( 'NONE', *, *, #4854, .F. ) ;
#5047 = EDGE_CURVE ( 'NONE', #4975, #4236, #970, .T. ) ;
#5048 = CARTESIAN_POINT ( 'NONE',  ( -10.10685834705772024, -5.299999999999999822, -3.250000000000000000 ) ) ;
#5049 = ORIENTED_EDGE ( 'NONE', *, *, #5267, .F. ) ;
#5050 = FACE_OUTER_BOUND ( 'NONE', #1414, .T. ) ;
#5051 = DIRECTION ( 'NONE',  ( -1.137714153567779879E-16, -1.445602896647340100E-15, -1.000000000000000000 ) ) ;
#5052 = ORIENTED_EDGE ( 'NONE', *, *, #454, .T. ) ;
#5053 = EDGE_LOOP ( 'NONE', ( #1058, #907, #5643, #5676 ) ) ;
#5054 = CARTESIAN_POINT ( 'NONE',  ( 4.599999999999999645, -2.871681469282044930, -6.700000000000000178 ) ) ;
#5055 = VECTOR ( 'NONE', #4056, 1000.000000000000000 ) ;
#5056 = VERTEX_POINT ( 'NONE', #5097 ) ;
#5057 = DIRECTION ( 'NONE',  ( 0.0000000000000000000, 0.0000000000000000000, 1.000000000000000000 ) ) ;
#5058 = CARTESIAN_POINT ( 'NONE',  ( 10.10685834705772024, -5.299999999999999822, 5.000000000000000000 ) ) ;
#5059 = VECTOR ( 'NONE', #1316, 1000.000000000000000 ) ;
#5060 = CARTESIAN_POINT ( 'NONE',  ( 0.0000000000000000000, 18.00000000000000000, 0.0000000000000000000 ) ) ;
#5061 = PLANE ( 'NONE',  #6035 ) ;
#5062 = PLANE ( 'NONE',  #1483 ) ;
#5063 = CARTESIAN_POINT ( 'NONE',  ( 2.500000000000000000, -7.271681469282040844, -6.700000000000001954 ) ) ;
#5064 = DIRECTION ( 'NONE',  ( 1.000000000000000000, 3.452604976458695348E-15, 0.0000000000000000000 ) ) ;
#5065 = VECTOR ( 'NONE', #2344, 1000.000000000000000 ) ;
#5066 =( LENGTH_UNIT ( ) NAMED_UNIT ( * ) SI_UNIT ( .MILLI., .METRE. ) );
#5067 = EDGE_CURVE ( 'NONE', #5256, #3906, #894, .T. ) ;
#5068 = ORIENTED_EDGE ( 'NONE', *, *, #5158, .F. ) ;
#5069 = FACE_OUTER_BOUND ( 'NONE', #3442, .T. ) ;
#5070 = DIRECTION ( 'NONE',  ( -1.000000000000000000, 0.0000000000000000000, 0.0000000000000000000 ) ) ;
#5071 = AXIS2_PLACEMENT_3D ( 'NONE', #1660, #1139, #3578 ) ;
#5072 = UNCERTAINTY_MEASURE_WITH_UNIT (LENGTH_MEASURE( 1.000000000000000082E-05 ), #1002, 'distance_accuracy_value', 'NONE');
#5073 = LINE ( 'NONE', #1750, #1233 ) ;
#5074 = ADVANCED_FACE ( 'NONE', ( #6074 ), #494, .T. ) ;
#5075 = EDGE_CURVE ( 'NONE', #4277, #3216, #1469, .T. ) ;
#5076 = DIRECTION ( 'NONE',  ( -0.9396926207859092051, -0.3420201433256665480, 0.0000000000000000000 ) ) ;
#5077 = VERTEX_POINT ( 'NONE', #2359 ) ;
#5078 = CARTESIAN_POINT ( 'NONE',  ( 5.050300081418200193, -8.506737538911771423, 1.000000000000000000 ) ) ;
#5079 = VERTEX_POINT ( 'NONE', #2921 ) ;
#5080 = CARTESIAN_POINT ( 'NONE',  ( 4.700000000000000178, -6.299999999999999822, 1.000000000000000000 ) ) ;
#5081 = ORIENTED_EDGE ( 'NONE', *, *, #2757, .F. ) ;
#5082 = EDGE_CURVE ( 'NONE', #5745, #3816, #152, .T. ) ;
#5083 = ORIENTED_EDGE ( 'NONE', *, *, #2790, .T. ) ;
#5084 = ORIENTED_EDGE ( 'NONE', *, *, #3854, .T. ) ;
#5085 = DIRECTION ( 'NONE',  ( 1.000000000000000000, 0.0000000000000000000, 0.0000000000000000000 ) ) ;
#5086 = DIRECTION ( 'NONE',  ( 0.0000000000000000000, -1.000000000000000000, -4.336808689942015369E-15 ) ) ;
#5087 = ORIENTED_EDGE ( 'NONE', *, *, #2711, .F. ) ;
#5088 = LINE ( 'NONE', #1243, #2961 ) ;
#5089 = CARTESIAN_POINT ( 'NONE',  ( 0.7500000000000000000, -0.5000000000000000000, -7.000000000000000000 ) ) ;
#5090 = VECTOR ( 'NONE', #4703, 1000.000000000000000 ) ;
#5091 = CARTESIAN_POINT ( 'NONE',  ( 10.10685834705772024, 5.050300081418240161, -5.000000000000000000 ) ) ;
#5092 = DIRECTION ( 'NONE',  ( 0.0000000000000000000, -4.336808689942015369E-15, 1.000000000000000000 ) ) ;
#5093 = CARTESIAN_POINT ( 'NONE',  ( 3.085872574535459822, 0.0000000000000000000, 4.997339220468489884 ) ) ;
#5094 = AXIS2_PLACEMENT_3D ( 'NONE', #3739, #5609, #1392 ) ;
#5095 = LINE ( 'NONE', #5565, #648 ) ;
#5096 = CYLINDRICAL_SURFACE ( 'NONE', #5712, 0.5999999999999998668 ) ;
#5097 = CARTESIAN_POINT ( 'NONE',  ( 2.856571371417135019, 30.00000000000000000, -0.4999999999999929501 ) ) ;
#5098 = ORIENTED_EDGE ( 'NONE', *, *, #4406, .F. ) ;
#5099 = ORIENTED_EDGE ( 'NONE', *, *, #3458, .F. ) ;
#5100 = DIRECTION ( 'NONE',  ( -1.000000000000000000, 3.469446951953614978E-15, 1.820169915047825200E-33 ) ) ;
#5101 = ADVANCED_FACE ( 'NONE', ( #2452 ), #1041, .T. ) ;
#5102 = DIRECTION ( 'NONE',  ( -3.887636238444034343E-17, -1.000000000000000000, 9.912705577010330480E-16 ) ) ;
#5103 = DIRECTION ( 'NONE',  ( 0.0000000000000000000, 0.0000000000000000000, -1.000000000000000000 ) ) ;
#5104 = VERTEX_POINT ( 'NONE', #4365 ) ;
#5105 = CARTESIAN_POINT ( 'NONE',  ( 4.700000000000000178, -5.000000000000000000, 3.250000000000000000 ) ) ;
#5106 = EDGE_LOOP ( 'NONE', ( #4862, #5142 ) ) ;
#5107 = VECTOR ( 'NONE', #1474, 1000.000000000000114 ) ;
#5108 = EDGE_CURVE ( 'NONE', #6061, #4663, #2039, .T. ) ;
#5109 = EDGE_CURVE ( 'NONE', #3423, #3297, #2425, .T. ) ;
#5110 = VECTOR ( 'NONE', #4341, 1000.000000000000000 ) ;
#5111 = LINE ( 'NONE', #5048, #1339 ) ;
#5112 = VERTEX_POINT ( 'NONE', #5224 ) ;
#5113 = CARTESIAN_POINT ( 'NONE',  ( 0.4000000000000000222, -2.871681469282044930, -6.500000000000000000 ) ) ;
#5114 = ORIENTED_EDGE ( 'NONE', *, *, #5578, .F. ) ;
#5115 = EDGE_LOOP ( 'NONE', ( #2966, #5488, #2905, #4305 ) ) ;
#5116 = CIRCLE ( 'NONE', #4826, 0.2999999999999999334 ) ;
#5117 = CARTESIAN_POINT ( 'NONE',  ( -5.299999999999999822, -7.139230484541309707, -1.000000000000000000 ) ) ;
#5118 = EDGE_CURVE ( 'NONE', #1031, #1487, #4736, .T. ) ;
#5119 = EDGE_CURVE ( 'NONE', #1781, #6026, #285, .T. ) ;
#5120 = PRODUCT_DEFINITION_FORMATION_WITH_SPECIFIED_SOURCE ( 'ANY', '', #4319, .NOT_KNOWN. ) ;
#5121 = AXIS2_PLACEMENT_3D ( 'NONE', #5551, #782, #5898 ) ;
#5122 = ORIENTED_EDGE ( 'NONE', *, *, #1364, .T. ) ;
#5123 = CARTESIAN_POINT ( 'NONE',  ( 5.750000000000000000, -2.521681469282039956, -6.700000000000000178 ) ) ;
#5124 = LINE ( 'NONE', #3689, #1852 ) ;
#5125 = FACE_OUTER_BOUND ( 'NONE', #1967, .T. ) ;
#5126 = DIRECTION ( 'NONE',  ( 0.0000000000000000000, 1.000000000000000000, 0.0000000000000000000 ) ) ;
#5127 = AXIS2_PLACEMENT_3D ( 'NONE', #3936, #4458, #3969 ) ;
#5128 = ADVANCED_FACE ( 'NONE', ( #4794 ), #1934, .T. ) ;
#5129 = FACE_OUTER_BOUND ( 'NONE', #2500, .T. ) ;
#5130 = CARTESIAN_POINT ( 'NONE',  ( 5.000000000000000000, -6.299999999999999822, -1.750000000000000000 ) ) ;
#5131 = CARTESIAN_POINT ( 'NONE',  ( -4.700000000000000178, -6.299999999999999822, 0.0000000000000000000 ) ) ;
#5132 = CIRCLE ( 'NONE', #2480, 0.2999999999999999334 ) ;
#5133 = ORIENTED_EDGE ( 'NONE', *, *, #123, .F. ) ;
#5134 = CARTESIAN_POINT ( 'NONE',  ( -5.281328311809639686, -9.626275332752589620, -1.000000000000000000 ) ) ;
#5135 = CARTESIAN_POINT ( 'NONE',  ( -4.250000000000000000, 0.0000000000000000000, -5.500000000000000000 ) ) ;
#5136 = CARTESIAN_POINT ( 'NONE',  ( -4.250000000000000000, 5.000000000000000000, -5.500000000000000000 ) ) ;
#5137 = CARTESIAN_POINT ( 'NONE',  ( 1.750000000000000000, -2.521681469282039956, -6.500000000000000000 ) ) ;
#5138 = ORIENTED_EDGE ( 'NONE', *, *, #3989, .F. ) ;
#5139 = DIRECTION ( 'NONE',  ( -1.000000000000000000, 0.0000000000000000000, 0.0000000000000000000 ) ) ;
#5140 = VERTEX_POINT ( 'NONE', #1012 ) ;
#5141 = EDGE_LOOP ( 'NONE', ( #742, #1765, #3340, #2835, #2911, #4284 ) ) ;
#5142 = ORIENTED_EDGE ( 'NONE', *, *, #1386, .T. ) ;
#5143 = EDGE_CURVE ( 'NONE', #3038, #5601, #586, .T. ) ;
#5144 = ORIENTED_EDGE ( 'NONE', *, *, #506, .T. ) ;
#5145 = DIRECTION ( 'NONE',  ( 1.000000000000000000, 0.0000000000000000000, 0.0000000000000000000 ) ) ;
#5146 = FACE_OUTER_BOUND ( 'NONE', #5994, .T. ) ;
#5147 = ORIENTED_EDGE ( 'NONE', *, *, #349, .T. ) ;
#5148 = LINE ( 'NONE', #1493, #2870 ) ;
#5149 = DIRECTION ( 'NONE',  ( -1.000000000000000000, 0.0000000000000000000, 0.0000000000000000000 ) ) ;
#5150 = EDGE_CURVE ( 'NONE', #5253, #5960, #2889, .T. ) ;
#5151 = ADVANCED_FACE ( 'NONE', ( #3818 ), #5156, .T. ) ;
#5152 = CARTESIAN_POINT ( 'NONE',  ( -4.393892741774539701, -5.069332464599150434, -1.000000000000000000 ) ) ;
#5153 = DIRECTION ( 'NONE',  ( -1.000000000000000000, 0.0000000000000000000, 0.0000000000000000000 ) ) ;
#5154 = DIRECTION ( 'NONE',  ( -1.000000000000000000, 0.0000000000000000000, 0.0000000000000000000 ) ) ;
#5155 = DIRECTION ( 'NONE',  ( 0.0000000000000000000, -1.000000000000000000, 0.0000000000000000000 ) ) ;
#5156 = PLANE ( 'NONE',  #5789 ) ;
#5157 = AXIS2_PLACEMENT_3D ( 'NONE', #2151, #4126, #1695 ) ;
#5158 = EDGE_CURVE ( 'NONE', #3367, #682, #2825, .T. ) ;
#5159 = EDGE_LOOP ( 'NONE', ( #1637, #4200, #3117, #851 ) ) ;
#5160 = CARTESIAN_POINT ( 'NONE',  ( -1.374882679263111918, 3.225329511257359894, 1.000000000000000000 ) ) ;
#5161 = CARTESIAN_POINT ( 'NONE',  ( -4.700000000000000178, -5.000000000000000000, 4.956352788505170565E-15 ) ) ;
#5162 = AXIS2_PLACEMENT_3D ( 'NONE', #5958, #5896, #814 ) ;
#5163 = PLANE ( 'NONE',  #509 ) ;
#5164 = LINE ( 'NONE', #2989, #4042 ) ;
#5165 = LINE ( 'NONE', #11, #68 ) ;
#5166 = ORIENTED_EDGE ( 'NONE', *, *, #2328, .T. ) ;
#5167 = CIRCLE ( 'NONE', #1933, 0.2999999999999999334 ) ;
#5168 = DIRECTION ( 'NONE',  ( 0.0000000000000000000, 0.0000000000000000000, -1.000000000000000000 ) ) ;
#5169 = ORIENTED_EDGE ( 'NONE', *, *, #6039, .T. ) ;
#5170 = ORIENTED_EDGE ( 'NONE', *, *, #4483, .T. ) ;
#5171 = LINE ( 'NONE', #5113, #255 ) ;
#5172 = EDGE_LOOP ( 'NONE', ( #2918, #2494, #4664, #2525 ) ) ;
#5173 = ORIENTED_EDGE ( 'NONE', *, *, #5383, .F. ) ;
#5174 = DIRECTION ( 'NONE',  ( 1.000000000000000000, 0.0000000000000000000, 0.0000000000000000000 ) ) ;
#5175 = DIRECTION ( 'NONE',  ( 1.000000000000000000, 0.0000000000000000000, 0.0000000000000000000 ) ) ;
#5176 = ADVANCED_FACE ( 'NONE', ( #5663 ), #5696, .F. ) ;
#5177 = VERTEX_POINT ( 'NONE', #1442 ) ;
#5178 = DIRECTION ( 'NONE',  ( -1.000000000000000000, 0.0000000000000000000, 0.0000000000000000000 ) ) ;
#5179 = DIRECTION ( 'NONE',  ( 1.000000000000000000, 0.0000000000000000000, 0.0000000000000000000 ) ) ;
#5180 = PRESENTATION_LAYER_ASSIGNMENT (  '', '', ( #4400 ) ) ;
#5181 = DIRECTION ( 'NONE',  ( 2.203438688951894767E-17, 1.000000000000000000, -9.912705577010330480E-16 ) ) ;
#5182 = DIRECTION ( 'NONE',  ( 1.000000000000000000, 3.452604976458695348E-15, 0.0000000000000000000 ) ) ;
#5183 = EDGE_CURVE ( 'NONE', #1455, #1424, #982, .T. ) ;
#5184 = EDGE_CURVE ( 'NONE', #4357, #3678, #5727, .T. ) ;
#5185 = DIRECTION ( 'NONE',  ( 0.0000000000000000000, 1.000000000000000000, 0.0000000000000000000 ) ) ;
#5186 = AXIS2_PLACEMENT_3D ( 'NONE', #6048, #1349, #3235 ) ;
#5187 = CARTESIAN_POINT ( 'NONE',  ( -5.310107702553530373, -8.356737538911771068, 1.000000000000000000 ) ) ;
#5188 = CARTESIAN_POINT ( 'NONE',  ( -5.000000000000000000, -0.2999999999999999889, 5.500000000000000000 ) ) ;
#5189 = ORIENTED_EDGE ( 'NONE', *, *, #3628, .F. ) ;
#5190 = CARTESIAN_POINT ( 'NONE',  ( 5.040192378864690070, -7.289230484541310062, -1.000000000000000000 ) ) ;
#5191 = PLANE ( 'NONE',  #3260 ) ;
#5192 = ADVANCED_FACE ( 'NONE', ( #5255 ), #300, .F. ) ;
#5193 = LINE ( 'NONE', #2925, #3152 ) ;
#5194 = PRODUCT_DEFINITION_SHAPE ( 'NONE', 'NONE',  #6097 ) ;
#5195 = DIRECTION ( 'NONE',  ( 0.0000000000000000000, -1.000000000000000000, 0.0000000000000000000 ) ) ;
#5196 = DIRECTION ( 'NONE',  ( 0.0000000000000000000, -4.336808689942015369E-15, 1.000000000000000000 ) ) ;
#5197 = EDGE_LOOP ( 'NONE', ( #1242, #4264, #153, #5299 ) ) ;
#5198 = DIRECTION ( 'NONE',  ( 0.0000000000000000000, -1.000000000000000000, -3.491481338843135327E-15 ) ) ;
#5199 = ORIENTED_EDGE ( 'NONE', *, *, #4992, .T. ) ;
#5200 = APPLICATION_CONTEXT ( 'automotive_design' ) ;
#5201 =( GEOMETRIC_REPRESENTATION_CONTEXT ( 3 ) GLOBAL_UNCERTAINTY_ASSIGNED_CONTEXT ( ( #1633 ) ) GLOBAL_UNIT_ASSIGNED_CONTEXT ( ( #2159, #3193, #1267 ) ) REPRESENTATION_CONTEXT ( 'NONE', 'WORKASPACE' ) );
#5202 = ADVANCED_FACE ( 'NONE', ( #1590 ), #3441, .T. ) ;
#5203 = DIRECTION ( 'NONE',  ( 0.0000000000000000000, 1.000000000000000000, 0.0000000000000000000 ) ) ;
#5204 = ORIENTED_EDGE ( 'NONE', *, *, #463, .T. ) ;
#5205 = CARTESIAN_POINT ( 'NONE',  ( 4.400000000000000355, -5.000000000000000000, 2.213940418823854728 ) ) ;
#5206 = ORIENTED_EDGE ( 'NONE', *, *, #4223, .F. ) ;
#5207 = VECTOR ( 'NONE', #1348, 1000.000000000000000 ) ;
#5208 = ORIENTED_EDGE ( 'NONE', *, *, #5009, .F. ) ;
#5209 = AXIS2_PLACEMENT_3D ( 'NONE', #1505, #1876, #956 ) ;
#5210 = AXIS2_PLACEMENT_3D ( 'NONE', #741, #649, #3536 ) ;
#5211 = ORIENTED_EDGE ( 'NONE', *, *, #795, .F. ) ;
#5212 = LINE ( 'NONE', #3839, #1784 ) ;
#5213 = LINE ( 'NONE', #550, #2171 ) ;
#5214 = VECTOR ( 'NONE', #3957, 1000.000000000000000 ) ;
#5215 = EDGE_CURVE ( 'NONE', #4564, #1367, #2981, .T. ) ;
#5216 = CYLINDRICAL_SURFACE ( 'NONE', #887, 0.4000000000000001887 ) ;
#5217 = CARTESIAN_POINT ( 'NONE',  ( 0.7500000000000000000, -2.521681469282039956, -6.500000000000000000 ) ) ;
#5218 = VECTOR ( 'NONE', #527, 1000.000000000000000 ) ;
#5219 = VECTOR ( 'NONE', #3379, 1000.000000000000000 ) ;
#5220 = PRODUCT_DEFINITION_SHAPE ( 'NONE', 'NONE',  #4585 ) ;
#5221 = FACE_OUTER_BOUND ( 'NONE', #4228, .T. ) ;
#5222 = LINE ( 'NONE', #66, #2857 ) ;
#5223 = VECTOR ( 'NONE', #5919, 1000.000000000000000 ) ;
#5224 = CARTESIAN_POINT ( 'NONE',  ( 4.599999999999999645, -6.871681469282040489, -6.700000000000000178 ) ) ;
#5225 = ORIENTED_EDGE ( 'NONE', *, *, #315, .F. ) ;
#5226 = ADVANCED_FACE ( 'NONE', ( #3099 ), #3473, .T. ) ;
#5227 = CIRCLE ( 'NONE', #424, 0.2999999999999999334 ) ;
#5228 = DIRECTION ( 'NONE',  ( 0.0000000000000000000, 0.0000000000000000000, 1.000000000000000000 ) ) ;
#5229 = DIRECTION ( 'NONE',  ( 0.0000000000000000000, 0.0000000000000000000, -1.000000000000000000 ) ) ;
#5230 = AXIS2_PLACEMENT_3D ( 'NONE', #3660, #3229, #5532 ) ;
#5231 = DIRECTION ( 'NONE',  ( 0.0000000000000000000, -1.000000000000000000, 0.0000000000000000000 ) ) ;
#5232 = FACE_OUTER_BOUND ( 'NONE', #1142, .T. ) ;
#5233 = EDGE_LOOP ( 'NONE', ( #5824, #846, #76, #1326 ) ) ;
#5234 = EDGE_CURVE ( 'NONE', #4467, #211, #4112, .T. ) ;
#5235 = EDGE_CURVE ( 'NONE', #4661, #3698, #3934, .T. ) ;
#5236 = DIRECTION ( 'NONE',  ( -1.000000000000000000, 3.452604976458695348E-15, 0.0000000000000000000 ) ) ;
#5237 = ORIENTED_EDGE ( 'NONE', *, *, #5926, .T. ) ;
#5238 = VECTOR ( 'NONE', #4388, 1000.000000000000000 ) ;
#5239 = FACE_OUTER_BOUND ( 'NONE', #4323, .T. ) ;
#5240 = ORIENTED_EDGE ( 'NONE', *, *, #2360, .F. ) ;
#5241 = AXIS2_PLACEMENT_3D ( 'NONE', #4722, #4833, #519 ) ;
#5242 = DIRECTION ( 'NONE',  ( -1.000000000000000000, 2.203438688951799857E-17, -9.912705577010360062E-16 ) ) ;
#5243 = ORIENTED_EDGE ( 'NONE', *, *, #2822, .T. ) ;
#5244 = ADVANCED_FACE ( 'NONE', ( #4850 ), #2165, .T. ) ;
#5245 = ORIENTED_EDGE ( 'NONE', *, *, #3088, .F. ) ;
#5246 = ITEM_DEFINED_TRANSFORMATION ( 'NONE', 'NONE', #6024,  #2248 ) ;
#5247 = EDGE_LOOP ( 'NONE', ( #4009, #2724, #4463, #1026 ) ) ;
#5248 = DIRECTION ( 'NONE',  ( 0.0000000000000000000, 0.0000000000000000000, -1.000000000000000000 ) ) ;
#5249 = CARTESIAN_POINT ( 'NONE',  ( -4.400000000000000355, -5.299999999999999822, 5.092652490189040237E-15 ) ) ;
#5250 = LINE ( 'NONE', #1410, #5796 ) ;
#5251 = DIRECTION ( 'NONE',  ( 0.0000000000000000000, -3.491481338843135327E-15, 1.000000000000000000 ) ) ;
#5252 = PRODUCT_DEFINITION_SHAPE ( 'NONE', 'NONE',  #5560 ) ;
#5253 = VERTEX_POINT ( 'NONE', #2535 ) ;
#5254 = DIRECTION ( 'NONE',  ( 0.0000000000000000000, -4.336808689942015369E-15, 1.000000000000000000 ) ) ;
#5255 = FACE_OUTER_BOUND ( 'NONE', #1145, .T. ) ;
#5256 = VERTEX_POINT ( 'NONE', #4420 ) ;
#5257 = DIRECTION ( 'NONE',  ( 1.000000000000000000, 3.452604976458695348E-15, 0.0000000000000000000 ) ) ;
#5258 = PLANE ( 'NONE',  #2551 ) ;
#5259 = ADVANCED_FACE ( 'NONE', ( #1152 ), #1678, .T. ) ;
#5260 = AXIS2_PLACEMENT_3D ( 'NONE', #5954, #1227, #2212 ) ;
#5261 = DIRECTION ( 'NONE',  ( 3.585693734707229835E-30, -8.673617379884029556E-16, -1.000000000000000000 ) ) ;
#5262 = CARTESIAN_POINT ( 'NONE',  ( -5.000000000000000000, -6.799999999999999822, 2.958228394578795321E-30 ) ) ;
#5263 = EDGE_LOOP ( 'NONE', ( #521, #735 ) ) ;
#5264 = DIRECTION ( 'NONE',  ( 0.0000000000000000000, -4.336808689942015369E-15, 1.000000000000000000 ) ) ;
#5265 = EDGE_LOOP ( 'NONE', ( #4075, #451, #4679, #4008 ) ) ;
#5266 = COLOUR_RGB ( '',0.7529411764705882248, 0.7529411764705882248, 0.7529411764705882248 ) ;
#5267 = EDGE_CURVE ( 'NONE', #4293, #4277, #2135, .T. ) ;
#5268 = DIRECTION ( 'NONE',  ( 2.203438688951894767E-17, 1.000000000000000000, -9.912705577010330480E-16 ) ) ;
#5269 = ADVANCED_FACE ( 'NONE', ( #4903 ), #2601, .T. ) ;
#5270 = ORIENTED_EDGE ( 'NONE', *, *, #3121, .F. ) ;
#5271 = VECTOR ( 'NONE', #3280, 1000.000000000000000 ) ;
#5272 = ORIENTED_EDGE ( 'NONE', *, *, #4904, .T. ) ;
#5273 = EDGE_LOOP ( 'NONE', ( #2316, #777, #3546, #4757, #5225 ) ) ;
#5274 = CONTEXT_DEPENDENT_SHAPE_REPRESENTATION ( #1824, #5194 ) ;
#5275 = AXIS2_PLACEMENT_3D ( 'NONE', #1568, #5268, #50 ) ;
#5276 = ADVANCED_FACE ( 'NONE', ( #1648 ), #1214, .F. ) ;
#5277 = ORIENTED_EDGE ( 'NONE', *, *, #1583, .T. ) ;
#5278 = DIRECTION ( 'NONE',  ( 0.0000000000000000000, 1.000000000000000000, -1.445602896647339508E-15 ) ) ;
#5279 = LINE ( 'NONE', #5718, #1095 ) ;
#5280 = CARTESIAN_POINT ( 'NONE',  ( 2.100000000000000089, -2.871681469282044930, -6.700000000000000178 ) ) ;
#5281 = ORIENTED_EDGE ( 'NONE', *, *, #4433, .F. ) ;
#5282 = LINE ( 'NONE', #126, #409 ) ;
#5283 = CARTESIAN_POINT ( 'NONE',  ( -3.106858347057730008, 4.400000000000045652, -4.125000000000000000 ) ) ;
#5284 = ORIENTED_EDGE ( 'NONE', *, *, #132, .F. ) ;
#5285 = CARTESIAN_POINT ( 'NONE',  ( -5.000000000000000000, -6.299999999999999822, -1.750000000000000000 ) ) ;
#5286 = DIRECTION ( 'NONE',  ( 0.0000000000000000000, 0.0000000000000000000, -1.000000000000000000 ) ) ;
#5287 = AXIS2_PLACEMENT_3D ( 'NONE', #3136, #5539, #438 ) ;
#5288 = LINE ( 'NONE', #1996, #3747 ) ;
#5289 = CARTESIAN_POINT ( 'NONE',  ( 5.050300081418200193, -8.506737538911771423, -2.109091035788489776 ) ) ;
#5290 = VECTOR ( 'NONE', #2699, 1000.000000000000000 ) ;
#5291 = ORIENTED_EDGE ( 'NONE', *, *, #1609, .T. ) ;
#5292 = ORIENTED_EDGE ( 'NONE', *, *, #1466, .F. ) ;
#5293 = ADVANCED_FACE ( 'NONE', ( #2631 ), #4513, .T. ) ;
#5294 = CARTESIAN_POINT ( 'NONE',  ( 3.106858347057725123, -5.299999999999999822, 3.250000000000000000 ) ) ;
#5295 = AXIS2_PLACEMENT_3D ( 'NONE', #4906, #4938, #2107 ) ;
#5296 = CARTESIAN_POINT ( 'NONE',  ( 4.400000000000000355, 5.050300081418240161, -5.000000000000000000 ) ) ;
#5297 = MECHANICAL_DESIGN_GEOMETRIC_PRESENTATION_REPRESENTATION (  '', ( #3836 ), #4023 ) ;
#5298 = ORIENTED_EDGE ( 'NONE', *, *, #5409, .T. ) ;
#5299 = ORIENTED_EDGE ( 'NONE', *, *, #5626, .F. ) ;
#5300 = EDGE_LOOP ( 'NONE', ( #5353, #4176, #5049, #3107, #177, #4033, #3462, #3913, #1488 ) ) ;
#5301 = ADVANCED_FACE ( 'NONE', ( #3072 ), #2510, .T. ) ;
#5302 = MECHANICAL_DESIGN_GEOMETRIC_PRESENTATION_REPRESENTATION (  '', ( #5602 ), #2352 ) ;
#5303 = EDGE_CURVE ( 'NONE', #701, #3948, #5692, .T. ) ;
#5304 = EDGE_LOOP ( 'NONE', ( #3635, #2373, #1737, #5270 ) ) ;
#5305 = LINE ( 'NONE', #2528, #1679 ) ;
#5306 = CARTESIAN_POINT ( 'NONE',  ( 0.7500000000000000000, -0.5000000000000000000, -7.000000000000000000 ) ) ;
#5307 = EDGE_CURVE ( 'NONE', #4818, #1398, #5877, .T. ) ;
#5308 = CARTESIAN_POINT ( 'NONE',  ( 5.000000000000000000, -1.726653781784555177E-14, -1.000000000000000000 ) ) ;
#5309 = VECTOR ( 'NONE', #5070, 1000.000000000000000 ) ;
#5310 = EDGE_CURVE ( 'NONE', #1424, #3429, #458, .T. ) ;
#5311 = CARTESIAN_POINT ( 'NONE',  ( -4.400000000000000355, -5.000000000000000000, -2.213940418823854728 ) ) ;
#5312 = CIRCLE ( 'NONE', #2553, 0.2999999999999999334 ) ;
#5313 = ORIENTED_EDGE ( 'NONE', *, *, #2132, .T. ) ;
#5314 = VECTOR ( 'NONE', #1742, 1000.000000000000114 ) ;
#5315 = LINE ( 'NONE', #4390, #3159 ) ;
#5316 = DIRECTION ( 'NONE',  ( -3.469446951953614978E-15, -1.000000000000000000, 8.260587980841940012E-17 ) ) ;
#5317 = AXIS2_PLACEMENT_3D ( 'NONE', #5435, #4936, #1589 ) ;
#5318 = EDGE_LOOP ( 'NONE', ( #801, #4255, #2086, #365 ) ) ;
#5319 = EDGE_CURVE ( 'NONE', #245, #1398, #1748, .T. ) ;
#5320 = CARTESIAN_POINT ( 'NONE',  ( -0.4000000000000000222, -2.871681469282044930, -6.500000000000000000 ) ) ;
#5321 = VECTOR ( 'NONE', #1264, 1000.000000000000000 ) ;
#5322 = LINE ( 'NONE', #156, #3943 ) ;
#5323 = VECTOR ( 'NONE', #1951, 1000.000000000000000 ) ;
#5324 = CARTESIAN_POINT ( 'NONE',  ( 5.750000000000000000, -0.2000000000000000111, -9.000000000000000000 ) ) ;
#5325 = CYLINDRICAL_SURFACE ( 'NONE', #1004, 0.7499999999999997780 ) ;
#5326 = VERTEX_POINT ( 'NONE', #367 ) ;
#5327 = ORIENTED_EDGE ( 'NONE', *, *, #3811, .T. ) ;
#5328 = DIRECTION ( 'NONE',  ( 0.0000000000000000000, -3.491481338843135327E-15, 1.000000000000000000 ) ) ;
#5329 = VECTOR ( 'NONE', #5004, 1000.000000000000000 ) ;
#5330 = LINE ( 'NONE', #5296, #5972 ) ;
#5331 = EDGE_LOOP ( 'NONE', ( #5948, #4801, #4439, #5707 ) ) ;
#5332 = VERTEX_POINT ( 'NONE', #337 ) ;
#5333 = VECTOR ( 'NONE', #1211, 1000.000000000000000 ) ;
#5334 = VERTEX_POINT ( 'NONE', #4081 ) ;
#5335 = EDGE_CURVE ( 'NONE', #4780, #5077, #5124, .T. ) ;
#5336 = CARTESIAN_POINT ( 'NONE',  ( -5.650300081418210496, -6.799999999999999822, 2.750000000000000000 ) ) ;
#5337 = LINE ( 'NONE', #174, #2864 ) ;
#5338 = CARTESIAN_POINT ( 'NONE',  ( 1.750000000000000000, 0.0000000000000000000, -9.000000000000000000 ) ) ;
#5339 = DIRECTION ( 'NONE',  ( 0.0000000000000000000, 0.0000000000000000000, 1.000000000000000000 ) ) ;
#5340 = DIRECTION ( 'NONE',  ( -1.000000000000000000, 8.131516293641278325E-17, 2.839103739574740393E-31 ) ) ;
#5341 = ORIENTED_EDGE ( 'NONE', *, *, #2877, .T. ) ;
#5342 = EDGE_CURVE ( 'NONE', #4069, #2970, #4640, .T. ) ;
#5343 = FACE_OUTER_BOUND ( 'NONE', #5947, .T. ) ;
#5344 = ADVANCED_FACE ( 'NONE', ( #5939 ), #5494, .F. ) ;
#5345 = DIRECTION ( 'NONE',  ( -3.452604976458695348E-15, -1.000000000000000000, 1.734723475976805122E-15 ) ) ;
#5346 = VERTEX_POINT ( 'NONE', #888 ) ;
#5347 = LINE ( 'NONE', #2017, #2773 ) ;
#5348 = DIRECTION ( 'NONE',  ( -3.451902389348305348E-15, -1.000000000000000000, 4.818676322157800333E-16 ) ) ;
#5349 = CARTESIAN_POINT ( 'NONE',  ( 3.620061658979704777, -12.28923048454135980, -1.000000000000000000 ) ) ;
#5350 = EDGE_CURVE ( 'NONE', #4981, #3554, #2789, .T. ) ;
#5351 = CARTESIAN_POINT ( 'NONE',  ( -3.085872574535459822, 6.500000000000000000, -3.497339220468490328 ) ) ;
#5352 = VERTEX_POINT ( 'NONE', #5529 ) ;
#5353 = ORIENTED_EDGE ( 'NONE', *, *, #2877, .F. ) ;
#5354 = DIRECTION ( 'NONE',  ( -1.000000000000000000, 0.0000000000000000000, -9.912705577010326536E-16 ) ) ;
#5355 = VERTEX_POINT ( 'NONE', #396 ) ;
#5356 = ORIENTED_EDGE ( 'NONE', *, *, #3507, .F. ) ;
#5357 = AXIS2_PLACEMENT_3D ( 'NONE', #537, #2801, #1909 ) ;
#5358 = ORIENTED_EDGE ( 'NONE', *, *, #693, .T. ) ;
#5359 =( GEOMETRIC_REPRESENTATION_CONTEXT ( 3 ) GLOBAL_UNCERTAINTY_ASSIGNED_CONTEXT ( ( #2118 ) ) GLOBAL_UNIT_ASSIGNED_CONTEXT ( ( #3679, #3248, #6023 ) ) REPRESENTATION_CONTEXT ( 'NONE', 'WORKASPACE' ) );
#5360 = ORIENTED_EDGE ( 'NONE', *, *, #2830, .T. ) ;
#5361 = CARTESIAN_POINT ( 'NONE',  ( 2.500000000000000000, -7.271681469282040844, -6.700000000000001954 ) ) ;
#5362 = FACE_OUTER_BOUND ( 'NONE', #719, .T. ) ;
#5363 = LINE ( 'NONE', #730, #1389 ) ;
#5364 = DIRECTION ( 'NONE',  ( 0.0000000000000000000, 0.0000000000000000000, -1.000000000000000000 ) ) ;
#5365 = CIRCLE ( 'NONE', #659, 0.2999999999999999334 ) ;
#5366 = DIRECTION ( 'NONE',  ( 0.0000000000000000000, -1.000000000000000000, 1.445602896647339508E-15 ) ) ;
#5367 = ADVANCED_FACE ( 'NONE', ( #4671 ), #1342, .T. ) ;
#5368 = ORIENTED_EDGE ( 'NONE', *, *, #3096, .T. ) ;
#5369 = CARTESIAN_POINT ( 'NONE',  ( 5.000000000000000000, 0.0000000000000000000, -7.000000000000000000 ) ) ;
#5370 = DIRECTION ( 'NONE',  ( -1.000000000000000000, 3.452604976458695348E-15, 0.0000000000000000000 ) ) ;
#5371 = VERTEX_POINT ( 'NONE', #2298 ) ;
#5372 = DIRECTION ( 'NONE',  ( 0.0000000000000000000, 0.0000000000000000000, -1.000000000000000000 ) ) ;
#5373 = DIRECTION ( 'NONE',  ( -2.608030133024390105E-29, 1.281859811046824059E-42, -1.000000000000000000 ) ) ;
#5374 = ADVANCED_FACE ( 'NONE', ( #1375 ), #856, .F. ) ;
#5375 = DIRECTION ( 'NONE',  ( 0.0000000000000000000, 1.000000000000000000, 0.0000000000000000000 ) ) ;
#5376 = EDGE_CURVE ( 'NONE', #3978, #4502, #3594, .T. ) ;
#5377 = CARTESIAN_POINT ( 'NONE',  ( -5.569915323688860553, -8.206737538911768937, -1.000000000000000000 ) ) ;
#5378 = CARTESIAN_POINT ( 'NONE',  ( 4.115597896049495219, -6.206073899495919477, -1.000000000000000000 ) ) ;
#5379 = ORIENTED_EDGE ( 'NONE', *, *, #1205, .F. ) ;
#5380 = ORIENTED_EDGE ( 'NONE', *, *, #3844, .F. ) ;
#5381 = CIRCLE ( 'NONE', #90, 0.2999999999999999334 ) ;
#5382 = CARTESIAN_POINT ( 'NONE',  ( -5.050300081418200193, -8.506737538911771423, 1.000000000000000000 ) ) ;
#5383 = EDGE_CURVE ( 'NONE', #3816, #4981, #4147, .T. ) ;
#5384 = PLANE ( 'NONE',  #752 ) ;
#5385 = ORIENTED_EDGE ( 'NONE', *, *, #4662, .T. ) ;
#5386 = VECTOR ( 'NONE', #2076, 1000.000000000000000 ) ;
#5387 = VERTEX_POINT ( 'NONE', #2729 ) ;
#5388 = ORIENTED_EDGE ( 'NONE', *, *, #2099, .T. ) ;
#5389 = EDGE_CURVE ( 'NONE', #1667, #1031, #4610, .T. ) ;
#5390 = CARTESIAN_POINT ( 'NONE',  ( -4.700000000000000178, -5.000000000000000000, -2.478176394252585282E-15 ) ) ;
#5391 = ORIENTED_EDGE ( 'NONE', *, *, #5854, .F. ) ;
#5392 = LINE ( 'NONE', #4446, #2669 ) ;
#5393 = DIRECTION ( 'NONE',  ( 1.000000000000000000, 0.0000000000000000000, 0.0000000000000000000 ) ) ;
#5394 = CARTESIAN_POINT ( 'NONE',  ( -2.231858347057719794, -5.299999999999999822, 4.125000000000008882 ) ) ;
#5395 = VECTOR ( 'NONE', #2299, 1000.000000000000000 ) ;
#5396 = DIRECTION ( 'NONE',  ( 1.000000000000000000, 3.614007241618349165E-15, 0.0000000000000000000 ) ) ;
#5397 = CARTESIAN_POINT ( 'NONE',  ( 5.000000000000000000, -6.871681469282040489, -6.700000000000000178 ) ) ;
#5398 = VERTEX_POINT ( 'NONE', #4178 ) ;
#5399 = LINE ( 'NONE', #3006, #3263 ) ;
#5400 = DIRECTION ( 'NONE',  ( 0.0000000000000000000, 0.0000000000000000000, -1.000000000000000000 ) ) ;
#5401 = LINE ( 'NONE', #991, #3733 ) ;
#5402 = LINE ( 'NONE', #4939, #3764 ) ;
#5403 = AXIS2_PLACEMENT_3D ( 'NONE', #2734, #926, #1713 ) ;
#5404 = CARTESIAN_POINT ( 'NONE',  ( 5.000000000000000000, -6.799999999999999822, 2.750000000000000000 ) ) ;
#5405 = VECTOR ( 'NONE', #1157, 1000.000000000000000 ) ;
#5406 = CARTESIAN_POINT ( 'NONE',  ( 5.000000000000000000, -5.000000000000000000, -5.500000000000000000 ) ) ;
#5407 = VECTOR ( 'NONE', #2442, 1000.000000000000114 ) ;
#5408 = LINE ( 'NONE', #4000, #2772 ) ;
#5409 = EDGE_CURVE ( 'NONE', #1031, #1502, #183, .T. ) ;
#5410 = ORIENTED_EDGE ( 'NONE', *, *, #3538, .F. ) ;
#5411 = AXIS2_PLACEMENT_3D ( 'NONE', #1278, #5032, #4115 ) ;
#5412 = EDGE_LOOP ( 'NONE', ( #2648, #2807, #2273, #1813, #3048, #1028 ) ) ;
#5413 = DIRECTION ( 'NONE',  ( -0.0000000000000000000, 1.000000000000000000, 0.0000000000000000000 ) ) ;
#5414 = VECTOR ( 'NONE', #2191, 1000.000000000000000 ) ;
#5415 = VECTOR ( 'NONE', #5242, 1000.000000000000000 ) ;
#5416 = CARTESIAN_POINT ( 'NONE',  ( -4.400000000000000355, -5.599999999999999645, -3.250000000000000000 ) ) ;
#5417 = ORIENTED_EDGE ( 'NONE', *, *, #4783, .T. ) ;
#5418 = EDGE_CURVE ( 'NONE', #206, #1600, #4996, .T. ) ;
#5419 = ADVANCED_FACE ( 'NONE', ( #1739 ), #789, .T. ) ;
#5420 = AXIS2_PLACEMENT_3D ( 'NONE', #4372, #2896, #159 ) ;
#5421 = DIRECTION ( 'NONE',  ( -2.203438688951894767E-17, 1.000000000000000000, -9.912705577010340341E-16 ) ) ;
#5422 = ORIENTED_EDGE ( 'NONE', *, *, #2178, .F. ) ;
#5423 = ORIENTED_EDGE ( 'NONE', *, *, #2336, .F. ) ;
#5424 = SURFACE_STYLE_FILL_AREA ( #751 ) ;
#5425 = VERTEX_POINT ( 'NONE', #5591 ) ;
#5426 = AXIS2_PLACEMENT_3D ( 'NONE', #2355, #525, #2820 ) ;
#5427 = CARTESIAN_POINT ( 'NONE',  ( 4.549999999999999822, 5.000000000000000000, 6.000000000000000000 ) ) ;
#5428 = EDGE_CURVE ( 'NONE', #211, #172, #1463, .T. ) ;
#5429 = LINE ( 'NONE', #3465, #2564 ) ;
#5430 = CARTESIAN_POINT ( 'NONE',  ( 0.4000000000000000222, -2.871681469282044930, -6.700000000000000178 ) ) ;
#5431 = SURFACE_SIDE_STYLE ('',( #1799 ) ) ;
#5432 = CARTESIAN_POINT ( 'NONE',  ( 4.400000000000000355, -0.2999999999999999889, -5.500000000000000000 ) ) ;
#5433 = AXIS2_PLACEMENT_3D ( 'NONE', #4576, #392, #363 ) ;
#5434 = VERTEX_POINT ( 'NONE', #3657 ) ;
#5435 = CARTESIAN_POINT ( 'NONE',  ( 5.000000000000000000, -1.594140182925214835E-14, 2.750000000000000000 ) ) ;
#5436 = CARTESIAN_POINT ( 'NONE',  ( -4.700000000000000178, -10.80000000000000071, -5.500000000000000000 ) ) ;
#5437 = CARTESIAN_POINT ( 'NONE',  ( 5.299999999999999822, -7.139230484541309707, 1.000000000000000000 ) ) ;
#5438 = DIRECTION ( 'NONE',  ( 0.0000000000000000000, 0.0000000000000000000, -1.000000000000000000 ) ) ;
#5439 = DIRECTION ( 'NONE',  ( 0.0000000000000000000, 0.0000000000000000000, -1.000000000000000000 ) ) ;
#5440 = FACE_BOUND ( 'NONE', #1788, .T. ) ;
#5441 = DIRECTION ( 'NONE',  ( -1.000000000000000000, 3.452604976458695348E-15, 0.0000000000000000000 ) ) ;
#5442 = FACE_OUTER_BOUND ( 'NONE', #843, .T. ) ;
#5443 = ORIENTED_EDGE ( 'NONE', *, *, #3046, .F. ) ;
#5444 = ORIENTED_EDGE ( 'NONE', *, *, #4668, .T. ) ;
#5445 = CARTESIAN_POINT ( 'NONE',  ( 5.750000000000000000, 0.0000000000000000000, -9.000000000000000000 ) ) ;
#5446 = ADVANCED_FACE ( 'NONE', ( #2340 ), #47, .T. ) ;
#5447 = LINE ( 'NONE', #225, #5771 ) ;
#5448 = ORIENTED_EDGE ( 'NONE', *, *, #3812, .F. ) ;
#5449 = CARTESIAN_POINT ( 'NONE',  ( 2.500000000000000000, -0.2000000000000000111, -7.000000000000000000 ) ) ;
#5450 = EDGE_LOOP ( 'NONE', ( #3641, #4352, #4354, #2758 ) ) ;
#5451 = ORIENTED_EDGE ( 'NONE', *, *, #1443, .F. ) ;
#5452 = EDGE_CURVE ( 'NONE', #1126, #4318, #589, .T. ) ;
#5453 = ADVANCED_FACE ( 'NONE', ( #14 ), #2745, .F. ) ;
#5454 = CARTESIAN_POINT ( 'NONE',  ( -5.050300081418200193, -8.506737538911771423, 1.000000000000000000 ) ) ;
#5455 = ORIENTED_EDGE ( 'NONE', *, *, #724, .T. ) ;
#5456 = VECTOR ( 'NONE', #2269, 1000.000000000000000 ) ;
#5457 = CARTESIAN_POINT ( 'NONE',  ( -3.085872574535459822, 5.000000000000000000, -4.247339220468489884 ) ) ;
#5458 = LINE ( 'NONE', #4229, #5415 ) ;
#5459 = DIRECTION ( 'NONE',  ( 0.0000000000000000000, -1.000000000000000000, 0.0000000000000000000 ) ) ;
#5460 = CARTESIAN_POINT ( 'NONE',  ( 0.7500000000000000000, -0.2000000000000000111, -7.000000000000000000 ) ) ;
#5461 = ADVANCED_FACE ( 'NONE', ( #414 ), #4256, .T. ) ;
#5462 = PRESENTATION_LAYER_ASSIGNMENT (  '', '', ( #4291 ) ) ;
#5463 = ORIENTED_EDGE ( 'NONE', *, *, #1466, .T. ) ;
#5464 = DIRECTION ( 'NONE',  ( 0.0000000000000000000, 0.0000000000000000000, 1.000000000000000000 ) ) ;
#5465 = CARTESIAN_POINT ( 'NONE',  ( 4.400000000000000355, 5.050300081418249931, 5.000000000000000000 ) ) ;
#5466 = VECTOR ( 'NONE', #5509, 1000.000000000000000 ) ;
#5467 = CYLINDRICAL_SURFACE ( 'NONE', #2044, 3.600000000000000089 ) ;
#5468 = DIRECTION ( 'NONE',  ( 3.469446951953614978E-15, -1.000000000000000000, 0.0000000000000000000 ) ) ;
#5469 = CARTESIAN_POINT ( 'NONE',  ( 4.700000000000000178, -0.5999999999999999778, 5.500000000000000000 ) ) ;
#5470 = DIRECTION ( 'NONE',  ( 0.0000000000000000000, 0.0000000000000000000, -1.000000000000000000 ) ) ;
#5471 = CARTESIAN_POINT ( 'NONE',  ( 4.250000000000000000, 0.2999999999999999889, 6.000000000000000000 ) ) ;
#5472 = LINE ( 'NONE', #5822, #3044 ) ;
#5473 = VECTOR ( 'NONE', #678, 1000.000000000000000 ) ;
#5474 = EDGE_LOOP ( 'NONE', ( #5046, #4667, #128, #354 ) ) ;
#5475 = DIRECTION ( 'NONE',  ( 0.7071067811865435759, -0.7071067811865515695, -2.468850131082278754E-15 ) ) ;
#5476 = LINE ( 'NONE', #1254, #790 ) ;
#5477 = DIRECTION ( 'NONE',  ( 1.719580307488605342E-30, 7.228014483236700500E-16, -1.000000000000000000 ) ) ;
#5478 = ORIENTED_EDGE ( 'NONE', *, *, #3247, .T. ) ;
#5479 = DIRECTION ( 'NONE',  ( 0.0000000000000000000, 0.0000000000000000000, 1.000000000000000000 ) ) ;
#5480 = ORIENTED_EDGE ( 'NONE', *, *, #3171, .T. ) ;
#5481 = ORIENTED_EDGE ( 'NONE', *, *, #4181, .T. ) ;
#5482 = LINE ( 'NONE', #3980, #1829 ) ;
#5483 = VERTEX_POINT ( 'NONE', #3768 ) ;
#5484 = LINE ( 'NONE', #2127, #4342 ) ;
#5485 = CARTESIAN_POINT ( 'NONE',  ( 4.250000000000000000, 0.0000000000000000000, -5.500000000000000000 ) ) ;
#5486 = EDGE_LOOP ( 'NONE', ( #3537, #2213, #3404, #6064, #3139, #5937 ) ) ;
#5487 = EDGE_CURVE ( 'NONE', #1424, #1754, #1881, .T. ) ;
#5488 = ORIENTED_EDGE ( 'NONE', *, *, #5082, .F. ) ;
#5489 = AXIS2_PLACEMENT_3D ( 'NONE', #1296, #4715, #3215 ) ;
#5490 = DIRECTION ( 'NONE',  ( 0.0000000000000000000, 0.0000000000000000000, -1.000000000000000000 ) ) ;
#5491 = ORIENTED_EDGE ( 'NONE', *, *, #1950, .T. ) ;
#5492 = DIRECTION ( 'NONE',  ( 9.826173185649189648E-31, -1.000000000000000000, 9.912705577010340341E-16 ) ) ;
#5493 = VECTOR ( 'NONE', #1771, 1000.000000000000000 ) ;
#5494 = PLANE ( 'NONE',  #1257 ) ;
#5495 = EDGE_CURVE ( 'NONE', #1880, #3698, #5995, .T. ) ;
#5496 = ADVANCED_FACE ( 'NONE', ( #6084 ), #507, .T. ) ;
#5497 = DIRECTION ( 'NONE',  ( 1.000000000000000000, 0.0000000000000000000, 0.0000000000000000000 ) ) ;
#5498 = PLANE ( 'NONE',  #3169 ) ;
#5499 = LINE ( 'NONE', #5975, #5719 ) ;
#5500 = CARTESIAN_POINT ( 'NONE',  ( 5.569915323688860553, -8.206737538911768937, -1.000000000000000000 ) ) ;
#5501 = DIRECTION ( 'NONE',  ( -3.439160614977209983E-30, -7.228014483236700500E-16, -1.000000000000000000 ) ) ;
#5502 = CARTESIAN_POINT ( 'NONE',  ( -3.085872574535459822, -10.56696795353849971, -4.247339220468495213 ) ) ;
#5503 = EDGE_CURVE ( 'NONE', #5619, #5112, #2374, .T. ) ;
#5504 = EDGE_LOOP ( 'NONE', ( #2057, #3738, #3355, #3668 ) ) ;
#5505 = CARTESIAN_POINT ( 'NONE',  ( 4.400000000000000355, -5.000000000000000000, 3.250000000000000000 ) ) ;
#5506 = AXIS2_PLACEMENT_3D ( 'NONE', #5700, #2861, #2892 ) ;
#5507 = PLANE ( 'NONE',  #3746 ) ;
#5508 = VECTOR ( 'NONE', #4184, 1000.000000000000000 ) ;
#5509 = DIRECTION ( 'NONE',  ( 0.0000000000000000000, 0.0000000000000000000, -1.000000000000000000 ) ) ;
#5510 = VECTOR ( 'NONE', #5933, 1000.000000000000114 ) ;
#5511 = DIRECTION ( 'NONE',  ( -0.0000000000000000000, 1.000000000000000000, 0.0000000000000000000 ) ) ;
#5512 = VERTEX_POINT ( 'NONE', #3303 ) ;
#5513 = DIRECTION ( 'NONE',  ( 0.0000000000000000000, 0.0000000000000000000, 1.000000000000000000 ) ) ;
#5514 = AXIS2_PLACEMENT_3D ( 'NONE', #5876, #2600, #4017 ) ;
#5515 = ORIENTED_EDGE ( 'NONE', *, *, #5854, .T. ) ;
#5516 = VECTOR ( 'NONE', #3434, 1000.000000000000000 ) ;
#5517 = CARTESIAN_POINT ( 'NONE',  ( 4.599999999999999645, -2.871681469282044930, -6.700000000000000178 ) ) ;
#5518 = VECTOR ( 'NONE', #3522, 1000.000000000000000 ) ;
#5519 = EDGE_LOOP ( 'NONE', ( #3476, #1999, #3820, #1615 ) ) ;
#5520 = CARTESIAN_POINT ( 'NONE',  ( 5.350300081418200016, -8.506737538911771423, -1.000000000000000222 ) ) ;
#5521 = CARTESIAN_POINT ( 'NONE',  ( 4.780384757729359890, -7.439230484541309529, -1.000000000000000000 ) ) ;
#5522 = VERTEX_POINT ( 'NONE', #1359 ) ;
#5523 = VECTOR ( 'NONE', #1531, 1000.000000000000000 ) ;
#5524 = ORIENTED_EDGE ( 'NONE', *, *, #1534, .F. ) ;
#5525 = CARTESIAN_POINT ( 'NONE',  ( -0.4000000000000000222, -2.871681469282044930, -6.700000000000000178 ) ) ;
#5526 = EDGE_CURVE ( 'NONE', #4535, #4975, #3276, .T. ) ;
#5527 = ORIENTED_EDGE ( 'NONE', *, *, #624, .T. ) ;
#5528 = DIRECTION ( 'NONE',  ( 9.826173185649180890E-31, -1.000000000000000000, 9.912705577010340341E-16 ) ) ;
#5529 = CARTESIAN_POINT ( 'NONE',  ( 4.780384757729359890, -7.439230484541309529, 1.000000000000000000 ) ) ;
#5530 = AXIS2_PLACEMENT_3D ( 'NONE', #4816, #1551, #5780 ) ;
#5531 = DIRECTION ( 'NONE',  ( 0.0000000000000000000, -9.912705577010330480E-16, -1.000000000000000000 ) ) ;
#5532 = DIRECTION ( 'NONE',  ( 1.000000000000000000, 0.0000000000000000000, 0.0000000000000000000 ) ) ;
#5533 = DIRECTION ( 'NONE',  ( 1.000000000000000000, 0.0000000000000000000, -7.228014483236697541E-16 ) ) ;
#5534 = EDGE_CURVE ( 'NONE', #5745, #5608, #5045, .T. ) ;
#5535 = ADVANCED_FACE ( 'NONE', ( #1789 ), #3245, .F. ) ;
#5536 = CARTESIAN_POINT ( 'NONE',  ( -4.549999999999999822, 0.0000000000000000000, 6.000000000000000000 ) ) ;
#5537 = VECTOR ( 'NONE', #2051, 1000.000000000000000 ) ;
#5538 = LINE ( 'NONE', #4615, #1669 ) ;
#5539 = DIRECTION ( 'NONE',  ( 9.293161478446678845E-17, -9.912705577010340341E-16, -1.000000000000000000 ) ) ;
#5540 = ORIENTED_EDGE ( 'NONE', *, *, #5840, .T. ) ;
#5541 = ORIENTED_EDGE ( 'NONE', *, *, #3160, .T. ) ;
#5542 = DIRECTION ( 'NONE',  ( 0.0000000000000000000, -1.000000000000000000, 0.0000000000000000000 ) ) ;
#5543 = EDGE_CURVE ( 'NONE', #2224, #1309, #4596, .T. ) ;
#5544 = DIRECTION ( 'NONE',  ( 1.000000000000000000, -8.131516293641278325E-17, -2.839103739574740393E-31 ) ) ;
#5545 = DIRECTION ( 'NONE',  ( 0.0000000000000000000, -4.336808689942015369E-15, 1.000000000000000000 ) ) ;
#5546 = ORIENTED_EDGE ( 'NONE', *, *, #2604, .T. ) ;
#5547 = DIRECTION ( 'NONE',  ( 0.0000000000000000000, 1.000000000000000000, 0.0000000000000000000 ) ) ;
#5548 = ORIENTED_EDGE ( 'NONE', *, *, #4442, .T. ) ;
#5549 = PLANE ( 'NONE',  #5866 ) ;
#5550 = ORIENTED_EDGE ( 'NONE', *, *, #3887, .T. ) ;
#5551 = CARTESIAN_POINT ( 'NONE',  ( -4.400000000000000355, -5.000000000000000000, 5.000000000000000000 ) ) ;
#5552 = DIRECTION ( 'NONE',  ( -0.9396926207859092051, -0.3420201433256665480, -7.888609052210112799E-31 ) ) ;
#5553 = VERTEX_POINT ( 'NONE', #4129 ) ;
#5554 = EDGE_LOOP ( 'NONE', ( #691, #775 ) ) ;
#5555 = LINE ( 'NONE', #5432, #5333 ) ;
#5556 = CIRCLE ( 'NONE', #5759, 0.4000000000000001887 ) ;
#5557 = ORIENTED_EDGE ( 'NONE', *, *, #2209, .T. ) ;
#5558 = CARTESIAN_POINT ( 'NONE',  ( -5.650300081418210496, -7.139230484541349675, 1.000000000000000000 ) ) ;
#5559 = CARTESIAN_POINT ( 'NONE',  ( 4.400000000000000355, -0.2999999999999999889, 5.500000000000000000 ) ) ;
#5560 = PRODUCT_DEFINITION ( 'UNKNOWN', '', #2375, #656 ) ;
#5561 = COLOUR_RGB ( '',0.7529411764705882248, 0.7529411764705882248, 0.7529411764705882248 ) ;
#5562 = DIRECTION ( 'NONE',  ( 0.0000000000000000000, 0.0000000000000000000, -1.000000000000000000 ) ) ;
#5563 = CARTESIAN_POINT ( 'NONE',  ( 5.040192378864690070, -7.289230484541310062, 1.000000000000000000 ) ) ;
#5564 = LINE ( 'NONE', #1807, #4914 ) ;
#5565 = CARTESIAN_POINT ( 'NONE',  ( -5.650300081418199838, -8.506737538911771423, 2.109091035788495105 ) ) ;
#5566 = DIRECTION ( 'NONE',  ( 0.0000000000000000000, 0.0000000000000000000, -1.000000000000000000 ) ) ;
#5567 = CIRCLE ( 'NONE', #565, 0.5999999999999998668 ) ;
#5568 = VERTEX_POINT ( 'NONE', #5105 ) ;
#5569 = ADVANCED_FACE ( 'NONE', ( #6019 ), #4623, .T. ) ;
#5570 = ADVANCED_FACE ( 'NONE', ( #1850 ), #2836, .T. ) ;
#5571 = CARTESIAN_POINT ( 'NONE',  ( 0.7500000000000000000, -0.2000000000000000111, -7.000000000000000000 ) ) ;
#5572 = CARTESIAN_POINT ( 'NONE',  ( 3.085872574535459822, 6.500000000000000000, 3.497339220468490328 ) ) ;
#5573 = CIRCLE ( 'NONE', #2920, 0.2999999999999999334 ) ;
#5574 = CARTESIAN_POINT ( 'NONE',  ( 5.000000000000000000, -5.000000000000000000, 5.000000000000000000 ) ) ;
#5575 = DIRECTION ( 'NONE',  ( 0.0000000000000000000, -1.000000000000000000, 0.0000000000000000000 ) ) ;
#5576 = APPLICATION_CONTEXT ( 'automotive_design' ) ;
#5577 = EDGE_LOOP ( 'NONE', ( #2679, #4043, #6021, #918 ) ) ;
#5578 = EDGE_CURVE ( 'NONE', #2409, #2147, #1368, .T. ) ;
#5579 = ADVANCED_FACE ( 'NONE', ( #1185 ), #2603, .F. ) ;
#5580 = DIRECTION ( 'NONE',  ( 0.0000000000000000000, 0.0000000000000000000, 1.000000000000000000 ) ) ;
#5581 = ORIENTED_EDGE ( 'NONE', *, *, #5615, .T. ) ;
#5582 = FILL_AREA_STYLE_COLOUR ( '', #5266 ) ;
#5583 = ORIENTED_EDGE ( 'NONE', *, *, #4877, .F. ) ;
#5584 = CARTESIAN_POINT ( 'NONE',  ( 4.400000000000000355, 5.050300081418240161, -3.250000000000000000 ) ) ;
#5585 = ORIENTED_EDGE ( 'NONE', *, *, #272, .F. ) ;
#5586 = VERTEX_POINT ( 'NONE', #3861 ) ;
#5587 = SHAPE_REPRESENTATION_RELATIONSHIP ( 'NONE' , 'NONE' ,  #320, #734 ) ;
#5588 = DIRECTION ( 'NONE',  ( 1.000000000000000000, 0.0000000000000000000, 0.0000000000000000000 ) ) ;
#5589 = ORIENTED_EDGE ( 'NONE', *, *, #2630, .T. ) ;
#5590 = CARTESIAN_POINT ( 'NONE',  ( 4.400000000000000355, -5.299999999999999822, -5.000000000000000000 ) ) ;
#5591 = CARTESIAN_POINT ( 'NONE',  ( -5.569915323688860553, -8.206737538911768937, 1.000000000000000000 ) ) ;
#5592 = AXIS2_PLACEMENT_3D ( 'NONE', #3564, #643, #5400 ) ;
#5593 = CARTESIAN_POINT ( 'NONE',  ( 7.307486625760009957, -5.902423092979960373, -1.000000000000000000 ) ) ;
#5594 = DIRECTION ( 'NONE',  ( 0.0000000000000000000, 1.000000000000000000, 0.0000000000000000000 ) ) ;
#5595 = VECTOR ( 'NONE', #596, 1000.000000000000000 ) ;
#5596 = VECTOR ( 'NONE', #1582, 1000.000000000000000 ) ;
#5597 = CYLINDRICAL_SURFACE ( 'NONE', #2414, 0.2999999999999999334 ) ;
#5598 = EDGE_LOOP ( 'NONE', ( #2345, #5068, #3087, #4577 ) ) ;
#5599 = CARTESIAN_POINT ( 'NONE',  ( 2.500000000000000000, -6.871681469282040489, -6.500000000000000000 ) ) ;
#5600 = CYLINDRICAL_SURFACE ( 'NONE', #3724, 0.7499999999999997780 ) ;
#5601 = VERTEX_POINT ( 'NONE', #1911 ) ;
#5602 = STYLED_ITEM ( 'NONE', ( #2596 ), #3231 ) ;
#5603 = EDGE_LOOP ( 'NONE', ( #5010, #51, #3796, #4038 ) ) ;
#5604 = CARTESIAN_POINT ( 'NONE',  ( 5.000000000000000000, -7.139230484541309707, 1.000000000000000000 ) ) ;
#5605 = EDGE_CURVE ( 'NONE', #5925, #5610, #1451, .T. ) ;
#5606 = LINE ( 'NONE', #4593, #5466 ) ;
#5607 = DIRECTION ( 'NONE',  ( 3.051060892800959888E-30, -7.228014483236700500E-16, -1.000000000000000000 ) ) ;
#5608 = VERTEX_POINT ( 'NONE', #4486 ) ;
#5609 = DIRECTION ( 'NONE',  ( 0.0000000000000000000, -4.336808689942015369E-15, 1.000000000000000000 ) ) ;
#5610 = VERTEX_POINT ( 'NONE', #3504 ) ;
#5611 = CIRCLE ( 'NONE', #4817, 0.2999999999999999334 ) ;
#5612 = EDGE_CURVE ( 'NONE', #83, #2778, #2928, .T. ) ;
#5613 = AXIS2_PLACEMENT_3D ( 'NONE', #4741, #4279, #3388 ) ;
#5614 = DIRECTION ( 'NONE',  ( 0.0000000000000000000, -1.000000000000000000, 4.818676322157800333E-16 ) ) ;
#5615 = EDGE_CURVE ( 'NONE', #5965, #4167, #5738, .T. ) ;
#5616 = EDGE_LOOP ( 'NONE', ( #5017, #840, #389, #3471 ) ) ;
#5617 = AXIS2_PLACEMENT_3D ( 'NONE', #3529, #2571, #2979 ) ;
#5618 = CARTESIAN_POINT ( 'NONE',  ( -5.000000000000000000, 0.0000000000000000000, 5.500000000000000000 ) ) ;
#5619 = VERTEX_POINT ( 'NONE', #707 ) ;
#5620 = EDGE_LOOP ( 'NONE', ( #495, #1665, #2205, #1547 ) ) ;
#5621 = CARTESIAN_POINT ( 'NONE',  ( 0.0000000000000000000, 0.0000000000000000000, 0.0000000000000000000 ) ) ;
#5622 = VECTOR ( 'NONE', #2068, 1000.000000000000000 ) ;
#5623 = FACE_OUTER_BOUND ( 'NONE', #5412, .T. ) ;
#5624 =( GEOMETRIC_REPRESENTATION_CONTEXT ( 3 ) GLOBAL_UNCERTAINTY_ASSIGNED_CONTEXT ( ( #5072 ) ) GLOBAL_UNIT_ASSIGNED_CONTEXT ( ( #1002, #2812, #2292 ) ) REPRESENTATION_CONTEXT ( 'NONE', 'WORKASPACE' ) );
#5625 = AXIS2_PLACEMENT_3D ( 'NONE', #3898, #3062, #5278 ) ;
#5626 = EDGE_CURVE ( 'NONE', #641, #1917, #5675, .T. ) ;
#5627 = VERTEX_POINT ( 'NONE', #3797 ) ;
#5628 = CIRCLE ( 'NONE', #3946, 0.4999999999999995559 ) ;
#5629 = CARTESIAN_POINT ( 'NONE',  ( -8.351217930165400816, -0.3146816060529594727, 0.0000000000000000000 ) ) ;
#5630 = DIRECTION ( 'NONE',  ( 0.0000000000000000000, 0.0000000000000000000, 1.000000000000000000 ) ) ;
#5631 = FACE_OUTER_BOUND ( 'NONE', #771, .T. ) ;
#5632 = CYLINDRICAL_SURFACE ( 'NONE', #5426, 3.399999999999999911 ) ;
#5633 = VECTOR ( 'NONE', #5257, 1000.000000000000000 ) ;
#5634 = DIRECTION ( 'NONE',  ( 0.0000000000000000000, 0.0000000000000000000, 1.000000000000000000 ) ) ;
#5635 = DIRECTION ( 'NONE',  ( 0.0000000000000000000, -9.912705577010340341E-16, -1.000000000000000000 ) ) ;
#5636 = AXIS2_PLACEMENT_3D ( 'NONE', #4762, #5126, #3753 ) ;
#5637 = ORIENTED_EDGE ( 'NONE', *, *, #2937, .F. ) ;
#5638 = CARTESIAN_POINT ( 'NONE',  ( -4.549999999999999822, 0.0000000000000000000, -5.500000000000000000 ) ) ;
#5639 = PLANE ( 'NONE',  #1769 ) ;
#5640 = CIRCLE ( 'NONE', #2781, 0.4000000000000001887 ) ;
#5641 = LINE ( 'NONE', #5701, #267 ) ;
#5642 = FACE_OUTER_BOUND ( 'NONE', #2599, .T. ) ;
#5643 = ORIENTED_EDGE ( 'NONE', *, *, #1762, .T. ) ;
#5644 = DIRECTION ( 'NONE',  ( -1.000000000000000000, -3.469446951953614978E-15, 0.0000000000000000000 ) ) ;
#5645 = VERTEX_POINT ( 'NONE', #1049 ) ;
#5646 = EDGE_CURVE ( 'NONE', #5522, #2904, #4802, .T. ) ;
#5647 = ORIENTED_EDGE ( 'NONE', *, *, #1645, .F. ) ;
#5648 = DIRECTION ( 'NONE',  ( 0.0000000000000000000, 0.0000000000000000000, 1.000000000000000000 ) ) ;
#5649 = VERTEX_POINT ( 'NONE', #566 ) ;
#5650 = EDGE_LOOP ( 'NONE', ( #5681, #2050, #5979, #4430 ) ) ;
#5651 = EDGE_CURVE ( 'NONE', #1991, #1265, #3365, .T. ) ;
#5652 =( NAMED_UNIT ( * ) SI_UNIT ( $, .STERADIAN. ) SOLID_ANGLE_UNIT ( ) );
#5653 = EDGE_CURVE ( 'NONE', #4663, #6061, #288, .T. ) ;
#5654 = DIRECTION ( 'NONE',  ( 8.131516293641278325E-17, 1.000000000000000000, 3.491481338843135327E-15 ) ) ;
#5655 = ORIENTED_EDGE ( 'NONE', *, *, #1231, .T. ) ;
#5656 = DIRECTION ( 'NONE',  ( -3.452604976458695348E-15, -1.000000000000000000, 0.0000000000000000000 ) ) ;
#5657 = DIRECTION ( 'NONE',  ( 0.0000000000000000000, 0.0000000000000000000, -1.000000000000000000 ) ) ;
#5658 = DIRECTION ( 'NONE',  ( -2.331617575237644893E-16, 1.000000000000000000, 0.0000000000000000000 ) ) ;
#5659 = ADVANCED_FACE ( 'NONE', ( #1479 ), #4457, .F. ) ;
#5660 = LINE ( 'NONE', #1866, #1405 ) ;
#5661 = ORIENTED_EDGE ( 'NONE', *, *, #4840, .T. ) ;
#5662 = LINE ( 'NONE', #1440, #5218 ) ;
#5663 = FACE_OUTER_BOUND ( 'NONE', #2959, .T. ) ;
#5664 = VECTOR ( 'NONE', #3251, 1000.000000000000000 ) ;
#5665 = ORIENTED_EDGE ( 'NONE', *, *, #3865, .T. ) ;
#5666 = EDGE_CURVE ( 'NONE', #4502, #3713, #5401, .T. ) ;
#5667 = LINE ( 'NONE', #4796, #2278 ) ;
#5668 = CARTESIAN_POINT ( 'NONE',  ( 3.250000000000000000, -0.5000000000000000000, -6.500000000000000000 ) ) ;
#5669 = PRESENTATION_LAYER_ASSIGNMENT (  '', '', ( #1137 ) ) ;
#5670 = DIRECTION ( 'NONE',  ( 3.469446951953614978E-15, 1.000000000000000000, 0.0000000000000000000 ) ) ;
#5671 = LINE ( 'NONE', #4830, #2376 ) ;
#5672 = DIRECTION ( 'NONE',  ( 0.0000000000000000000, -3.491481338843135327E-15, 1.000000000000000000 ) ) ;
#5673 = ORIENTED_EDGE ( 'NONE', *, *, #231, .F. ) ;
#5674 = VECTOR ( 'NONE', #4751, 1000.000000000000000 ) ;
#5675 = LINE ( 'NONE', #2404, #2444 ) ;
#5676 = ORIENTED_EDGE ( 'NONE', *, *, #2360, .T. ) ;
#5677 = DIRECTION ( 'NONE',  ( -1.000000000000000000, -3.469446951953614978E-15, 0.0000000000000000000 ) ) ;
#5678 = VERTEX_POINT ( 'NONE', #4748 ) ;
#5679 = EDGE_CURVE ( 'NONE', #1880, #4838, #4285, .T. ) ;
#5680 = FACE_OUTER_BOUND ( 'NONE', #971, .T. ) ;
#5681 = ORIENTED_EDGE ( 'NONE', *, *, #2491, .F. ) ;
#5682 = ORIENTED_EDGE ( 'NONE', *, *, #4934, .T. ) ;
#5683 = CARTESIAN_POINT ( 'NONE',  ( 4.911637286716000084, 9.438782136739000350, 4.703680807075000025 ) ) ;
#5684 = ORIENTED_EDGE ( 'NONE', *, *, #4508, .T. ) ;
#5685 = EDGE_CURVE ( 'NONE', #161, #1336, #137, .T. ) ;
#5686 = PLANE ( 'NONE',  #415 ) ;
#5687 = CARTESIAN_POINT ( 'NONE',  ( -3.085872574535459822, 6.500000000000000000, -4.247339220468489884 ) ) ;
#5688 = VECTOR ( 'NONE', #4119, 1000.000000000000000 ) ;
#5689 = FACE_OUTER_BOUND ( 'NONE', #4778, .T. ) ;
#5690 = CARTESIAN_POINT ( 'NONE',  ( -4.700000000000000178, -6.799999999999999822, 1.750000000000000000 ) ) ;
#5691 = SURFACE_STYLE_FILL_AREA ( #5724 ) ;
#5692 = CIRCLE ( 'NONE', #1064, 0.2999999999999999334 ) ;
#5693 = EDGE_CURVE ( 'NONE', #3527, #5739, #2898, .T. ) ;
#5694 = CARTESIAN_POINT ( 'NONE',  ( -5.350300081418200016, -8.506737538911771423, -1.000000000000000000 ) ) ;
#5695 = EDGE_CURVE ( 'NONE', #5020, #2614, #1858, .T. ) ;
#5696 = PLANE ( 'NONE',  #4404 ) ;
#5697 = EDGE_LOOP ( 'NONE', ( #422, #1304, #599, #5844 ) ) ;
#5698 = FACE_OUTER_BOUND ( 'NONE', #3253, .T. ) ;
#5699 = AXIS2_PLACEMENT_3D ( 'NONE', #3706, #3185, #5580 ) ;
#5700 = CARTESIAN_POINT ( 'NONE',  ( -3.085872574535459822, 6.500000000000000000, -4.247339220468489884 ) ) ;
#5701 = CARTESIAN_POINT ( 'NONE',  ( 2.500000000000000000, -0.5000000000000000000, -6.500000000000000000 ) ) ;
#5702 = ADVANCED_FACE ( 'NONE', ( #1155 ), #3039, .F. ) ;
#5703 = FACE_OUTER_BOUND ( 'NONE', #1140, .T. ) ;
#5704 = COLOUR_RGB ( '',0.7921568627450980005, 0.8196078431372548767, 0.9333333333333333481 ) ;
#5705 = ORIENTED_EDGE ( 'NONE', *, *, #4567, .F. ) ;
#5706 = DIRECTION ( 'NONE',  ( -8.131516293641278325E-17, -1.000000000000000000, -3.491481338843135327E-15 ) ) ;
#5707 = ORIENTED_EDGE ( 'NONE', *, *, #3458, .T. ) ;
#5708 = PLANE ( 'NONE',  #5275 ) ;
#5709 = VERTEX_POINT ( 'NONE', #3994 ) ;
#5710 = PLANE ( 'NONE',  #4863 ) ;
#5711 = ORIENTED_EDGE ( 'NONE', *, *, #4306, .F. ) ;
#5712 = AXIS2_PLACEMENT_3D ( 'NONE', #893, #2174, #4118 ) ;
#5713 = ORIENTED_EDGE ( 'NONE', *, *, #5002, .T. ) ;
#5714 = VECTOR ( 'NONE', #2018, 1000.000000000000000 ) ;
#5715 = VECTOR ( 'NONE', #4177, 1000.000000000000114 ) ;
#5716 = EDGE_LOOP ( 'NONE', ( #3486, #1299, #477, #4633 ) ) ;
#5717 = PLANE ( 'NONE',  #1586 ) ;
#5718 = CARTESIAN_POINT ( 'NONE',  ( -1.092959790949050047, -1.052423092979900110, -1.000000000000000000 ) ) ;
#5719 = VECTOR ( 'NONE', #2701, 1000.000000000000000 ) ;
#5720 = DIRECTION ( 'NONE',  ( 0.0000000000000000000, 0.0000000000000000000, -1.000000000000000000 ) ) ;
#5721 = FACE_OUTER_BOUND ( 'NONE', #885, .T. ) ;
#5722 = AXIS2_PLACEMENT_3D ( 'NONE', #4759, #5248, #1433 ) ;
#5723 = EDGE_CURVE ( 'NONE', #5960, #1424, #2640, .T. ) ;
#5724 = FILL_AREA_STYLE ('',( #1930 ) ) ;
#5725 = CARTESIAN_POINT ( 'NONE',  ( 0.0000000000000000000, -6.871681469282040489, -6.700000000000000178 ) ) ;
#5726 = VECTOR ( 'NONE', #2430, 1000.000000000000114 ) ;
#5727 = LINE ( 'NONE', #1500, #3730 ) ;
#5728 = ORIENTED_EDGE ( 'NONE', *, *, #4768, .T. ) ;
#5729 = AXIS2_PLACEMENT_3D ( 'NONE', #5850, #4021, #4825 ) ;
#5730 = FACE_OUTER_BOUND ( 'NONE', #4221, .T. ) ;
#5731 = EDGE_CURVE ( 'NONE', #5140, #5756, #1740, .T. ) ;
#5732 = DIRECTION ( 'NONE',  ( 0.0000000000000000000, 0.0000000000000000000, 1.000000000000000000 ) ) ;
#5733 = ADVANCED_FACE ( 'NONE', ( #765 ), #5467, .T. ) ;
#5734 = AXIS2_PLACEMENT_3D ( 'NONE', #4208, #4789, #2793 ) ;
#5735 = FACE_OUTER_BOUND ( 'NONE', #5450, .T. ) ;
#5736 = CARTESIAN_POINT ( 'NONE',  ( 4.250000000000000000, 5.000000000000000000, 6.000000000000000000 ) ) ;
#5737 = ORIENTED_EDGE ( 'NONE', *, *, #506, .F. ) ;
#5738 = LINE ( 'NONE', #246, #3528 ) ;
#5739 = VERTEX_POINT ( 'NONE', #889 ) ;
#5740 = CIRCLE ( 'NONE', #1109, 0.2999999999999999334 ) ;
#5741 = EDGE_CURVE ( 'NONE', #5112, #4866, #4711, .T. ) ;
#5742 = CARTESIAN_POINT ( 'NONE',  ( -4.400000000000000355, -5.000000000000000000, -5.000000000000000000 ) ) ;
#5743 = ORIENTED_EDGE ( 'NONE', *, *, #2406, .F. ) ;
#5744 = LINE ( 'NONE', #22, #3558 ) ;
#5745 = VERTEX_POINT ( 'NONE', #828 ) ;
#5746 = ORIENTED_EDGE ( 'NONE', *, *, #2246, .F. ) ;
#5747 = ORIENTED_EDGE ( 'NONE', *, *, #2943, .T. ) ;
#5748 = PLANE ( 'NONE',  #806 ) ;
#5749 = CARTESIAN_POINT ( 'NONE',  ( 0.7500000000000000000, -2.521681469282039956, -6.700000000000000178 ) ) ;
#5750 =( NAMED_UNIT ( * ) SI_UNIT ( $, .STERADIAN. ) SOLID_ANGLE_UNIT ( ) );
#5751 = PLANE ( 'NONE',  #1014 ) ;
#5752 = EDGE_LOOP ( 'NONE', ( #2223, #503, #220, #3499 ) ) ;
#5753 = CARTESIAN_POINT ( 'NONE',  ( -10.10685834705772024, -5.599999999999999645, 5.390033657499369972E-15 ) ) ;
#5754 = CARTESIAN_POINT ( 'NONE',  ( 4.400000000000000355, -5.599999999999999645, 4.956352788505150054E-15 ) ) ;
#5755 = ADVANCED_FACE ( 'NONE', ( #1344 ), #2169, .F. ) ;
#5756 = VERTEX_POINT ( 'NONE', #3566 ) ;
#5757 = CARTESIAN_POINT ( 'NONE',  ( -5.299999999999999822, -7.139230484541309707, 1.000000000000000000 ) ) ;
#5758 = DIRECTION ( 'NONE',  ( 1.000000000000000000, 0.0000000000000000000, 0.0000000000000000000 ) ) ;
#5759 = AXIS2_PLACEMENT_3D ( 'NONE', #3274, #5196, #4713 ) ;
#5760 = DIRECTION ( 'NONE',  ( -1.000000000000000000, 0.0000000000000000000, 0.0000000000000000000 ) ) ;
#5761 = CARTESIAN_POINT ( 'NONE',  ( -2.985158174559566557, 29.84695109141720692, -0.6530489085827787532 ) ) ;
#5762 = EDGE_CURVE ( 'NONE', #5352, #5177, #3735, .T. ) ;
#5763 = EDGE_CURVE ( 'NONE', #4535, #3540, #2446, .T. ) ;
#5764 = VERTEX_POINT ( 'NONE', #1215 ) ;
#5765 = EDGE_LOOP ( 'NONE', ( #1854, #69, #4062, #4803 ) ) ;
#5766 = DIRECTION ( 'NONE',  ( -1.000000000000000000, 0.0000000000000000000, 0.0000000000000000000 ) ) ;
#5767 = UNCERTAINTY_MEASURE_WITH_UNIT (LENGTH_MEASURE( 1.000000000000000082E-05 ), #6062, 'distance_accuracy_value', 'NONE');
#5768 = LINE ( 'NONE', #1453, #1636 ) ;
#5769 = ADVANCED_FACE ( 'NONE', ( #3101 ), #4151, .T. ) ;
#5770 = EDGE_CURVE ( 'NONE', #4866, #5678, #2730, .T. ) ;
#5771 = VECTOR ( 'NONE', #1720, 1000.000000000000000 ) ;
#5772 = VERTEX_POINT ( 'NONE', #4611 ) ;
#5773 = EDGE_LOOP ( 'NONE', ( #5087, #5797, #4509, #235 ) ) ;
#5774 = APPLICATION_PROTOCOL_DEFINITION ( 'draft international standard', 'automotive_design', 1998, #826 ) ;
#5775 = ORIENTED_EDGE ( 'NONE', *, *, #4222, .T. ) ;
#5776 = CARTESIAN_POINT ( 'NONE',  ( -4.400000000000000355, 4.400000000000045652, -3.250000000000000000 ) ) ;
#5777 = EDGE_CURVE ( 'NONE', #1024, #226, #1245, .T. ) ;
#5778 = CARTESIAN_POINT ( 'NONE',  ( -3.106858347057730008, 4.400000000000045652, -4.125000000000000000 ) ) ;
#5779 = FACE_OUTER_BOUND ( 'NONE', #146, .T. ) ;
#5780 = DIRECTION ( 'NONE',  ( 1.000000000000000000, 0.0000000000000000000, 9.912705577010326536E-16 ) ) ;
#5781 = ORIENTED_EDGE ( 'NONE', *, *, #993, .T. ) ;
#5782 = DIRECTION ( 'NONE',  ( 0.0000000000000000000, 3.491481338843135327E-15, -1.000000000000000000 ) ) ;
#5783 = DIRECTION ( 'NONE',  ( 0.0000000000000000000, -3.491481338843135327E-15, 1.000000000000000000 ) ) ;
#5784 = ORIENTED_EDGE ( 'NONE', *, *, #1436, .T. ) ;
#5785 = CARTESIAN_POINT ( 'NONE',  ( 0.0000000000000000000, 30.00000000000000000, 0.0000000000000000000 ) ) ;
#5786 = DIRECTION ( 'NONE',  ( 0.0000000000000000000, 3.552713678800500140E-15, -1.000000000000000000 ) ) ;
#5787 = CARTESIAN_POINT ( 'NONE',  ( -5.650300081418239806, -1.951176711514149804E-14, 1.750000000000000000 ) ) ;
#5788 = DIRECTION ( 'NONE',  ( 1.000000000000000000, 0.0000000000000000000, 0.0000000000000000000 ) ) ;
#5789 = AXIS2_PLACEMENT_3D ( 'NONE', #3326, #953, #3789 ) ;
#5790 = ORIENTED_EDGE ( 'NONE', *, *, #2052, .T. ) ;
#5791 = VERTEX_POINT ( 'NONE', #5907 ) ;
#5792 = CARTESIAN_POINT ( 'NONE',  ( -0.7500000000000000000, -0.2000000000000000111, -9.000000000000000000 ) ) ;
#5793 = ADVANCED_FACE ( 'NONE', ( #1805 ), #4997, .T. ) ;
#5794 = VECTOR ( 'NONE', #5706, 1000.000000000000000 ) ;
#5795 = DIRECTION ( 'NONE',  ( 0.0000000000000000000, 0.0000000000000000000, -1.000000000000000000 ) ) ;
#5796 = VECTOR ( 'NONE', #4239, 1000.000000000000000 ) ;
#5797 = ORIENTED_EDGE ( 'NONE', *, *, #3498, .F. ) ;
#5798 = EDGE_LOOP ( 'NONE', ( #3439, #4638, #1640, #428 ) ) ;
#5799 = VERTEX_POINT ( 'NONE', #791 ) ;
#5800 = ADVANCED_FACE ( 'NONE', ( #5973 ), #3627, .F. ) ;
#5801 = EDGE_CURVE ( 'NONE', #4858, #5893, #4122, .T. ) ;
#5802 = ORIENTED_EDGE ( 'NONE', *, *, #1736, .F. ) ;
#5803 = DIRECTION ( 'NONE',  ( 5.916456789157590292E-31, 2.042718815324829780E-45, -1.000000000000000000 ) ) ;
#5804 = LINE ( 'NONE', #1670, #1395 ) ;
#5805 = CARTESIAN_POINT ( 'NONE',  ( 0.0000000000000000000, 0.0000000000000000000, 0.0000000000000000000 ) ) ;
#5806 = CARTESIAN_POINT ( 'NONE',  ( 1.750000000000000000, 0.0000000000000000000, -4.349999999999999645 ) ) ;
#5807 = VECTOR ( 'NONE', #5542, 1000.000000000000000 ) ;
#5808 = DIRECTION ( 'NONE',  ( 0.0000000000000000000, 0.0000000000000000000, -1.000000000000000000 ) ) ;
#5809 = ADVANCED_FACE ( 'NONE', ( #4020 ), #1275, .T. ) ;
#5810 = AXIS2_PLACEMENT_3D ( 'NONE', #5753, #3817, #5635 ) ;
#5811 = ORIENTED_EDGE ( 'NONE', *, *, #2218, .T. ) ;
#5812 = VECTOR ( 'NONE', #3810, 1000.000000000000000 ) ;
#5813 = FACE_OUTER_BOUND ( 'NONE', #5603, .T. ) ;
#5814 = DIRECTION ( 'NONE',  ( -1.208110992198136104E-15, 9.912705577010330480E-16, 1.000000000000000000 ) ) ;
#5815 = ORIENTED_EDGE ( 'NONE', *, *, #2177, .F. ) ;
#5816 = CARTESIAN_POINT ( 'NONE',  ( -4.939308168483968586, -10.56596795353850915, 1.200153863164407923E-15 ) ) ;
#5817 = CIRCLE ( 'NONE', #3162, 0.5999999999999998668 ) ;
#5818 = CARTESIAN_POINT ( 'NONE',  ( 4.700000000000000178, -6.799999999999999822, -1.552058083382894945E-60 ) ) ;
#5819 = PRODUCT_DEFINITION_FORMATION_WITH_SPECIFIED_SOURCE ( 'ANY', '', #2895, .NOT_KNOWN. ) ;
#5820 = AXIS2_PLACEMENT_3D ( 'NONE', #5289, #3794, #5788 ) ;
#5821 = LINE ( 'NONE', #5406, #601 ) ;
#5822 = CARTESIAN_POINT ( 'NONE',  ( 4.163799117101000559E-16, 30.00000000000000000, 3.399999999999999911 ) ) ;
#5823 = VECTOR ( 'NONE', #2633, 1000.000000000000000 ) ;
#5824 = ORIENTED_EDGE ( 'NONE', *, *, #3249, .F. ) ;
#5825 = ORIENTED_EDGE ( 'NONE', *, *, #4231, .F. ) ;
#5826 = LINE ( 'NONE', #1690, #3965 ) ;
#5827 = PRODUCT_DEFINITION_CONTEXT ( 'detailed design', #5200, 'design' ) ;
#5828 = DIRECTION ( 'NONE',  ( -1.000000000000000000, 0.0000000000000000000, 0.0000000000000000000 ) ) ;
#5829 = VERTEX_POINT ( 'NONE', #368 ) ;
#5830 = CARTESIAN_POINT ( 'NONE',  ( 4.250000000000000000, -2.521681469282039956, -6.700000000000000178 ) ) ;
#5831 = ORIENTED_EDGE ( 'NONE', *, *, #4260, .T. ) ;
#5832 = EDGE_CURVE ( 'NONE', #4351, #4981, #2231, .T. ) ;
#5833 = ORIENTED_EDGE ( 'NONE', *, *, #3323, .F. ) ;
#5834 = SHAPE_DEFINITION_REPRESENTATION ( #2501, #3661 ) ;
#5835 = CIRCLE ( 'NONE', #5241, 0.5999999999999998668 ) ;
#5836 = ORIENTED_EDGE ( 'NONE', *, *, #5646, .F. ) ;
#5837 = LINE ( 'NONE', #5361, #3856 ) ;
#5838 = DIRECTION ( 'NONE',  ( 1.000000000000000000, 0.0000000000000000000, -9.912705577010326536E-16 ) ) ;
#5839 = FACE_OUTER_BOUND ( 'NONE', #3512, .T. ) ;
#5840 = EDGE_CURVE ( 'NONE', #12, #3954, #3659, .T. ) ;
#5841 = EDGE_CURVE ( 'NONE', #1923, #3017, #4179, .T. ) ;
#5842 = FACE_OUTER_BOUND ( 'NONE', #1675, .T. ) ;
#5843 = FACE_OUTER_BOUND ( 'NONE', #1256, .T. ) ;
#5844 = ORIENTED_EDGE ( 'NONE', *, *, #2132, .F. ) ;
#5845 = CARTESIAN_POINT ( 'NONE',  ( 4.400000000000000355, -5.000000000000000000, -5.000000000000000000 ) ) ;
#5846 = CARTESIAN_POINT ( 'NONE',  ( 4.138531103166360303, -0.5000000000000000000, -7.000000000000000000 ) ) ;
#5847 = ADVANCED_FACE ( 'NONE', ( #2885 ), #5216, .T. ) ;
#5848 = ORIENTED_EDGE ( 'NONE', *, *, #3171, .F. ) ;
#5849 = DIRECTION ( 'NONE',  ( 0.0000000000000000000, -1.000000000000000000, -4.336808689942015369E-15 ) ) ;
#5850 = CARTESIAN_POINT ( 'NONE',  ( 0.0000000000000000000, 18.00000000000000000, 0.0000000000000000000 ) ) ;
#5851 = CYLINDRICAL_SURFACE ( 'NONE', #1384, 0.5999999999999998668 ) ;
#5852 = CARTESIAN_POINT ( 'NONE',  ( 0.4000000000000000222, -2.871681469282044930, -6.500000000000000000 ) ) ;
#5853 = DIRECTION ( 'NONE',  ( 0.0000000000000000000, 0.0000000000000000000, 1.000000000000000000 ) ) ;
#5854 = EDGE_CURVE ( 'NONE', #2617, #3455, #5250, .T. ) ;
#5855 = ORIENTED_EDGE ( 'NONE', *, *, #3628, .T. ) ;
#5856 = EDGE_LOOP ( 'NONE', ( #280, #4197, #2570, #1515 ) ) ;
#5857 = PLANE ( 'NONE',  #1506 ) ;
#5858 = CIRCLE ( 'NONE', #2709, 0.8749999999999998890 ) ;
#5859 = DIRECTION ( 'NONE',  ( -1.000000000000000000, 0.0000000000000000000, 0.0000000000000000000 ) ) ;
#5860 = ORIENTED_EDGE ( 'NONE', *, *, #1541, .T. ) ;
#5861 = ORIENTED_EDGE ( 'NONE', *, *, #1546, .F. ) ;
#5862 = AXIS2_PLACEMENT_3D ( 'NONE', #4614, #4155, #6044 ) ;
#5863 = ORIENTED_EDGE ( 'NONE', *, *, #84, .T. ) ;
#5864 = ADVANCED_FACE ( 'NONE', ( #4207 ), #4761, .T. ) ;
#5865 = FACE_BOUND ( 'NONE', #1450, .T. ) ;
#5866 = AXIS2_PLACEMENT_3D ( 'NONE', #4227, #3741, #5614 ) ;
#5867 = ORIENTED_EDGE ( 'NONE', *, *, #2399, .T. ) ;
#5868 = LINE ( 'NONE', #2592, #5518 ) ;
#5869 = DIRECTION ( 'NONE',  ( -0.9396926207859093161, 0.3420201433256661039, 1.232595164407830399E-32 ) ) ;
#5870 = DIRECTION ( 'NONE',  ( 0.0000000000000000000, 1.000000000000000000, 0.0000000000000000000 ) ) ;
#5871 = CARTESIAN_POINT ( 'NONE',  ( 5.000000000000000000, -0.2999999999999999889, 5.500000000000000000 ) ) ;
#5872 = VECTOR ( 'NONE', #191, 1000.000000000000000 ) ;
#5873 = DIRECTION ( 'NONE',  ( 2.839103739574740393E-31, 0.0000000000000000000, 1.000000000000000000 ) ) ;
#5874 = ADVANCED_FACE ( 'NONE', ( #1899 ), #2354, .T. ) ;
#5875 = ORIENTED_EDGE ( 'NONE', *, *, #1581, .F. ) ;
#5876 = CARTESIAN_POINT ( 'NONE',  ( 1.750000000000000000, -0.5000000000000000000, -7.000000000000000000 ) ) ;
#5877 = LINE ( 'NONE', #4937, #3133 ) ;
#5878 = CARTESIAN_POINT ( 'NONE',  ( 4.400000000000000355, -0.5999999999999999778, 5.500000000000000000 ) ) ;
#5879 = FACE_OUTER_BOUND ( 'NONE', #1638, .T. ) ;
#5880 = LINE ( 'NONE', #2109, #995 ) ;
#5881 = ADVANCED_FACE ( 'NONE', ( #6067 ), #1865, .T. ) ;
#5882 = ADVANCED_FACE ( 'NONE', ( #5631 ), #3320, .F. ) ;
#5883 = CARTESIAN_POINT ( 'NONE',  ( 3.085872574535459822, 5.000000000000000000, 3.497339220468490328 ) ) ;
#5884 = LINE ( 'NONE', #279, #4120 ) ;
#5885 = ORIENTED_EDGE ( 'NONE', *, *, #2621, .T. ) ;
#5886 = ORIENTED_EDGE ( 'NONE', *, *, #606, .T. ) ;
#5887 = CARTESIAN_POINT ( 'NONE',  ( 3.106858347057730008, -5.599999999999999645, -4.125000000000000000 ) ) ;
#5888 = EDGE_CURVE ( 'NONE', #1917, #86, #1926, .T. ) ;
#5889 = PLANE ( 'NONE',  #3416 ) ;
#5890 = ORIENTED_EDGE ( 'NONE', *, *, #4022, .F. ) ;
#5891 = VECTOR ( 'NONE', #1989, 1000.000000000000000 ) ;
#5892 = LINE ( 'NONE', #4096, #2602 ) ;
#5893 = VERTEX_POINT ( 'NONE', #318 ) ;
#5894 = VERTEX_POINT ( 'NONE', #33 ) ;
#5895 = AXIS2_PLACEMENT_3D ( 'NONE', #3291, #5181, #976 ) ;
#5896 = DIRECTION ( 'NONE',  ( 0.0000000000000000000, -1.000000000000000000, 0.0000000000000000000 ) ) ;
#5897 = ORIENTED_EDGE ( 'NONE', *, *, #3666, .T. ) ;
#5898 = DIRECTION ( 'NONE',  ( 0.0000000000000000000, 1.000000000000000000, -1.445602896647339508E-15 ) ) ;
#5899 = CYLINDRICAL_SURFACE ( 'NONE', #802, 0.8749999999999998890 ) ;
#5900 = CARTESIAN_POINT ( 'NONE',  ( 3.085872574535459822, -10.56696795353849971, 3.497339220468490328 ) ) ;
#5901 = AXIS2_PLACEMENT_3D ( 'NONE', #5437, #5562, #397 ) ;
#5902 = CYLINDRICAL_SURFACE ( 'NONE', #4555, 0.4000000000000001887 ) ;
#5903 = ORIENTED_EDGE ( 'NONE', *, *, #3508, .T. ) ;
#5904 = CYLINDRICAL_SURFACE ( 'NONE', #3849, 0.5999999999999998668 ) ;
#5905 = CARTESIAN_POINT ( 'NONE',  ( 5.000000000000000000, -5.000000000000000000, 8.673617379884000762E-15 ) ) ;
#5906 = EDGE_CURVE ( 'NONE', #2706, #4838, #1035, .T. ) ;
#5907 = CARTESIAN_POINT ( 'NONE',  ( 1.750000000000000000, 0.0000000000000000000, -9.000000000000000000 ) ) ;
#5908 = DIRECTION ( 'NONE',  ( 3.469446951953614978E-15, 1.000000000000000000, -4.818676322157800333E-16 ) ) ;
#5909 = CIRCLE ( 'NONE', #2546, 0.5999999999999998668 ) ;
#5910 = CARTESIAN_POINT ( 'NONE',  ( 3.085872574535459822, 6.500000000000000000, 4.997339220468489884 ) ) ;
#5911 = CIRCLE ( 'NONE', #4627, 0.2999999999999999334 ) ;
#5912 = DIRECTION ( 'NONE',  ( -1.719580307488605342E-30, -7.228014483236700500E-16, 1.000000000000000000 ) ) ;
#5913 = LINE ( 'NONE', #2112, #4321 ) ;
#5914 = ORIENTED_EDGE ( 'NONE', *, *, #263, .F. ) ;
#5915 = EDGE_CURVE ( 'NONE', #5056, #3398, #433, .T. ) ;
#5916 = ADVANCED_FACE ( 'NONE', ( #61 ), #1954, .F. ) ;
#5917 = ORIENTED_EDGE ( 'NONE', *, *, #4600, .F. ) ;
#5918 = DIRECTION ( 'NONE',  ( 0.0000000000000000000, -1.000000000000000000, 0.0000000000000000000 ) ) ;
#5919 = DIRECTION ( 'NONE',  ( 0.0000000000000000000, -3.491481338843135327E-15, 1.000000000000000000 ) ) ;
#5920 = AXIS2_PLACEMENT_3D ( 'NONE', #5931, #5991, #1301 ) ;
#5921 = VECTOR ( 'NONE', #4447, 1000.000000000000000 ) ;
#5922 = CARTESIAN_POINT ( 'NONE',  ( -4.250000000000000000, 5.000000000000000000, 6.000000000000000000 ) ) ;
#5923 = ORIENTED_EDGE ( 'NONE', *, *, #1206, .F. ) ;
#5924 = CARTESIAN_POINT ( 'NONE',  ( 5.000000000000000000, -6.799999999999999822, -2.750000000000000000 ) ) ;
#5925 = VERTEX_POINT ( 'NONE', #922 ) ;
#5926 = EDGE_CURVE ( 'NONE', #4210, #3147, #3813, .T. ) ;
#5927 = ORIENTED_EDGE ( 'NONE', *, *, #2168, .T. ) ;
#5928 = AXIS2_PLACEMENT_3D ( 'NONE', #5785, #1102, #3418 ) ;
#5929 = CARTESIAN_POINT ( 'NONE',  ( -1.374882679263111918, 3.225329511257359894, -1.000000000000000000 ) ) ;
#5930 = ORIENTED_EDGE ( 'NONE', *, *, #5342, .F. ) ;
#5931 = CARTESIAN_POINT ( 'NONE',  ( 8.351217930165400816, -0.3146816060529594727, 0.0000000000000000000 ) ) ;
#5932 = FACE_OUTER_BOUND ( 'NONE', #3221, .T. ) ;
#5933 = DIRECTION ( 'NONE',  ( -0.5000000000000011102, 0.8660254037844379305, 0.0000000000000000000 ) ) ;
#5934 = CARTESIAN_POINT ( 'NONE',  ( 0.0000000000000000000, 0.0000000000000000000, 0.0000000000000000000 ) ) ;
#5935 = DIRECTION ( 'NONE',  ( -0.3420201433256665480, 0.9396926207859092051, 1.776356839400250070E-15 ) ) ;
#5936 = AXIS2_PLACEMENT_3D ( 'NONE', #453, #3914, #3716 ) ;
#5937 = ORIENTED_EDGE ( 'NONE', *, *, #4855, .F. ) ;
#5938 = LINE ( 'NONE', #1707, #310 ) ;
#5939 = FACE_OUTER_BOUND ( 'NONE', #4943, .T. ) ;
#5940 = DIRECTION ( 'NONE',  ( 0.0000000000000000000, -9.912705577010340341E-16, -1.000000000000000000 ) ) ;
#5941 = CARTESIAN_POINT ( 'NONE',  ( 2.500000000000000000, -6.871681469282040489, -6.700000000000000178 ) ) ;
#5942 = CYLINDRICAL_SURFACE ( 'NONE', #313, 0.2999999999999999334 ) ;
#5943 = DIRECTION ( 'NONE',  ( 0.0000000000000000000, -1.000000000000000000, -4.336808689942015369E-15 ) ) ;
#5944 = CYLINDRICAL_SURFACE ( 'NONE', #694, 3.399999999999999911 ) ;
#5945 = SHAPE_REPRESENTATION ( '______2.STEP', ( #2248 ), #5201 ) ;
#5946 = PLANE ( 'NONE',  #3068 ) ;
#5947 = EDGE_LOOP ( 'NONE', ( #2190, #3977, #1931, #3275 ) ) ;
#5948 = ORIENTED_EDGE ( 'NONE', *, *, #5067, .T. ) ;
#5949 = PLANE ( 'NONE',  #4165 ) ;
#5950 = ADVANCED_FACE ( 'NONE', ( #5125 ), #1008, .T. ) ;
#5951 = DIRECTION ( 'NONE',  ( -1.000000000000000000, -8.673617379884037050E-15, 0.0000000000000000000 ) ) ;
#5952 = EDGE_CURVE ( 'NONE', #4167, #2627, #4729, .T. ) ;
#5953 = VERTEX_POINT ( 'NONE', #4271 ) ;
#5954 = CARTESIAN_POINT ( 'NONE',  ( -0.7500000000000000000, -0.5000000000000000000, -7.000000000000000000 ) ) ;
#5955 = ORIENTED_EDGE ( 'NONE', *, *, #3547, .F. ) ;
#5956 = ORIENTED_EDGE ( 'NONE', *, *, #4362, .T. ) ;
#5957 = ADVANCED_FACE ( 'NONE', ( #5689 ), #4299, .F. ) ;
#5958 = CARTESIAN_POINT ( 'NONE',  ( 0.0000000000000000000, 5.000000000000000000, 0.0000000000000000000 ) ) ;
#5959 = EDGE_CURVE ( 'NONE', #2950, #1455, #580, .T. ) ;
#5960 = VERTEX_POINT ( 'NONE', #1613 ) ;
#5961 =( REPRESENTATION_RELATIONSHIP ('NONE','NONE', #3661, #5945 ) REPRESENTATION_RELATIONSHIP_WITH_TRANSFORMATION ( #3835 )SHAPE_REPRESENTATION_RELATIONSHIP( ) );
#5962 = CIRCLE ( 'NONE', #2906, 3.399999999999999911 ) ;
#5963 = CARTESIAN_POINT ( 'NONE',  ( -2.231858347057729564, -5.299999999999999822, -4.124999999999991118 ) ) ;
#5964 = DIRECTION ( 'NONE',  ( -2.203438688951874737E-17, -1.000000000000000000, 9.912705577010330480E-16 ) ) ;
#5965 = VERTEX_POINT ( 'NONE', #3495 ) ;
#5966 = ORIENTED_EDGE ( 'NONE', *, *, #2524, .T. ) ;
#5967 = SURFACE_STYLE_FILL_AREA ( #2194 ) ;
#5968 = DIRECTION ( 'NONE',  ( 0.0000000000000000000, -4.336808689942015369E-15, 1.000000000000000000 ) ) ;
#5969 = ORIENTED_EDGE ( 'NONE', *, *, #693, .F. ) ;
#5970 = PLANE ( 'NONE',  #3653 ) ;
#5971 = DIRECTION ( 'NONE',  ( -3.452604976458695348E-15, 1.000000000000000000, 1.734723475976805122E-15 ) ) ;
#5972 = VECTOR ( 'NONE', #3370, 1000.000000000000000 ) ;
#5973 = FACE_OUTER_BOUND ( 'NONE', #3186, .T. ) ;
#5974 = PLANE ( 'NONE',  #1791 ) ;
#5975 = CARTESIAN_POINT ( 'NONE',  ( 5.000000000000000000, -5.000000000000000000, 8.673617379884000762E-15 ) ) ;
#5976 = CARTESIAN_POINT ( 'NONE',  ( -3.085872574535459822, 6.500000000000000000, -4.247339220468489884 ) ) ;
#5977 = CARTESIAN_POINT ( 'NONE',  ( 4.400000000000000355, -5.599999999999999645, 5.000000000000000000 ) ) ;
#5978 = DIRECTION ( 'NONE',  ( 0.0000000000000000000, 0.0000000000000000000, 1.000000000000000000 ) ) ;
#5979 = ORIENTED_EDGE ( 'NONE', *, *, #757, .T. ) ;
#5980 = ORIENTED_EDGE ( 'NONE', *, *, #4920, .F. ) ;
#5981 = FACE_OUTER_BOUND ( 'NONE', #4144, .T. ) ;
#5982 = DIRECTION ( 'NONE',  ( 0.0000000000000000000, -3.491481338843135327E-15, 1.000000000000000000 ) ) ;
#5983 = ORIENTED_EDGE ( 'NONE', *, *, #835, .T. ) ;
#5984 = CARTESIAN_POINT ( 'NONE',  ( 5.000000000000000000, -1.701872017842029947E-14, 1.000000000000000000 ) ) ;
#5985 = ORIENTED_EDGE ( 'NONE', *, *, #3128, .F. ) ;
#5986 = ORIENTED_EDGE ( 'NONE', *, *, #2445, .F. ) ;
#5987 = ADVANCED_FACE ( 'NONE', ( #5779 ), #149, .T. ) ;
#5988 = AXIS2_PLACEMENT_3D ( 'NONE', #3719, #3164, #3126 ) ;
#5989 = DIRECTION ( 'NONE',  ( 0.0000000000000000000, 1.000000000000000000, 0.0000000000000000000 ) ) ;
#5990 = VERTEX_POINT ( 'NONE', #4870 ) ;
#5991 = DIRECTION ( 'NONE',  ( -0.9396926207859094271, 0.3420201433256661039, 0.0000000000000000000 ) ) ;
#5992 = DIRECTION ( 'NONE',  ( 0.5000000000000011102, -0.8660254037844379305, 2.478176394252575717E-16 ) ) ;
#5993 = ORIENTED_EDGE ( 'NONE', *, *, #1965, .F. ) ;
#5994 = EDGE_LOOP ( 'NONE', ( #4756, #4659, #2997, #1207, #584 ) ) ;
#5995 = CIRCLE ( 'NONE', #4016, 0.2999999999999999334 ) ;
#5996 = ADVANCED_FACE ( 'NONE', ( #5842 ), #2009, .T. ) ;
#5997 = EDGE_CURVE ( 'NONE', #2927, #3776, #2100, .T. ) ;
#5998 = LINE ( 'NONE', #5054, #3961 ) ;
#5999 = ORIENTED_EDGE ( 'NONE', *, *, #1726, .F. ) ;
#6000 = FACE_BOUND ( 'NONE', #5554, .T. ) ;
#6001 = VECTOR ( 'NONE', #4788, 1000.000000000000114 ) ;
#6002 = DIRECTION ( 'NONE',  ( 3.451902389348305348E-15, -1.000000000000000000, 4.818676322157800333E-16 ) ) ;
#6003 = CARTESIAN_POINT ( 'NONE',  ( 4.400000000000000355, -5.299999999999999822, 4.658971621194840041E-15 ) ) ;
#6004 = ADVANCED_FACE ( 'NONE', ( #2565 ), #1550, .T. ) ;
#6005 = DIRECTION ( 'NONE',  ( 9.826173185649180890E-31, -1.000000000000000000, 9.912705577010340341E-16 ) ) ;
#6006 = CARTESIAN_POINT ( 'NONE',  ( -10.10685834705772024, -5.299999999999999822, 5.000000000000000000 ) ) ;
#6007 = LINE ( 'NONE', #4556, #404 ) ;
#6008 = VECTOR ( 'NONE', #3857, 1000.000000000000000 ) ;
#6009 = ORIENTED_EDGE ( 'NONE', *, *, #170, .T. ) ;
#6010 = ORIENTED_EDGE ( 'NONE', *, *, #5452, .F. ) ;
#6011 = CIRCLE ( 'NONE', #3351, 0.7499999999999997780 ) ;
#6012 = LINE ( 'NONE', #5572, #5807 ) ;
#6013 = UNCERTAINTY_MEASURE_WITH_UNIT (LENGTH_MEASURE( 1.000000000000000082E-05 ), #3123, 'distance_accuracy_value', 'NONE');
#6014 = CIRCLE ( 'NONE', #4731, 0.2999999999999999334 ) ;
#6015 = PLANE ( 'NONE',  #168 ) ;
#6016 = AXIS2_PLACEMENT_3D ( 'NONE', #5687, #2818, #2325 ) ;
#6017 = CYLINDRICAL_SURFACE ( 'NONE', #2208, 0.5999999999999998668 ) ;
#6018 = ORIENTED_EDGE ( 'NONE', *, *, #3019, .T. ) ;
#6019 = FACE_OUTER_BOUND ( 'NONE', #4951, .T. ) ;
#6020 = AXIS2_PLACEMENT_3D ( 'NONE', #555, #1011, #2888 ) ;
#6021 = ORIENTED_EDGE ( 'NONE', *, *, #343, .F. ) ;
#6022 = AXIS2_PLACEMENT_3D ( 'NONE', #2128, #3556, #729 ) ;
#6023 =( NAMED_UNIT ( * ) SI_UNIT ( $, .STERADIAN. ) SOLID_ANGLE_UNIT ( ) );
#6024 = AXIS2_PLACEMENT_3D ( 'NONE', #968, #2785, #5145 ) ;
#6025 = CIRCLE ( 'NONE', #2167, 0.5999999999999998668 ) ;
#6026 = VERTEX_POINT ( 'NONE', #1061 ) ;
#6027 = PRODUCT_RELATED_PRODUCT_CATEGORY ( 'part', '', ( #1537 ) ) ;
#6028 = CARTESIAN_POINT ( 'NONE',  ( -5.050300081418200193, -8.506737538911771423, 2.109091035788495105 ) ) ;
#6029 = CYLINDRICAL_SURFACE ( 'NONE', #3859, 0.7499999999999997780 ) ;
#6030 = ORIENTED_EDGE ( 'NONE', *, *, #1957, .T. ) ;
#6031 = VECTOR ( 'NONE', #5475, 1000.000000000000000 ) ;
#6032 = ORIENTED_EDGE ( 'NONE', *, *, #4952, .T. ) ;
#6033 = APPLICATION_CONTEXT ( 'automotive_design' ) ;
#6034 = DIRECTION ( 'NONE',  ( 3.944304526105060428E-30, 9.912705577010340341E-16, 1.000000000000000000 ) ) ;
#6035 = AXIS2_PLACEMENT_3D ( 'NONE', #4180, #1247, #2763 ) ;
#6036 = VERTEX_POINT ( 'NONE', #3900 ) ;
#6037 = EDGE_CURVE ( 'NONE', #187, #164, #4994, .T. ) ;
#6038 = CARTESIAN_POINT ( 'NONE',  ( 0.0000000000000000000, 0.0000000000000000000, 0.0000000000000000000 ) ) ;
#6039 = EDGE_CURVE ( 'NONE', #3147, #5791, #697, .T. ) ;
#6040 = DIRECTION ( 'NONE',  ( 1.000000000000000000, 0.0000000000000000000, 0.0000000000000000000 ) ) ;
#6041 = DIRECTION ( 'NONE',  ( 0.7071067811865435759, -0.7071067811865515695, -2.468850131082278754E-15 ) ) ;
#6042 = DIRECTION ( 'NONE',  ( 1.000000000000000000, 3.452604976458695348E-15, 0.0000000000000000000 ) ) ;
#6043 = CARTESIAN_POINT ( 'NONE',  ( -4.400000000000000355, -0.2999999999999999889, -5.500000000000000000 ) ) ;
#6044 = DIRECTION ( 'NONE',  ( 0.0000000000000000000, 1.000000000000000000, 0.0000000000000000000 ) ) ;
#6045 = AXIS2_PLACEMENT_3D ( 'NONE', #4945, #1717, #189 ) ;
#6046 = DIRECTION ( 'NONE',  ( 1.000000000000000000, -2.203438688951774897E-17, 1.208110992198136104E-15 ) ) ;
#6047 = ADVANCED_FACE ( 'NONE', ( #638 ), #3929, .T. ) ;
#6048 = CARTESIAN_POINT ( 'NONE',  ( 0.0000000000000000000, 5.000000000000000000, 0.0000000000000000000 ) ) ;
#6049 = ORIENTED_EDGE ( 'NONE', *, *, #4877, .T. ) ;
#6050 = CARTESIAN_POINT ( 'NONE',  ( 2.100000000000000089, -2.871681469282044930, -6.500000000000000000 ) ) ;
#6051 = DIRECTION ( 'NONE',  ( 0.0000000000000000000, -3.491481338843135327E-15, 1.000000000000000000 ) ) ;
#6052 = DIRECTION ( 'NONE',  ( 0.0000000000000000000, 0.0000000000000000000, -1.000000000000000000 ) ) ;
#6053 = CARTESIAN_POINT ( 'NONE',  ( 0.7500000000000000000, 0.0000000000000000000, -7.000000000000000000 ) ) ;
#6054 = ORIENTED_EDGE ( 'NONE', *, *, #3172, .T. ) ;
#6055 = DIRECTION ( 'NONE',  ( -1.000000000000000000, 0.0000000000000000000, 0.0000000000000000000 ) ) ;
#6056 = ORIENTED_EDGE ( 'NONE', *, *, #2547, .F. ) ;
#6057 = DIRECTION ( 'NONE',  ( 0.0000000000000000000, 2.282438357916019743E-61, -1.000000000000000000 ) ) ;
#6058 = ORIENTED_EDGE ( 'NONE', *, *, #3399, .F. ) ;
#6059 = DIRECTION ( 'NONE',  ( 0.0000000000000000000, -4.336808689942015369E-15, 1.000000000000000000 ) ) ;
#6060 = ORIENTED_EDGE ( 'NONE', *, *, #4754, .F. ) ;
#6061 = VERTEX_POINT ( 'NONE', #2506 ) ;
#6062 =( LENGTH_UNIT ( ) NAMED_UNIT ( * ) SI_UNIT ( .MILLI., .METRE. ) );
#6063 = AXIS2_PLACEMENT_3D ( 'NONE', #811, #5479, #2687 ) ;
#6064 = ORIENTED_EDGE ( 'NONE', *, *, #1350, .F. ) ;
#6065 = DIRECTION ( 'NONE',  ( 0.0000000000000000000, -1.000000000000000000, -3.491481338843135327E-15 ) ) ;
#6066 = CARTESIAN_POINT ( 'NONE',  ( 5.000000000000000000, 1.858464793533489822E-14, 2.750000000000000000 ) ) ;
#6067 = FACE_OUTER_BOUND ( 'NONE', #1723, .T. ) ;
#6068 =( GEOMETRIC_REPRESENTATION_CONTEXT ( 3 ) GLOBAL_UNCERTAINTY_ASSIGNED_CONTEXT ( ( #2181 ) ) GLOBAL_UNIT_ASSIGNED_CONTEXT ( ( #3383, #583, #2823 ) ) REPRESENTATION_CONTEXT ( 'NONE', 'WORKASPACE' ) );
#6069 = DIRECTION ( 'NONE',  ( 0.5000000000000011102, -0.8660254037844379305, 0.0000000000000000000 ) ) ;
#6070 = EDGE_CURVE ( 'NONE', #5791, #4318, #1092, .T. ) ;
#6071 = DIRECTION ( 'NONE',  ( -3.452604976458695348E-15, 1.000000000000000000, 2.282438357916019743E-61 ) ) ;
#6072 = FACE_OUTER_BOUND ( 'NONE', #3850, .T. ) ;
#6073 = VECTOR ( 'NONE', #3110, 1000.000000000000000 ) ;
#6074 = FACE_OUTER_BOUND ( 'NONE', #4837, .T. ) ;
#6075 = ORIENTED_EDGE ( 'NONE', *, *, #4368, .F. ) ;
#6076 = CARTESIAN_POINT ( 'NONE',  ( 10.10685834705772024, 5.050300081418249931, 5.000000000000000000 ) ) ;
#6077 = EDGE_CURVE ( 'NONE', #1754, #2950, #2036, .T. ) ;
#6078 = CARTESIAN_POINT ( 'NONE',  ( 4.250000000000000000, 0.0000000000000000000, -9.000000000000000000 ) ) ;
#6079 = EDGE_CURVE ( 'NONE', #3769, #701, #3469, .T. ) ;
#6080 = VECTOR ( 'NONE', #5859, 1000.000000000000000 ) ;
#6081 = CARTESIAN_POINT ( 'NONE',  ( -4.400000000000000355, -5.000000000000000000, -2.213940418823854728 ) ) ;
#6082 = DIRECTION ( 'NONE',  ( 1.000000000000000000, 0.0000000000000000000, 0.0000000000000000000 ) ) ;
#6083 = ORIENTED_EDGE ( 'NONE', *, *, #3577, .T. ) ;
#6084 = FACE_OUTER_BOUND ( 'NONE', #2688, .T. ) ;
#6085 = ORIENTED_EDGE ( 'NONE', *, *, #2473, .F. ) ;
#6086 = EDGE_CURVE ( 'NONE', #3057, #1367, #2448, .T. ) ;
#6087 = EDGE_LOOP ( 'NONE', ( #4836, #4651, #2431, #5863, #1522, #5781, #3183, #3016, #5728 ) ) ;
#6088 = VERTEX_POINT ( 'NONE', #667 ) ;
#6089 = EDGE_LOOP ( 'NONE', ( #2890, #1826, #1798, #4913 ) ) ;
#6090 =( LENGTH_UNIT ( ) NAMED_UNIT ( * ) SI_UNIT ( .MILLI., .METRE. ) );
#6091 = CARTESIAN_POINT ( 'NONE',  ( -5.000000000000000000, -6.799999999999999822, 5.898059818321149643E-15 ) ) ;
#6092 = ORIENTED_EDGE ( 'NONE', *, *, #915, .F. ) ;
#6093 = DIRECTION ( 'NONE',  ( 0.0000000000000000000, 1.000000000000000000, 0.0000000000000000000 ) ) ;
#6094 = NEXT_ASSEMBLY_USAGE_OCCURRENCE ( 'NAUO1', ' ', ' ', #4585, #568, $ ) ;
#6095 = NEXT_ASSEMBLY_USAGE_OCCURRENCE ( 'NAUO2', ' ', ' ', #568, #1565, $ ) ;
#6096 = NEXT_ASSEMBLY_USAGE_OCCURRENCE ( 'NAUO3', ' ', ' ', #568, #2015, $ ) ;
#6097 = NEXT_ASSEMBLY_USAGE_OCCURRENCE ( 'NAUO4', ' ', ' ', #568, #5560, $ ) ;
ENDSEC;
END-ISO-10303-21;
